word,count,tier
the,23135851162,1
of,13151942776,1
and,12997637966,1
to,12136980858,1
in,8469404971,1
for,5933321709,1
is,4705743816,1
on,3750423199,1
that,3400031103,1
by,3350048871,1
this,3228469771,1
with,3183110675,1
you,2996181025,1
it,2813163874,1
not,2633487141,1
or,2590739907,1
be,2398724162,1
are,2393614870,1
from,2275595356,1
at,2272272772,1
as,2247431740,1
your,2062066547,1
all,2022459848,1
have,1564202750,1
new,1551258643,1
more,1544771673,1
an,1518266684,1
was,1483428678,1
we,1390661912,1
will,1356293641,1
home,1276852170,1
can,1242323499,1
us,1229112622,1
about,1226734006,1
if,1134987907,1
page,1082121730,1
my,1059793441,1
has,1046319984,1
search,1024093118,1
free,1014107316,1
but,999899654,1
our,998757982,1
one,993536631,1
other,978481319,1
do,950751722,1
no,937112320,1
time,908705570,1
they,883223816,1
site,844310242,1
he,842847219,1
up,829969374,1
may,827822032,1
what,812395582,1
which,810514085,1
their,782849411,1
news,755424983,1
out,741601852,1
use,719980257,1
any,710741293,1
there,701170205,1
see,681410380,1
only,661844114,1
so,661809559,1
his,660177731,1
when,650621178,1
contact,645824184,1
here,639711198,1
who,630927278,1
web,619571575,1
also,616829742,1
now,611387736,1
help,611054034,1
get,605984508,1
view,602279334,1
online,601317059,1
first,578161543,1
am,576436203,1
been,575019382,1
would,572644147,1
how,571848080,1
were,570699558,1
me,566617666,1
some,548829454,1
these,541003982,1
click,536746424,1
its,525627757,1
like,520585287,1
service,519537222,1
than,502609275,1
find,502043038,1
price,501651226,1
date,488967374,1
back,488024109,1
top,484213771,1
people,480303376,1
had,480232730,1
list,472590641,1
name,464532702,1
just,462836169,1
over,459222855,1
state,453104133,1
year,451092583,1
day,446236148,1
into,445315294,1
email,443949646,1
two,441398439,1
health,440416431,1
world,431934249,1
re,430847564,1
next,425903347,1
used,421438139,1
go,421086358,1
work,419483948,1
last,417601616,1
most,416210411,1
music,414028837,1
buy,410780176,1
data,406908328,1
make,405084642,1
them,403000411,1
should,402028056,1
product,399116355,1
system,396975018,1
post,392956436,1
her,391961061,1
city,390564835,1
add,387231739,1
policy,384401868,1
number,383787805,1
such,380725892,1
please,380046348,1
support,373512569,1
message,373081242,1
after,372948094,1
best,371852748,1
then,369928941,1
good,365796396,1
video,365410017,1
well,362082755,1
where,360468339,1
info,352363058,1
rights,352051342,1
public,349286123,1
books,347710184,1
high,345413157,1
school,343057316,1
through,342373303,1
each,340892856,1
links,339926541,1
she,339171382,1
review,339067778,1
years,337841309,1
order,336631187,1
very,334923368,1
privacy,333272427,1
book,330959949,1
items,330505325,1
company,324272258,1
read,322331766,1
group,321842984,1
sex,320105999,1
need,319376932,1
many,318966441,1
user,316446229,1
said,315595259,1
de,314593284,1
does,314018806,1
set,313469591,1
under,313296421,1
general,311757793,1
mail,310337185,1
full,309929179,1
map,309676581,1
reviews,307684103,1
program,306686983,1
life,306559205,1
know,306100813,1
games,305930896,1
way,305515604,1
days,305147791,1
part,302729303,1
could,302311431,1
great,301487430,1
united,299280163,1
hotel,297974790,1
real,297674493,1
item,296534935,1
center,294319118,1
must,292774716,1
store,291308910,1
travel,287719294,1
made,287353021,1
report,286237372,1
off,284035693,1
member,283858893,1
details,280827841,1
line,280009597,1
terms,277705910,1
before,277546019,1
hotels,275510917,1
did,275369513,1
send,274103587,1
right,273620358,1
type,272336859,1
because,271323986,1
local,270742935,1
those,270014141,1
using,269448880,1
results,268180843,1
office,266789622,1
car,264720374,1
design,264448339,1
take,264349801,1
posted,263851272,1
address,261872866,1
within,261390908,1
states,260937015,1
area,259871557,1
want,258690345,1
phone,256643812,1
subject,256217838,1
between,255436698,1
forum,254478181,1
family,254164055,1
long,252519588,1
based,252405204,1
code,250245121,1
show,247541986,1
even,245697701,1
black,244690155,1
check,244491090,1
special,244311841,1
prices,243435728,1
website,242876222,1
index,242826246,1
being,242783091,1
women,242520455,1
much,242326300,1
sign,242290578,1
file,241864251,1
link,240402653,1
open,239670331,1
today,239271204,1
south,238581133,1
case,235563000,1
project,235262594,1
same,234822585,1
pages,234001114,1
version,232445953,1
section,232251956,1
own,232011723,1
found,232005894,1
sports,231864260,1
house,231310420,1
related,231127472,1
both,228648541,1
county,227567373,1
photo,227125249,1
game,227111505,1
members,226656153,1
power,226596368,1
while,226194991,1
care,225326739,1
network,225218991,1
down,224915894,1
systems,223555915,1
three,223417394,1
total,222649459,1
place,220970235,1
end,220812328,1
him,219516023,1
without,219190105,1
per,218945655,1
access,217986984,1
think,217856550,1
north,217809513,1
current,216987137,1
posts,216822128,1
big,216690546,1
media,216432510,1
law,216122487,1
control,215560453,1
water,215178488,1
history,215000515,1
size,214844153,1
art,214702696,1
since,214302926,1
guide,213378807,1
shop,212793848,1
board,212361059,1
change,210601244,1
white,209863729,1
text,208780080,1
small,208371878,1
rating,207858692,1
rate,207634179,1
during,206364495,1
return,205629763,1
account,203611349,1
times,202950880,1
sites,202755734,1
level,202563642,1
digital,202346767,1
profile,201854745,1
form,201395192,1
events,201235454,1
love,201063526,1
old,199694226,1
john,199642644,1
main,199616754,1
call,199608869,1
hours,198242904,1
image,197874283,1
title,196676017,1
non,196109547,1
another,192535750,1
why,192000672,1
shall,191963867,1
class,191087771,1
still,190433487,1
money,190205072,1
quality,189509533,1
every,189325890,1
listing,188985252,1
content,188880495,1
country,188691168,1
private,187885878,1
little,187142519,1
visit,187062316,1
save,186091095,1
tools,185555874,1
low,184815478,1
reply,184777992,1
compare,183202885,1
movies,182739567,1
include,182579275,1
college,182545426,1
value,182061247,1
article,181969355,1
york,181556155,1
man,181445531,1
card,181387042,1
jobs,181075605,1
provide,181040994,1
food,180144029,1
source,179963886,1
author,179813446,1
press,179652730,1
learn,179428286,1
sale,179224570,1
around,178810033,1
print,178250872,1
course,177976652,1
job,177706929,1
canada,177153952,1
process,176829177,1
teen,176301486,1
room,176299905,1
stock,176295589,1
too,176093255,1
credit,175916536,1
point,175527859,1
join,174297802,1
science,174232809,1
men,174058407,1
west,173346868,1
sales,173244220,1
look,173043002,1
english,172371546,1
left,171752631,1
team,171687825,1
estate,169256248,1
box,169231297,1
select,168673045,1
windows,168532149,1
photos,167827453,1
gay,167587791,1
thread,167518537,1
week,167202060,1
note,166657334,1
live,166005029,1
large,165863763,1
gallery,165671626,1
table,165341452,1
however,163957176,1
market,162390150,1
library,162076395,1
really,162033390,1
action,162023431,1
start,161913408,1
series,161518557,1
model,161205740,1
air,160850401,1
plan,160746244,1
human,160573748,1
yes,159595214,1
second,159343399,1
hot,159287179,1
cost,158887256,1
movie,158421100,1
forums,158410645,1
march,158281269,1
la,157960401,1
better,157079378,1
say,156845267,1
yahoo,155733641,1
going,155284081,1
medical,155254497,1
test,154999587,1
friend,154527125,1
come,154326119,1
server,153788544,1
study,152978354,1
cart,152155277,1
staff,151553180,1
san,151350397,1
again,150781416,1
play,150748333,1
looking,150610176,1
issues,150106274,1
never,149556758,1
users,149320234,1
street,149130754,1
topic,149001702,1
comment,148628729,1
things,147969893,1
working,147675944,1
against,147259825,1
tax,146906651,1
person,146749448,1
below,145701629,1
mobile,145490029,1
less,145430147,1
got,145057782,1
blog,145041426,1
party,144707500,1
payment,144646164,1
login,144200144,1
student,143590165,1
let,143062438,1
offers,142087909,1
legal,142048771,1
above,141894620,1
recent,141765729,1
park,141548802,1
stores,141210433,1
side,141155373,1
act,141076205,1
problem,141012024,1
red,140799532,1
give,140688602,1
memory,140479833,1
social,139566375,1
august,139459917,1
quote,139242226,1
story,138433809,1
sell,137696613,1
options,137679195,1
rates,137089538,1
create,137071122,1
key,136862835,1
body,136560842,1
young,136341684,1
field,135289140,1
few,135132664,1
east,135037085,1
paper,134939426,1
single,134754203,1
age,132725767,1
club,132428495,1
example,132369252,1
girls,132325396,1
latest,131952173,1
road,131800620,1
gift,131417909,1
changes,130570251,1
night,130531484,1
hard,130054708,1
texas,129399241,1
pay,129198530,1
four,129167110,1
poker,129054826,1
status,128994593,1
browse,128740445,1
issue,128427156,1
range,128314924,1
seller,127768853,1
court,127719981,1
always,127634767,1
result,127425045,1
audio,127014703,1
light,126699632,1
write,126645151,1
war,126517399,1
offer,126228968,1
blue,126160941,1
groups,125814267,1
al,125787543,1
easy,125548527,1
given,125542966,1
files,125524478,1
event,125515260,1
release,125340846,1
request,124620318,1
fax,124500817,1
china,124472054,1
making,124198695,1
picture,124116581,1
needs,123595776,1
might,123196001,1
yet,123160529,1
month,123027963,1
major,122592252,1
star,122498186,1
areas,121986327,1
future,121844371,1
space,121505269,1
hand,121296661,1
sun,121218500,1
cards,121094522,1
meeting,120814306,1
become,120495036,1
id,119974321,1
child,119747393,1
keep,119602514,1
enter,119394206,1
porn,119294962,1
share,119294241,1
similar,119150817,1
garden,119014988,1
schools,118978625,1
million,118818608,1
added,118410414,1
listed,117951402,1
baby,117696064,1
energy,117451031,1
run,117213565,1
net,116883588,1
popular,116495721,1
term,116282824,1
film,116097842,1
stories,115504667,1
put,115205090,1
journal,114532201,1
reports,114515959,1
try,114384208,1
welcome,114025350,1
central,113841948,1
images,113788074,1
notice,113691786,1
god,113624357,1
head,113316224,1
radio,113285624,1
until,113090086,1
cell,113067567,1
color,112965658,1
self,112902176,1
council,112893718,1
away,112837472,1
track,112385243,1
archive,111971865,1
once,111882023,1
others,111397714,1
format,111279626,1
least,111229798,1
society,111199035,1
months,111192257,1
log,111170350,1
safety,111064464,1
friends,110732827,1
sure,110528740,1
trade,110086585,1
edition,110051463,1
cars,109717836,1
tell,109553730,1
further,109528141,1
updated,109504766,1
able,109389038,1
having,109360096,1
fun,108389630,1
already,108324565,1
green,108287905,1
studies,108024858,1
close,107853068,1
common,107839275,1
drive,107799371,1
several,107589584,1
gold,107497778,1
living,107215961,1
called,106978150,1
short,106755242,1
arts,106466033,1
lot,106405208,1
ask,106400213,1
display,106342539,1
limited,106154969,1
powered,106119933,1
means,105946662,1
daily,105837757,1
beach,105642682,1
past,105625616,1
natural,105101771,1
whether,105014961,1
due,104908310,1
et,104251062,1
five,104165769,1
upon,103921220,1
period,103906182,1
says,103697915,1
weather,103331913,1
mar,103203080,1
land,103132933,1
average,102837602,1
done,102812628,1
window,102711715,1
pro,102580860,1
region,102552342,1
island,102316998,1
record,102234743,1
direct,102234090,1
records,101771329,1
st,101338951,1
costs,101090970,1
style,101024266,1
front,100886343,1
update,100765188,1
parts,100637505,1
ever,100264634,1
early,100013194,1
miles,100012522,1
sound,100010833,1
present,99420744,1
either,99143011,1
ago,98839705,1
word,98671341,1
works,98581698,1
bill,98494166,1
written,98056850,1
talk,97850837,1
federal,97837595,1
hosting,97747750,1
rules,97658641,1
final,97649084,1
adult,97583096,1
tickets,97561755,1
thing,97451660,1
centre,97258243,1
via,97167128,1
cheap,97049762,1
nude,96733793,1
kids,96602880,1
finance,96554164,1
true,96269550,1
minutes,96242209,1
else,96020036,1
mark,95606752,1
third,95489240,1
rock,95488543,1
gifts,95412416,1
reading,95289449,1
topics,95132338,1
bad,95096787,1
tips,94800899,1
plus,94730251,1
auto,94700371,1
cover,94501729,1
usually,94477370,1
edit,94159529,1
videos,94069113,1
percent,94036312,1
fast,93941472,1
fact,93807963,1
unit,93714361,1
getting,93483319,1
global,93450595,1
tech,93401669,1
meet,93275872,1
far,93061804,1
en,92803600,1
player,92709785,1
lyrics,92579731,1
often,92551460,1
submit,92431559,1
amount,92039679,1
watch,92006970,1
feel,91924001,1
though,91905891,1
bank,91559349,1
risk,91486135,1
thanks,91398411,1
deals,91189968,1
various,91156139,1
words,90910143,1
linux,90854231,1
james,90535679,1
weight,90506560,1
town,90478880,1
heart,90249265,1
choose,90010174,1
points,89780234,1
error,89396475,1
camera,89324930,1
jun,89154690,1
girl,89139125,1
toys,88712797,1
clear,88447610,1
golf,88332962,1
receive,88328938,1
domain,88097391,1
methods,87897688,1
chapter,87882874,1
makes,87829598,1
loan,87785549,1
wide,87661475,1
beauty,87572240,1
manager,87441704,1
india,87391857,1
taken,87019836,1
sort,86985936,1
models,86573186,1
michael,86527408,1
known,86395556,1
half,86290420,1
cases,86255673,1
step,86147277,1
simple,85617922,1
quick,85584600,1
none,85523201,1
license,85326896,1
paul,85262640,1
lake,85241485,1
whole,85202530,1
annual,85043687,1
later,84857974,1
basic,84840226,1
shows,84804638,1
google,84568679,1
church,84556943,1
method,84399520,1
active,84084764,1
figure,83949754,1
fire,83845349,1
holiday,83671730,1
chat,83625620,1
enough,83592616,1
along,83444756,1
among,83431590,1
death,83216831,1
writing,83166717,1
speed,83135749,1
loss,83015916,1
face,82807978,1
brand,82807581,1
higher,82515596,1
effects,82399410,1
created,82342853,1
oil,82178167,1
bit,82113875,1
yellow,82024459,1
kingdom,81913366,1
base,81894680,1
near,81652767,1
thought,81561217,1
stuff,81444510,1
french,81396759,1
storage,81320471,1
oh,81258789,1
japan,81110725,1
doing,80821946,1
loans,80821333,1
shoes,80755612,1
entry,80717798,1
stay,80694073,1
nature,80659036,1
orders,80605361,1
summary,80526622,1
turn,80328029,1
mean,80312172,1
growth,79998480,1
notes,79958318,1
agency,79915539,1
king,79791224,1
copy,79615682,1
drug,79424420,1
pics,79323162,1
western,79255339,1
income,79240506,1
force,79199815,1
cash,79172952,1
overall,78992643,1
bay,78967124,1
river,78843808,1
ad,78774169,1
package,78421168,1
seen,78365291,1
players,78292986,1
engine,78078059,1
port,78051775,1
album,77914316,1
stop,77749471,1
started,77515342,1
bar,77375075,1
views,77333335,1
plans,77295630,1
double,77287578,1
dog,77271631,1
build,77203075,1
screen,77183863,1
types,77070740,1
soon,77038135,1
lines,76806341,1
across,76597151,1
needed,76528079,1
season,76445684,1
apply,76341478,1
someone,76212141,1
held,76100888,1
ny,75993177,1
printer,75976795,1
believe,75918053,1
effect,75594829,1
asked,75532722,1
mind,75393868,1
casino,74796251,1
lost,74748656,1
tour,74702459,1
menu,74359141,1
volume,74283471,1
cross,74230978,1
anyone,74170036,1
hope,74145758,1
silver,74073467,1
wish,74043644,1
inside,74026748,1
mature,73877124,1
role,73689002,1
rather,73664932,1
weeks,73571749,1
came,73286694,1
supply,73220509,1
nothing,73183983,1
certain,73108213,1
running,72879426,1
lower,72606927,1
union,72603888,1
jewelry,72576719,1
mon,72427611,1
fine,71972425,1
names,71918906,1
hour,71765763,1
gas,71518871,1
skills,71383598,1
six,71366336,1
bush,71289039,1
islands,71269325,1
advice,71268723,1
career,71248807,1
rental,71013577,1
leave,70957750,1
teens,70859771,1
pre,70832130,1
huge,70639535,1
sat,70639358,1
woman,70613606,1
zip,70551270,1
bid,70427114,1
kind,70420316,1
sellers,70277573,1
middle,70164946,1
move,70113140,1
cable,70082598,1
taking,69997427,1
values,69946284,1
coming,69889118,1
object,69819261,1
lesbian,69734771,1
machine,69665958,1
logo,69529976,1
length,69469598,1
nice,69395609,1
score,69315004,1
client,69189527,1
ok,69066566,1
returns,69062618,1
capital,68991999,1
follow,68982994,1
sample,68957421,1
sent,68854520,1
shown,68755779,1
culture,68606429,1
band,68569061,1
flash,68391647,1
lead,68325439,1
choice,68222335,1
went,68130142,1
courses,67731716,1
hi,67566273,1
airport,67473261,1
foreign,67443436,1
artist,67421654,1
outside,67415846,1
levels,67360843,1
channel,67352673,1
letter,67339854,1
mode,67315364,1
phones,67311992,1
ideas,67309657,1
fund,67128807,1
summer,67102388,1
allow,67052567,1
degree,67029686,1
button,66811153,1
wed,66796198,1
homes,66753480,1
super,66703287,1
male,66638842,1
matter,66632805,1
custom,66594716,1
almost,66395121,1
took,66297175,1
located,66249627,1
editor,66014490,1
inn,66007529,1
cause,65904680,1
song,65832126,1
los,65682137,1
focus,65626732,1
late,65574606,1
fall,65501110,1
idea,65459222,1
rooms,65453403,1
female,65407567,1
win,65264239,1
primary,65139325,1
cancer,65078084,1
numbers,65077140,1
reason,65066679,1
tool,65009731,1
browser,64824987,1
spring,64814116,1
answer,64649558,1
voice,64600528,1
purpose,64314952,1
feature,64288914,1
bed,64262881,1
comes,64256803,1
police,64198152,1
cameras,64153502,1
brown,64112042,1
hill,64008398,1
maps,63947745,1
deal,63828244,1
hold,63777575,1
ratings,63776951,1
forms,63561604,1
glass,63559754,1
happy,63471922,1
smith,63357901,1
wanted,63301836,1
thank,63234550,1
safe,63168116,1
unique,63116899,1
survey,62994830,1
prior,62949059,1
sport,62683851,1
ready,62667516,1
feed,62663785,1
animal,62566660,1
sources,62557801,1
pa,62377151,1
regular,62308697,1
secure,62287766,1
ass,62060498,1
simply,62012991,1
station,61892291,1
round,61836702,1
option,61717435,1
master,61704297,1
valley,61694845,1
rentals,61539280,1
sea,61532852,1
built,61502894,1
blood,61348302,1
cut,61337417,1
improve,61305614,1
hall,61265768,1
larger,61265757,1
anti,61227238,1
earth,61059905,1
parents,61036269,1
impact,61017528,1
kitchen,60975784,1
strong,60969207,1
tel,60827708,1
wedding,60758332,1
ground,60679179,1
ship,60649546,1
owners,60580709,1
disease,60540973,1
paid,60294928,1
perfect,60179071,1
hair,60054650,1
kit,59963349,1
classic,59957722,1
basis,59901425,1
command,59870370,1
cities,59809444,1
william,59804374,1
express,59797675,1
anal,59776241,1
award,59652161,1
tree,59622952,1
peter,59541743,1
ensure,59507606,1
thus,59447388,1
wall,59430375,1
el,59377718,1
extra,59377307,1
pussy,59206591,1
budget,59106421,1
rated,59102029,1
guides,59094266,1
success,58986603,1
maximum,58933430,1
ma,58908038,1
quite,58777731,1
boy,58664244,1
amazon,58657636,1
warning,58498692,1
wine,58491725,1
horse,58453720,1
vote,58387028,1
forward,58382492,1
flowers,58374976,1
stars,58352743,1
lists,58249254,1
owner,58189056,1
retail,58185466,1
animals,58178554,1
useful,58144584,1
ways,58114465,1
est,58112143,1
son,58094311,1
rule,57912422,1
mac,57875961,1
housing,57790060,1
takes,57784233,1
bring,57608074,1
catalog,57567413,1
max,57481472,1
trying,57462639,1
mother,57432704,1
told,57248600,1
traffic,57241247,1
joined,57202778,1
input,57191675,1
feet,57146840,1
agent,57103658,1
valid,57094711,1
bin,57076312,1
modern,57030009,1
senior,56934903,1
sexy,56756180,1
door,56638839,1
grand,56599468,1
testing,56564005,1
trial,56547673,1
charge,56542418,1
units,56512308,1
instead,56499843,1
cool,56471180,1
normal,56442762,1
wrote,56421594,1
ships,56365355,1
entire,56284017,1
leading,56201501,1
metal,56181783,1
fitness,56063953,1
chinese,56057597,1
opinion,56038634,1
uses,55842334,1
output,55819696,1
funds,55721876,1
greater,55673859,1
likely,55669441,1
develop,55611036,1
artists,55504730,1
java,55360149,1
guest,55293215,1
seems,55276661,1
pass,55189682,1
trust,55157142,1
van,55147325,1
session,55143498,1
fees,54965019,1
century,54929645,1
skin,54789622,1
ads,54513834,1
mary,54418499,1
ring,54342432,1
grade,54275130,1
dating,54274405,1
pacific,54257643,1
pop,54140138,1
filter,54106694,1
mailing,54096391,1
vehicle,54079229,1
longer,54063969,1
int,54000221,1
behind,53824933,1
panel,53784382,1
floor,53759851,1
german,53710784,1
buying,53534781,1
match,53532481,1
default,53511683,1
require,53495303,1
boys,53464587,1
outdoor,53462150,1
deep,53447410,1
morning,53444032,1
allows,53352976,1
rest,53312008,1
protein,53253798,1
plant,53247607,1
hit,53171478,1
mm,53083729,1
pool,53046994,1
mini,53025248,1
partner,52979810,1
authors,52891750,1
boards,52877471,1
faculty,52815755,1
parties,52799552,1
fish,52756224,1
mission,52716319,1
eye,52688696,1
string,52681344,1
sense,52629633,1
pack,52556205,1
stage,52518330,1
goods,52507183,1
born,52452012,1
unless,52436419,1
race,52297214,1
target,52199865,1
except,52183597,1
ability,52004289,1
maybe,51895609,1
ed,51788932,1
moving,51765877,1
brands,51697361,1
places,51696304,1
pretty,51621090,1
spain,51553238,1
winter,51483174,1
rape,51454053,1
battery,51449559,1
youth,51426255,1
boston,51387258,1
incest,51357793,1
debt,51349877,1
medium,51330557,1
core,51244541,1
break,51242970,1
sets,51156220,1
dance,51147967,1
wood,51130555,1
itself,51076716,1
defined,51033173,1
papers,51024682,1
playing,51019438,1
awards,50973666,1
fee,50931988,1
studio,50913495,1
reader,50887864,1
virtual,50843671,1
device,50819909,1
answers,50800782,1
rent,50767076,1
las,50701997,1
remote,50683428,1
dark,50669807,1
apple,50551171,1
offered,50347350,1
theory,50276653,1
enjoy,50141455,1
remove,50036200,1
aid,50022454,1
surface,50022259,1
minimum,50001652,1
visual,49969150,1
host,49918570,1
variety,49844591,1
martin,49699093,1
manual,49698346,1
block,49694725,1
agents,49551303,1
repair,49513286,1
fair,49510931,1
civil,49495349,1
steel,49452604,1
songs,49272598,1
fixed,49215402,1
wrong,49156828,1
hands,49087727,1
finally,48999091,1
updates,48858672,1
desktop,48850257,1
classes,48836974,1
paris,48831449,1
gets,48807490,1
sector,48746882,1
jersey,48658750,1
un,48651550,1
fat,48646296,1
fully,48616832,1
father,48580528,1
saw,48544776,1
quotes,48490497,1
officer,48483165,1
driver,48463463,1
dead,48384167,1
respect,48329678,1
unknown,48325930,1
mike,48202721,1
trip,48175593,1
pst,48137341,1
worth,48075237,1
mi,48073394,1
poor,48053008,1
teacher,48002944,1
eyes,47975295,1
workers,47954144,1
farm,47934860,1
fucking,47911964,1
peace,47856201,1
campus,47827531,1
tom,47775300,1
showing,47745287,1
coast,47716394,1
benefit,47703520,1
funding,47661725,1
devices,47613452,1
lord,47612536,1
grant,47609624,1
sub,47588521,1
agree,47500911,1
fiction,47449450,1
hear,47426506,1
watches,47364531,1
careers,47344388,1
beyond,47315243,1
goes,47278206,1
led,47211631,1
museum,47195123,1
fan,47045446,1
blogs,46978262,1
wife,46946408,1
former,46917563,1
ten,46907473,1
hits,46901429,1
zone,46897368,1
complex,46865979,1
cat,46839855,1
die,46745446,1
jack,46728329,1
flat,46688059,1
flow,46684251,1
parent,46516265,1
setting,46347305,1
scale,46307526,1
stand,46292709,1
economy,46236766,1
highest,46234721,1
helpful,46208737,1
monthly,46198876,1
frame,46079991,1
musical,46057216,1
path,45905830,1
chief,45699591,1
gives,45649146,1
bottom,45598411,1
detail,45494334,1
laws,45454173,1
changed,45453557,1
pet,45445524,1
heard,45436523,1
begin,45434902,1
royal,45407189,1
clean,45381752,1
switch,45332755,1
largest,45314848,1
guy,45286019,1
titles,45271886,1
justice,45145293,1
connect,45133501,1
bible,45080741,1
dev,45047619,1
cup,45032014,1
basket,45023597,1
applied,44960208,1
weekly,44953365,1
vol,44946800,1
demand,44858110,1
suite,44829675,1
vegas,44810653,1
na,44784650,1
square,44784448,1
advance,44738913,1
skip,44681366,1
diet,44674077,1
army,44670729,1
auction,44619724,1
gear,44569745,1
lee,44561701,1
os,44556124,1
allowed,44526131,1
correct,44467948,1
nation,44429644,1
selling,44375770,1
lots,44361090,1
piece,44298807,1
sheet,44295187,1
firm,44244364,1
seven,44224906,1
older,44222089,1
species,44159268,1
jump,44137441,1
cells,44128080,1
module,44127294,1
resort,44118980,1
random,44038489,1
pricing,44026683,1
motion,43927084,1
looks,43897035,1
fashion,43883676,1
monitor,43848202,1
trading,43706094,1
forest,43667070,1
calls,43661633,1
whose,43634263,1
couple,43578199,1
giving,43506778,1
chance,43461638,1
vision,43425570,1
ball,43399906,1
ending,43310674,1
clients,43278784,1
actions,43258456,1
listen,43252527,1
discuss,43208309,1
accept,43171429,1
naked,43110969,1
goal,43074829,1
sold,42979181,1
wind,42974876,1
markets,42867375,1
lowest,42865965,1
highly,42857273,1
appear,42801104,1
lives,42750046,1
leather,42714053,1
milf,42647845,1
palm,42631203,1
patient,42560499,1
actual,42552937,1
stone,42494931,1
bob,42494016,1
perhaps,42450144,1
persons,42436349,1
fit,42342802,1
tests,42336117,1
village,42335952,1
amateur,42265916,1
ex,42259849,1
met,42223443,1
pain,42182798,1
factors,42106512,1
coffee,42086828,1
cum,42048929,1
buyer,42024703,1
easily,41949287,1
oral,41947093,1
ford,41922237,1
poster,41893537,1
edge,41869418,1
root,41835168,1
closed,41782645,1
ice,41706145,1
pink,41704519,1
balance,41651718,1
replies,41628442,1
shot,41614412,1
initial,41372877,1
label,41359857,1
sec,41177555,1
canon,41144763,1
league,41109010,1
waste,41089558,1
minute,41061449,1
bus,41043865,1
cold,40833613,1
chair,40764005,1
fishing,40730311,1
effort,40728131,1
phase,40722940,1
fields,40697933,1
bag,40671821,1
fantasy,40666152,1
po,40656645,1
letters,40638766,1
motor,40615655,1
context,40568409,1
install,40502273,1
shirt,40501964,1
apparel,40498015,1
foot,40401241,1
mass,40364941,1
crime,40361756,1
count,40345803,1
breast,40334099,1
johnson,40200521,1
quickly,40161558,1
dollars,40136550,1
claim,40085342,1
driving,40033859,1
surgery,40026119,1
patch,39999745,1
heat,39971542,1
wild,39937252,1
miss,39897915,1
doctor,39845710,1
task,39832721,1
reduce,39830748,1
brought,39794764,1
himself,39757666,1
nor,39753116,1
enable,39733007,1
bug,39672754,1
mid,39610476,1
leader,39591949,1
diamond,39573067,1
soft,39440877,1
servers,39329759,1
alone,39326417,1
seconds,39304731,1
jones,39297134,1
keyword,39244593,1
flight,39229938,1
fuel,39148291,1
walk,39129365,1
fuck,39099536,1
wait,39001376,1
pocket,38931224,1
saint,38929141,1
rose,38911531,1
freedom,38909717,1
drugs,38827156,1
joint,38827057,1
premium,38793313,1
fresh,38781893,1
upgrade,38777600,1
di,38771183,1
factor,38740174,1
growing,38729323,1
stream,38592422,1
pick,38542153,1
hearing,38521552,1
eastern,38506956,1
therapy,38458400,1
entries,38442247,1
dates,38442243,1
signed,38369963,1
upper,38341510,1
serious,38316678,1
prime,38308402,1
limit,38290292,1
began,38269468,1
louis,38259201,1
steps,38254292,1
errors,38243352,1
shops,38241315,1
bondage,38237169,1
del,38223775,1
efforts,38222553,1
creek,38159464,1
worked,38128226,1
urban,38087999,1
sorted,38002278,1
myself,37983649,1
tours,37957036,1
load,37896224,1
labor,37866418,1
admin,37835381,1
nursing,37822746,1
defense,37819618,1
tags,37732409,1
heavy,37668153,1
covered,37662109,1
joe,37642746,1
guys,37603892,1
cock,37573028,1
expert,37537204,1
protect,37455957,1
drop,37433033,1
solid,37426444,1
became,37332761,1
orange,37316112,1
prevent,37247684,1
theme,37219937,1
rich,37200952,1
marine,37143112,1
guitar,37106331,1
finding,37102510,1
saying,36981573,1
spirit,36971683,1
ar,36946912,1
claims,36942635,1
porno,36925475,1
mo,36853656,1
seem,36852843,1
affairs,36831853,1
touch,36831035,1
towards,36798662,1
goals,36766773,1
hire,36743717,1
suggest,36726336,1
branch,36712083,1
charges,36710704,1
serve,36697856,1
reasons,36685859,1
magic,36676771,1
mount,36648260,1
smart,36636558,1
talking,36617848,1
gave,36576222,1
ones,36558085,1
tits,36514211,1
avoid,36508203,1
manage,36439435,1
corner,36419737,1
rank,36408196,1
element,36306394,1
birth,36286070,1
virus,36286003,1
abuse,36269685,1
quarter,36134893,1
tables,36089541,1
define,36087006,1
racing,36079737,1
facts,36041603,1
column,35986621,1
plants,35937825,1
faith,35936559,1
chain,35928367,1
avenue,35847733,1
missing,35813046,1
died,35803272,1
moved,35713495,1
reach,35687918,1
mental,35674270,1
viewed,35666896,1
moment,35660913,1
inch,35629597,1
attack,35599513,1
sorry,35595812,1
centers,35590976,1
opening,35538225,1
damage,35529909,1
lab,35525966,1
reserve,35516087,1
recipes,35473417,1
gamma,35426622,1
plastic,35421202,1
produce,35383071,1
snow,35358852,1
placed,35347899,1
truth,35345925,1
counter,35345740,1
failure,35343900,1
follows,35327869,1
weekend,35287380,1
dollar,35275336,1
camp,35255018,1
films,35200065,1
bridge,35180146,1
native,35160636,1
fill,35148024,1
owned,35050234,1
draft,35033621,1
chart,35027490,1
played,34970056,1
jesus,34929061,1
readers,34912487,1
clubs,34881779,1
equal,34832354,1
shirts,34764071,1
profit,34753530,1
leaders,34742050,1
posters,34729596,1
ave,34706502,1
expect,34675677,1
parking,34672915,1
russia,34513420,1
gone,34511028,1
codes,34503537,1
kinds,34482138,1
golden,34416555,1
teams,34383288,1
fort,34358210,1
senate,34302775,1
forces,34300503,1
funny,34281806,1
brother,34273892,1
gene,34266155,1
turned,34215128,1
tried,34201786,1
disc,34140094,1
pattern,34124878,1
hentai,34116380,1
boat,34104031,1
named,34099544,1
theatre,34095301,1
laser,34080740,1
earlier,34079706,1
sponsor,33988132,1
icon,33955393,1
harry,33867934,1
objects,33845165,1
ends,33798717,1
delete,33766846,1
evening,33705304,1
nuclear,33689967,1
taxes,33674672,1
mouse,33667003,1
signal,33648212,1
issued,33644425,1
brain,33612784,1
sexual,33595660,1
dream,33518573,1
false,33476460,1
da,33450232,1
cast,33395024,1
flower,33364539,1
felt,33321821,1
passed,33242084,1
falls,33213513,1
pic,33210991,1
soul,33173763,1
aids,33155753,1
promote,33113081,1
stated,33100777,1
stats,33096627,1
appears,33068735,1
carry,33056477,1
flag,33050354,1
decided,33030803,1
covers,32972573,1
em,32964905,1
hello,32960381,1
designs,32955678,1
tourism,32925132,1
adults,32847475,1
clips,32846497,1
savings,32817684,1
graphic,32780694,1
atom,32776867,1
binding,32603649,1
brief,32599674,1
ended,32588866,1
winning,32570914,1
eight,32567724,1
iron,32552371,1
script,32549924,1
served,32541796,1
wants,32538214,1
void,32491126,1
dining,32489479,1
alert,32472727,1
tag,32432108,1
mix,32428241,1
disk,32375647,1
queen,32366847,1
credits,32341959,1
clearly,32338676,1
fix,32334055,1
handle,32318665,1
sweet,32311923,1
desk,32311444,1
hong,32225582,1
vice,32220446,1
ne,32142023,1
truck,32136249,1
enlarge,32120976,1
ray,32113994,1
revenue,32088216,1
measure,32083783,1
votes,32059663,1
duty,32011339,1
looked,31988351,1
bear,31981362,1
gain,31980198,1
ocean,31928741,1
flights,31927886,1
experts,31923825,1
signs,31899467,1
lack,31881925,1
depth,31879926,1
logged,31869263,1
laptop,31851245,1
vintage,31830831,1
train,31816971,1
exactly,31759653,1
dry,31744277,1
explore,31740200,1
spa,31714574,1
concept,31681353,1
nearly,31677743,1
reality,31626554,1
forgot,31626338,1
origin,31602843,1
knew,31598395,1
gaming,31594394,1
feeds,31593736,1
billion,31586983,1
faster,31541236,1
bought,31501377,1
con,31452344,1
ups,31451966,1
nations,31449713,1
route,31439231,1
broken,31399439,1
frank,31392284,1
alaska,31388580,1
zoom,31373629,1
blow,31344495,1
battle,31344458,1
anime,31334688,1
speak,31324712,1
query,31284313,1
clip,31264432,1
es,31169475,1
equity,31158626,1
speech,31119662,1
wire,31113149,1
rural,30998929,1
shared,30988860,1
sounds,30987278,1
tape,30941382,1
judge,30905832,1
spam,30881361,1
acid,30867887,1
bytes,30848384,1
cent,30836935,1
forced,30835043,1
fight,30784313,1
height,30745406,1
null,30739157,1
zero,30735412,1
speaker,30732820,1
filed,30718907,1
obtain,30672052,1
offices,30646750,1
remain,30630717,1
managed,30602103,1
failed,30596963,1
roll,30590349,1
banks,30582183,1
secret,30542047,1
bath,30537308,1
aa,30523331,1
kelly,30510238,1
leads,30507300,1
theater,30446816,1
springs,30429116,1
var,30384128,1
perform,30378944,1
healthy,30360623,1
font,30327965,1
assets,30302586,1
injury,30291773,1
joseph,30285903,1
drivers,30258628,1
lawyer,30253229,1
figures,30231772,1
married,30202662,1
sharing,30181027,1
portal,30171660,1
waiting,30170505,1
beta,30160524,1
fail,30145364,1
gratis,30144426,1
banking,30095341,1
toward,30024561,1
won,29998103,1
assist,29963782,1
conduct,29955541,1
calling,29923380,1
jazz,29920842,1
serving,29916558,1
bags,29910659,1
comics,29900765,1
matters,29896961,1
houses,29896478,1
doc,29867704,1
postal,29859679,1
wear,29846762,1
wales,29821525,1
minor,29782623,1
finish,29769825,1
noted,29754565,1
mom,29736214,1
reduced,29726540,1
physics,29724803,1
rare,29722959,1
spent,29719451,1
extreme,29694906,1
samples,29689694,1
bars,29674439,1
row,29649598,1
removed,29610178,1
helps,29607993,1
singles,29594915,1
cycle,29585286,1
amounts,29584436,1
contain,29552509,1
dual,29535368,1
rise,29535295,1
sleep,29491537,1
bird,29437150,1
brazil,29390369,1
static,29389905,1
scene,29372413,1
hunter,29368718,1
lady,29348297,1
crystal,29344419,1
famous,29332023,1
writer,29320566,1
fans,29290170,1
drink,29254937,1
academy,29252165,1
dynamic,29251538,1
gender,29248973,1
eat,29237400,1
dell,29215534,1
seat,29066336,1
colour,29049269,1
vendor,29029083,1
intel,28995654,1
aim,28951240,1
bids,28933427,1
regions,28864370,1
junior,28857539,1
toll,28852223,1
cape,28846176,1
ann,28832058,1
rings,28827859,1
meaning,28821231,1
tip,28810209,1
mine,28795477,1
ladies,28781917,1
henry,28769085,1
ticket,28767435,1
guess,28743465,1
agreed,28717540,1
whom,28678568,1
ski,28663800,1
soccer,28647229,1
math,28631905,1
import,28629840,1
posting,28612921,1
instant,28599930,1
viewing,28507347,1
ch,28470221,1
dan,28401202,1
dogs,28400362,1
aspects,28377709,1
ahead,28375319,1
moon,28374261,1
scheme,28309089,1
utility,28301196,1
preview,28294286,1
fly,28279478,1
manner,28268864,1
matrix,28268147,1
devel,28152649,1
despite,28148989,1
turkey,28112986,1
proper,28099582,1
degrees,28091266,1
delta,28051872,1
fear,28042145,1
seeking,28023068,1
inches,28018680,1
phoenix,28018518,1
shares,27971096,1
voyeur,27928748,1
comfort,27920566,1
colors,27911017,1
wars,27898180,1
cisco,27894293,1
kept,27838368,1
alpha,27832836,1
appeal,27829479,1
cruise,27827938,1
bonus,27819488,1
hey,27665343,1
beat,27616668,1
adobe,27538755,1
smoking,27526627,1
becomes,27462477,1
drives,27442926,1
arms,27432921,1
tea,27406794,1
trees,27378116,1
achieve,27332769,1
dress,27318959,1
dealer,27299846,1
sky,27281333,1
nearby,27263100,1
rom,27234302,1
carried,27222494,1
happen,27207887,1
hide,27157035,1
refer,27099706,1
miller,27092856,1
clothes,27037465,1
caused,27036899,1
luxury,27020617,1
babes,27016030,1
frames,27007332,1
indeed,26943016,1
toy,26924831,1
circuit,26917865,1
layer,26912270,1
printed,26887551,1
slow,26870240,1
removal,26864040,1
easier,26857423,1
hip,26826008,1
nine,26807668,1
adding,26797775,1
mostly,26774406,1
eric,26767316,1
spot,26750929,1
prints,26721934,1
spend,26713310,1
factory,26708317,1
revised,26702355,1
grow,26701492,1
optical,26665491,1
amazing,26630190,1
clock,26624872,1
dot,26590624,1
suites,26558524,1
feeling,26546473,1
hidden,26526402,1
serial,26488381,1
relief,26483302,1
ratio,26457942,1
rain,26419979,1
onto,26411439,1
planet,26405032,1
copies,26369992,1
recipe,26355769,1
permit,26339544,1
seeing,26322092,1
proof,26305059,1
diff,26283641,1
tennis,26272328,1
bass,26249677,1
bedroom,26229848,1
empty,26206017,1
hole,26199070,1
pets,26153751,1
ride,26153004,1
bureau,26110155,1
pair,26036703,1
ideal,26036289,1
specs,26029159,1
don,26003672,1
pieces,26000545,1
parks,25974927,1
dinner,25974858,1
lawyers,25959552,1
stress,25899885,1
cream,25898758,1
runs,25881512,1
trends,25879894,1
yeah,25858426,1
boxes,25787744,1
hills,25770218,1
fourth,25763406,1
advisor,25719984,1
evil,25704669,1
aware,25700328,1
shape,25675227,1
op,25572791,1
remains,25560925,1
firms,25497302,1
euro,25474573,1
generic,25464768,1
usage,25440406,1
cap,25436218,1
ink,25435469,1
charts,25433147,1
mixed,25395056,1
census,25385152,1
peak,25379630,1
exist,25349128,1
wheel,25342937,1
transit,25331545,1
dick,25327691,1
salt,25320518,1
compact,25317344,1
poetry,25311298,1
lights,25301005,1
angel,25294123,1
bell,25283918,1
keeping,25280309,1
attempt,25251906,1
matches,25196889,1
width,25182453,1
noise,25171520,1
engines,25166589,1
forget,25162411,1
array,25150016,1
climate,25096136,1
pin,25080458,1
alcohol,25061615,1
greek,25059132,1
sister,25039506,1
raw,25014172,1
walking,24986228,1
explain,24983915,1
smaller,24982548,1
newest,24970551,1
gnu,24956702,1
jeff,24923108,1
extent,24917355,1
sharp,24904199,1
ben,24884330,1
lane,24880931,1
kill,24850951,1
export,24762260,1
modules,24737533,1
occur,24679212,1
knows,24640096,1
concern,24611878,1
backup,24603738,1
holding,24523968,1
trouble,24521102,1
spread,24520573,1
coach,24514961,1
expand,24483262,1
jordan,24441266,1
ages,24435858,1
plug,24429832,1
cook,24412080,1
affect,24406141,1
virgin,24406134,1
raised,24397948,1
hat,24383742,1
dealers,24342319,1
helping,24319316,1
lib,24291030,1
bike,24286396,1
totally,24276857,1
plate,24275560,1
blonde,24231993,1
ab,24218038,1
lose,24136984,1
organic,24136036,1
seek,24135344,1
albums,24121031,1
cheats,24106832,1
guests,24082514,1
hosted,24074706,1
tony,24047635,1
kits,24034484,1
agenda,24005891,1
anyway,24005157,1
tracks,24002303,1
cam,23995601,1
logic,23989892,1
prince,23975036,1
circle,23962760,1
soil,23949346,1
grants,23947774,1
wet,23918294,1
ram,23864106,1
leaving,23848479,1
matt,23843367,1
cooking,23831058,1
fox,23795336,1
respond,23761645,1
sizes,23751367,1
plain,23747230,1
exit,23738883,1
entered,23727218,1
arm,23724057,1
keys,23716024,1
launch,23714910,1
wave,23713001,1
costa,23702154,1
holy,23688276,1
acts,23687645,1
mesh,23650447,1
trail,23648838,1
symbol,23631465,1
crafts,23627152,1
highway,23623260,1
buddy,23611087,1
dean,23583773,1
setup,23534848,1
poll,23522790,1
booking,23522206,1
fiscal,23506040,1
styles,23491617,1
filled,23448324,1
bond,23448169,1
notify,23388787,1
blues,23387172,1
pub,23372365,1
portion,23356612,1
scope,23349420,1
cables,23311631,1
cotton,23279423,1
biology,23245252,1
dental,23240707,1
killed,23240536,1
border,23234399,1
ancient,23226415,1
debate,23211499,1
starts,23163739,1
causes,23150385,1
leisure,23133305,1
learned,23121323,1
opened,23076347,1
husband,23064889,1
crazy,23032837,1
concert,23023737,1
scores,23018016,1
comedy,22993280,1
adopted,22972983,1
weblog,22961283,1
linear,22944812,1
bears,22926868,1
jean,22925412,1
hop,22924925,1
carrier,22919197,1
edited,22917163,1
visa,22903835,1
mouth,22880351,1
meter,22874915,1
linked,22873620,1
gun,22834049,1
reflect,22829406,1
pure,22826920,1
deliver,22807066,1
wonder,22806353,1
hell,22791884,1
lessons,22779035,1
fruit,22767191,1
begins,22759868,1
reform,22751438,1
lens,22737367,1
alerts,22720439,1
treated,22718161,1
draw,22705371,1
assume,22679395,1
confirm,22651501,1
warm,22645772,1
neither,22640226,1
lewis,22640158,1
offline,22617007,1
leaves,22612463,1
replace,22592560,1
suck,22518606,1
babe,22489791,1
checks,22488512,1
reached,22485293,1
blowjob,22479544,1
safari,22479030,1
sugar,22450333,1
crew,22443877,1
legs,22424518,1
sam,22410798,1
stick,22399126,1
enabled,22345126,1
genre,22344091,1
slide,22339084,1
tested,22323205,1
rear,22323038,1
enhance,22310420,1
exact,22304937,1
bound,22303643,1
adapter,22290799,1
node,22285922,1
formal,22274656,1
lock,22253866,1
hockey,22252453,1
storm,22242164,1
micro,22219932,1
laptops,22187279,1
mile,22178748,1
showed,22170303,1
editors,22144072,1
threads,22123285,1
bowl,22118861,1
supreme,22106270,1
ref,22087203,1
tank,22070512,1
dolls,22065047,1
navy,22018379,1
kid,22011943,1
cancel,21985503,1
limits,21977149,1
weapons,21937267,1
paint,21926890,1
delay,21911190,1
pilot,21909830,1
outlet,21890990,1
novel,21821189,1
pan,21810838,1
ultra,21795075,1
winner,21794180,1
episode,21772999,1
potter,21763070,1
dish,21755859,1
plays,21753930,1
modify,21716962,1
oxford,21694927,1
truly,21693553,1
patent,21612969,1
slot,21602762,1
ha,21577216,1
eating,21565444,1
planned,21546767,1
lodge,21541130,1
mirror,21539161,1
kernel,21477662,1
boobs,21461250,1
stocks,21451319,1
buyers,21450595,1
gray,21424658,1
ea,21419982,1
charged,21377577,1
broad,21370126,1
chosen,21345654,1
demo,21344258,1
greece,21329720,1
swiss,21324437,1
labour,21288089,1
hate,21274675,1
nights,21258662,1
behalf,21247820,1
liquid,21222253,1
rice,21184648,1
loop,21172360,1
salary,21156261,1
foods,21150689,1
gourmet,21148895,1
guard,21137924,1
orleans,21126048,1
saving,21120835,1
empire,21111416,1
resume,21107737,1
twenty,21104413,1
newly,21102330,1
raise,21099943,1
prepare,21088422,1
avatar,21069571,1
illegal,21046606,1
vary,21031266,1
helped,21000656,1
premier,20990322,1
milk,20955909,1
decide,20950675,1
consent,20943616,1
drama,20939845,1
contest,20857011,1
bands,20842378,1
boot,20824944,1
lunch,20807419,1
dildo,20789655,1
audit,20786243,1
push,20775147,1
chamber,20769668,1
guinea,20757599,1
muscle,20752802,1
iso,20728145,1
polls,20694349,1
typical,20693008,1
tower,20686918,1
yours,20672809,1
sum,20672326,1
chicken,20655046,1
attend,20639654,1
shower,20638340,1
alan,20629981,1
sending,20622624,1
tonight,20612955,1
dear,20608432,1
shell,20599318,1
oak,20577693,1
vat,20551018,1
beer,20486707,1
seemed,20472519,1
spyware,20444838,1
formula,20434177,1
solar,20423792,1
catch,20400979,1
jane,20400852,1
sir,20336105,1
doubt,20311261,1
earn,20305486,1
finder,20303313,1
unable,20295595,1
periods,20292357,1
tasks,20273373,1
attacks,20251567,1
doors,20229491,1
resorts,20217144,1
biggest,20195396,1
visitor,20158930,1
twin,20149771,1
forth,20149609,1
insert,20140772,1
gateway,20123135,1
ky,20104754,1
alumni,20070485,1
drawing,20067264,1
ordered,20046781,1
happens,20031363,1
spy,20024908,1
romance,20020088,1
split,19998411,1
themes,19974388,1
powers,19973868,1
heaven,19969634,1
bits,19947239,1
twice,19945569,1
focused,19929357,1
bargain,19912730,1
asking,19887691,1
blocks,19884255,1
lo,19862252,1
hunting,19830577,1
suit,19820586,1
shift,19811555,1
chip,19810772,1
res,19797705,1
sit,19797379,1
bodies,19791471,1
cutting,19780364,1
wow,19778779,1
writers,19752033,1
marks,19747824,1
loved,19719299,1
mapping,19709941,1
birds,19693729,1
char,19673918,1
indexed,19672520,1
saved,19635976,1
paying,19621495,1
cartoon,19615945,1
shots,19611119,1
granted,19576234,1
choices,19552069,1
carbon,19551891,1
crisis,19470970,1
outlook,19458910,1
massive,19454740,1
bright,19446368,1
treat,19442315,1
header,19439961,1
poverty,19430836,1
formed,19429976,1
piano,19419956,1
echo,19410462,1
grid,19386406,1
sheets,19384447,1
patrick,19384046,1
plasma,19332271,1
voip,19284544,1
mystery,19280044,1
journey,19236081,1
bidding,19223538,1
risks,19205769,1
banner,19200368,1
charter,19192148,1
fig,19191343,1
ports,19171802,1
dreams,19138612,1
blogger,19137148,1
stands,19090611,1
teach,19079783,1
rapid,19070672,1
pull,19061871,1
hairy,19060619,1
ut,19039754,1
reverse,19032783,1
deposit,19026524,1
seminar,19021971,1
latina,19013623,1
wheels,19006976,1
specify,19002536,1
dutch,19000979,1
formats,18983382,1
tab,18977951,1
depends,18969978,1
boots,18968708,1
holds,18963546,1
router,18959289,1
si,18944942,1
editing,18942899,1
folder,18941479,1
upload,18904189,1
pulse,18893735,1
voting,18802108,1
courts,18791699,1
notices,18780271,1
metro,18738665,1
strip,18711440,1
pearl,18707334,1
nick,18698980,1
plot,18683404,1
airline,18665709,1
regard,18645277,1
pump,18643932,1
exists,18638064,1
smooth,18633567,1
strike,18621050,1
narrow,18584380,1
threat,18546277,1
surveys,18525332,1
sitting,18524885,1
putting,18519708,1
penis,18478169,1
trailer,18462738,1
castle,18456906,1
gardens,18454805,1
missed,18451052,1
antique,18430306,1
labels,18427423,1
willing,18418634,1
bio,18409348,1
upskirt,18409109,1
acting,18407646,1
heads,18400524,1
stored,18391852,1
exam,18367837,1
logos,18366230,1
milfs,18358745,1
density,18346206,1
hundred,18339491,1
strange,18322738,1
beds,18301294,1
breasts,18292455,1
mention,18291476,1
grey,18276942,1
honda,18261029,1
amended,18250351,1
operate,18249982,1
bills,18248816,1
bold,18244416,1
stable,18225829,1
opera,18225169,1
doctors,18212611,1
lesson,18181371,1
cinema,18179389,1
asset,18178753,1
ag,18177532,1
scan,18173060,1
blank,18150537,1
severe,18137877,1
deluxe,18085596,1
humor,18085495,1
aged,18057587,1
lived,18050710,1
bulk,18029501,1
fabric,17992206,1
visits,17988054,1
tight,17981854,1
domains,17981289,1
flying,17948471,1
sin,17939608,1
berlin,17932276,1
cute,17912721,1
ba,17893080,1
para,17864371,1
siemens,17861664,1
meant,17832930,1
capture,17822857,1
pounds,17822372,1
buffalo,17808542,1
plane,17799728,1
seed,17788166,1
desire,17783181,1
camping,17770402,1
ee,17763784,1
meets,17760399,1
welfare,17755487,1
peer,17754444,1
caught,17749748,1
marked,17723745,1
driven,17723706,1
bottle,17716382,1
massage,17684309,1
rubber,17684157,1
closing,17657510,1
meat,17652296,1
legend,17650063,1
grace,17642126,1
ing,17637606,1
python,17610578,1
monster,17605148,1
bang,17596497,1
villa,17587586,1
bone,17581312,1
columns,17578802,1
bugs,17572986,1
cookies,17553631,1
inner,17552078,1
med,17531004,1
entity,17518021,1
cruises,17517416,1
gate,17501142,1
holder,17489966,1
roman,17431193,1
duties,17430678,1
erotic,17422865,1
tone,17397122,1
ethics,17382309,1
forever,17381863,1
dragon,17377430,1
busy,17376500,1
captain,17372103,1
imagine,17364670,1
brings,17364336,1
heating,17363382,1
leg,17356748,1
neck,17354931,1
wing,17347644,1
scripts,17336418,1
stereo,17319174,1
taste,17311343,1
dealing,17303748,1
commit,17298630,1
tiny,17298541,1
rail,17293553,1
liberal,17293223,1
jay,17285391,1
trips,17273017,1
gap,17269901,1
sides,17269191,1
tube,17268711,1
turns,17261850,1
cache,17250923,1
belt,17247395,1
jacket,17246004,1
oracle,17214156,1
er,17212593,1
lease,17180592,1
hobbies,17174265,1
proud,17167504,1
excess,17149887,1
console,17121643,1
giant,17098874,1
shipped,17079988,1
seats,17070818,1
biz,17067959,1
alarm,17059844,1
voltage,17055596,1
usual,17044981,1
loading,17040941,1
stamps,17036451,1
angle,17016075,1
rob,17016018,1
vinyl,17009819,1
mining,16995862,1
ongoing,16983414,1
worst,16975343,1
imaging,16960525,1
betting,16959164,1
liberty,16946409,1
era,16930615,1
convert,16927032,1
analyst,16918240,1
garage,16906398,1
thongs,16877259,1
morgan,16806411,1
derived,16804532,1
honor,16787246,1
asp,16785885,1
eagle,16785232,1
pants,16774383,1
nurse,16772151,1
prayer,16762869,1
quiet,16746894,1
luck,16734573,1
postage,16732135,1
dial,16714262,1
cheese,16704436,1
comic,16695850,1
jet,16673750,1
crown,16651038,1
par,16646884,1
maker,16635947,1
crack,16633701,1
picks,16627992,1
gang,16615190,1
fetish,16596412,1
applies,16585215,1
casinos,16580634,1
smoke,16567733,1
apache,16553370,1
filters,16541561,1
craft,16528294,1
cake,16526639,1
apart,16507181,1
fellow,16497466,1
blind,16485480,1
lounge,16473584,1
mad,16468434,1
semi,16450653,1
coins,16449733,1
gross,16440590,1
cafe,16432897,1
ken,16418119,1
horror,16402727,1
capable,16380415,1
till,16376756,1
pen,16371249,1
shoe,16342426,1
elected,16330663,1
victory,16328207,1
sand,16327687,1
madison,16320930,1
joy,16317856,1
mainly,16297110,1
ethnic,16295682,1
ran,16291429,1
actor,16282891,1
finds,16280898,1
seal,16274039,1
fifth,16255266,1
citizen,16245917,1
prize,16204739,1
occurs,16200452,1
anytime,16192486,1
lies,16180314,1
pipe,16178319,1
lecture,16166157,1
layout,16159559,1
ill,16143967,1
lay,16122690,1
horses,16104943,1
dirty,16101662,1
deck,16091024,1
donate,16088860,1
taught,16082512,1
worker,16072941,1
alive,16064787,1
temple,16052337,1
prove,16046788,1
wings,16044458,1
breaks,16043012,1
genetic,16036749,1
waters,16019652,1
promise,16019259,1
thin,16007743,1
prefer,16005656,1
ridge,15993437,1
cabinet,15989585,1
modem,15984492,1
sick,15965297,1
dose,15959187,1
tiffany,15947875,1
collect,15943314,1
bet,15943118,1
streets,15936448,1
vector,15924418,1
shaved,15913301,1
turning,15907811,1
buffer,15904074,1
purple,15903838,1
def,15888408,1
lets,15876825,1
mutual,15870882,1
syntax,15843797,1
li,15843713,1
prison,15837188,1
skill,15835076,1
chairs,15833070,1
moves,15789001,1
inquiry,15783409,1
checked,15762226,1
exhibit,15756535,1
throw,15751985,1
trend,15747018,1
sierra,15742544,1
visible,15741542,1
cats,15735084,1
desert,15732752,1
ya,15718531,1
oldest,15717579,1
busty,15705827,1
mercury,15697468,1
steven,15696875,1
worse,15677739,1
summit,15676832,1
victims,15672487,1
spaces,15660073,1
burning,15637551,1
escape,15631531,1
coupons,15627914,1
boats,15600762,1
glance,15569554,1
arcade,15549676,1
tells,15534490,1
obvious,15533662,1
fiber,15530318,1
graph,15526746,1
talks,15484166,1
filing,15480156,1
foster,15478056,1
passing,15467267,1
awarded,15460775,1
trials,15454182,1
tissue,15448105,1
masters,15434147,1
bonds,15431252,1
folk,15396094,1
org,15392460,1
commons,15387811,1
fraud,15378751,1
arrival,15370734,1
okay,15368116,1
pottery,15362084,1
roger,15353411,1
aspect,15351221,1
awesome,15350104,1
counts,15329536,1
priced,15326748,1
hist,15307332,1
crash,15302627,1
lift,15291571,1
desired,15283698,1
inter,15269346,1
closer,15247535,1
assumes,15233889,1
heights,15226748,1
shadow,15221952,1
riding,15211063,1
expense,15193823,1
grove,15189493,1
venture,15188265,1
clinic,15187443,1
healing,15173541,1
mall,15173142,1
packet,15160863,1
spray,15148133,1
studios,15144063,1
dad,15136055,1
buttons,15130468,1
funded,15102739,1
winners,15099775,1
extend,15096022,1
roads,15093621,1
pat,15087654,1
rolling,15086116,1
fell,15084108,1
yard,15075593,1
nelson,15060628,1
te,15057406,1
arrived,15056872,1
creates,15051571,1
faces,15050854,1
tourist,15046652,1
cocks,15043799,1
mayor,15030847,1
murder,15030656,1
sean,15027031,1
senator,15023107,1
yield,15022494,1
grades,15013830,1
pour,15002685,1
digest,14996313,1
reg,14995986,1
lodging,14995901,1
dust,14993121,1
hence,14992334,1
wiki,14991485,1
radar,14982375,1
rescue,14978200,1
losses,14973062,1
combat,14971773,1
stopped,14956865,1
lakes,14947463,1
butt,14942973,1
closely,14927179,1
diary,14922472,1
kings,14914273,1
kent,14887797,1
adds,14883328,1
ear,14872850,1
flags,14870655,1
baker,14862470,1
shock,14850388,1
walls,14837851,1
abroad,14837382,1
ebony,14831025,1
tie,14830885,1
ward,14828169,1
drawn,14827380,1
visited,14810983,1
roof,14809282,1
walker,14808511,1
kiss,14790481,1
beast,14787561,1
targets,14774632,1
dodge,14768509,1
counsel,14767437,1
pizza,14763787,1
invited,14757576,1
yards,14733347,1
mod,14698596,1
farmers,14696457,1
queries,14692020,1
rush,14684452,1
absence,14681896,1
nearest,14677826,1
cluster,14673133,1
vendors,14669722,1
whereas,14663372,1
yoga,14660956,1
serves,14656807,1
woods,14647735,1
lamp,14643268,1
partial,14642158,1
couples,14630622,1
ranking,14624061,1
jokes,14622894,1
sublime,14597663,1
palace,14592259,1
glad,14585030,1
wins,14584511,1
verify,14563766,1
globe,14554904,1
trusted,14554254,1
copper,14543941,1
rack,14533607,1
rep,14515807,1
kerry,14514771,1
receipt,14513169,1
nobody,14490265,1
ghost,14490042,1
boss,14436477,1
pride,14428078,1
knowing,14410719,1
cloudy,14383882,1
chile,14372798,1
anna,14372193,1
plenty,14364719,1
solo,14360216,1
throat,14353822,1
ignore,14353555,1
maria,14347893,1
uniform,14345220,1
wealth,14325239,1
tall,14323697,1
vacuum,14316397,1
dancing,14310606,1
brass,14298573,1
writes,14276954,1
plaza,14274314,1
quest,14258533,1
publish,14255645,1
sri,14252518,1
toe,14248601,1
trans,14243681,1
nova,14231374,1
pioneer,14225288,1
booty,14218854,1
acrobat,14213883,1
plates,14210099,1
acres,14208905,1
venue,14204074,1
thermal,14186960,1
essays,14183871,1
vital,14166642,1
telling,14160780,1
fairly,14154477,1
coastal,14153912,1
config,14152050,1
charity,14141658,1
excel,14133468,1
modes,14131325,1
wake,14120141,1
stupid,14118370,1
harbor,14117675,1
segment,14101910,1
realize,14098493,1
enemy,14084182,1
puzzle,14083532,1
rising,14079219,1
wells,14073676,1
opens,14070477,1
insight,14070057,1
shit,14058658,1
secrets,14054988,1
lucky,14053901,1
latter,14044005,1
thick,14030556,1
repeat,14024814,1
penalty,14018500,1
drum,14015510,1
glasses,14009815,1
enables,14005681,1
builder,13993483,1
vista,13991160,1
chips,13982676,1
terry,13981773,1
flood,13979267,1
ease,13974702,1
orgy,13967728,1
arena,13966572,1
pupils,13951572,1
tabs,13950657,1
outcome,13941550,1
casual,13932521,1
grown,13931521,1
polish,13927858,1
lovely,13923904,1
extras,13923870,1
centres,13910645,1
jerry,13908229,1
clause,13906621,1
smile,13893537,1
lands,13891179,1
troops,13879349,1
indoor,13871917,1
armed,13866785,1
broker,13865583,1
charger,13862324,1
pine,13842664,1
cooling,13842002,1
tend,13840765,1
gulf,13830000,1
rick,13822320,1
trucks,13809070,1
divorce,13803408,1
laura,13801282,1
shopper,13798030,1
partly,13790568,1
candy,13772033,1
pills,13767091,1
tiger,13763074,1
folks,13760930,1
sensor,13759334,1
exposed,13756477,1
telecom,13755270,1
hunt,13752874,1
angels,13747515,1
deputy,13747486,1
sealed,13733878,1
loaded,13714028,1
scenes,13691578,1
balls,13683840,1
boost,13675076,1
mill,13658453,1
founded,13656662,1
chronic,13650397,1
icons,13649671,1
tranny,13645638,1
moral,13643598,1
den,13641144,1
finger,13628350,1
keeps,13624468,1
pound,13620117,1
locate,13616735,1
trained,13608102,1
burn,13602754,1
roses,13584758,1
labs,13582203,1
bread,13575360,1
tobacco,13574147,1
wooden,13564576,1
motors,13563719,1
tough,13560922,1
gonna,13542156,1
lie,13533542,1
chest,13516414,1
pension,13515899,1
billy,13515249,1
worship,13502651,1
bukkake,13499254,1
fe,13484286,1
craig,13480763,1
herself,13479005,1
damages,13463452,1
solve,13452150,1
shorts,13446221,1
diverse,13432331,1
amp,13421855,1
ah,13406814,1
johnny,13404833,1
sole,13401764,1
facing,13385115,1
tones,13373535,1
passion,13370569,1
sight,13360499,1
laid,13359320,1
clay,13357683,1
defence,13356231,1
patches,13354086,1
weak,13347842,1
refund,13340961,1
towns,13337599,1
divided,13323175,1
wise,13299902,1
emails,13289920,1
cyprus,13285903,1
odds,13282573,1
insider,13275905,1
makers,13264592,1
hearts,13262019,1
worry,13243591,1
eve,13237067,1
carter,13235755,1
legacy,13223921,1
marc,13217593,1
pleased,13215862,1
danger,13206765,1
vitamin,13204687,1
widely,13197312,1
phrase,13191958,1
genuine,13191602,1
raising,13190308,1
hybrid,13174794,1
reads,13174104,1
roles,13171507,1
sons,13160458,1
leaf,13159307,1
pad,13159201,1
glory,13158826,1
ja,13156568,1
bigger,13152228,1
billing,13151677,1
diesel,13147963,1
versus,13147766,1
combine,13139084,1
exceed,13135673,1
rod,13124744,1
fault,13112664,1
silk,13099161,1
babies,13070103,1
bi,13070039,1
albert,13040324,1
examine,13030604,1
jimmy,13030009,1
graham,13026222,1
bristol,13022446,1
sad,13010129,1
wolf,13001992,1
slowly,13000552,1
rugby,12992179,1
cal,12967326,1
infant,12959639,1
sectors,12948547,1
fluid,12943336,1
grounds,12943233,1
fits,12942004,1
kick,12941649,1
regards,12939920,1
meal,12937343,1
ta,12936942,1
hurt,12936269,1
unlike,12933815,1
baskets,12933398,1
pot,12927383,1
wright,12925206,1
barry,12921548,1
proven,12920984,1
cached,12887996,1
warren,12887808,1
slip,12886015,1
studied,12881982,1
profits,12872162,1
devil,12869511,1
grass,12868953,1
comply,12868396,1
florist,12860636,1
cherry,12855670,1
webcam,12835042,1
cuts,12832156,1
funeral,12827388,1
enjoyed,12819458,1
pee,12811886,1
charlie,12810984,1
quebec,12807746,1
nipples,12804977,1
mars,12792948,1
sized,12775596,1
manga,12774174,1
noticed,12773325,1
socket,12770550,1
silent,12768385,1
egg,12766528,1
signals,12760317,1
caps,12758083,1
pill,12749153,1
theft,12744763,1
swing,12734467,1
symbols,12733176,1
lat,12732598,1
meta,12731331,1
humans,12729034,1
analog,12726931,1
facial,12721452,1
talent,12712170,1
dated,12707511,1
seeker,12696541,1
wisdom,12696160,1
shoot,12695618,1
mint,12694588,1
offset,12689932,1
payday,12682146,1
elite,12673836,1
gi,12673643,1
spin,12671696,1
holders,12665447,1
poems,12662561,1
robot,12656312,1
witness,12643368,1
collins,12638925,1
stages,12632816,1
sur,12632510,1
winds,12628386,1
powder,12627415,1
assess,12614289,1
wash,12612759,1
stones,12611462,1
gnome,12609820,1
roots,12609370,1
losing,12607223,1
gadgets,12604953,1
noble,12604679,1
impacts,12585629,1
rev,12575365,1
gospel,12572666,1
shore,12568485,1
loves,12566621,1
induced,12566340,1
knight,12563918,1
loose,12556710,1
aims,12555862,1
linking,12555304,1
appeals,12550346,1
earned,12540187,1
illness,12539579,1
ho,12515925,1
pending,12509596,1
parker,12509468,1
sh,12493091,1
teenage,12488595,1
soap,12485378,1
ae,12480269,1
triple,12478554,1
cooper,12476378,1
jam,12468316,1
secured,12463155,1
unusual,12459909,1
slots,12452126,1
routine,12437176,1
toolbar,12436439,1
rocks,12427428,1
titans,12408915,1
wearing,12401524,1
axis,12399723,1
sought,12398749,1
genes,12396954,1
mounted,12391977,1
habitat,12388574,1
median,12384523,1
guns,12383666,1
scanner,12375659,1
herein,12372347,1
horny,12363955,1
hero,12343606,1
integer,12343092,1
engaged,12325194,1
falling,12324340,1
basics,12316733,1
carpet,12309442,1
lenses,12288564,1
binary,12286978,1
punk,12282363,1
pi,12272978,1
dropped,12265666,1
duke,12250071,1
ai,12248842,1
pace,12247704,1
besides,12246405,1
wage,12243196,1
arc,12229184,1
hosts,12228736,1
moments,12221536,1
atlas,12221120,1
strings,12221039,1
dawn,12219521,1
feels,12212683,1
torture,12209454,1
carl,12209059,1
deleted,12207876,1
coat,12207355,1
ralph,12190683,1
warner,12165874,1
app,12156802,1
inkjet,12155897,1
wizard,12151804,1
corps,12150135,1
actors,12149923,1
liver,12139363,1
liable,12126852,1
morris,12122016,1
recall,12118110,1
antenna,12115794,1
picked,12114899,1
assumed,12113023,1
belief,12108114,1
killing,12106805,1
bikini,12105241,1
decor,12098868,1
lookup,12096074,1
texts,12095723,1
brokers,12075458,1
ion,12074177,1
doll,12047864,1
podcast,12040451,1
tit,12036749,1
seasons,12035131,1
refine,12027198,1
bidder,12023506,1
singer,12021075,1
herald,12020777,1
fails,12015364,1
aging,12014007,1
pissing,12005503,1
fed,12005354,1
diving,11997559,1
invite,11994795,1
latinas,11988068,1
suppose,11981451,1
reed,11977359,1
involve,11976257,1
terror,11975502,1
younger,11971094,1
thirty,11969481,1
mice,11967727,1
rapidly,11959135,1
ban,11940116,1
temp,11938391,1
intro,11938092,1
fisting,11927246,1
clerk,11923960,1
vast,11916770,1
mills,11910667,1
outline,11910319,1
holland,11897739,1
jeans,11896655,1
fonts,11884559,1
odd,11871958,1
wrap,11871928,1
refers,11869181,1
mood,11868381,1
favor,11867822,1
quiz,11866535,1
sigma,11864409,1
victim,11844825,1
demands,11843789,1
careful,11836566,1
beam,11827772,1
arrive,11812688,1
sunset,11802197,1
tracked,11801246,1
minimal,11787905,1
lottery,11776450,1
tops,11771127,1
framed,11770634,1
aside,11768649,1
licence,11761605,1
essay,11750312,1
camps,11712039,1
trace,11697252,1
shut,11689186,1
packs,11683277,1
thou,11669062,1
consult,11666011,1
greatly,11664471,1
mask,11654805,1
cycling,11653999,1
pe,11638517,1
inform,11637681,1
coal,11625191,1
cry,11624610,1
quantum,11611352,1
murray,11607168,1
intent,11596706,1
zoo,11589578,1
largely,11587337,1
spoke,11577917,1
aka,11570453,1
arrow,11563142,1
rough,11557184,1
weird,11556427,1
tee,11539905,1
lion,11531749,1
holes,11529280,1
blade,11527988,1
oxygen,11522424,1
cookie,11517481,1
meals,11515834,1
canyon,11515517,1
meters,11502899,1
merely,11492724,1
passes,11484329,1
pointer,11475647,1
stretch,11463625,1
permits,11453109,1
sleeve,11444961,1
cleaner,11442551,1
cricket,11442124,1
beef,11441469,1
feeding,11441465,1
stroke,11440396,1
cad,11431260,1
hats,11430056,1
robin,11423944,1
strap,11414669,1
sharon,11410497,1
crowd,11409218,1
surf,11402999,1
customs,11372432,1
rainbow,11360882,1
hook,11359349,1
decline,11351898,1
gloves,11347457,1
cord,11338350,1
skiing,11337414,1
cloud,11337220,1
valve,11325360,1
proceed,11314599,1
knife,11297715,1
shelf,11287023,1
timing,11283175,1
liked,11282738,1
adopt,11272339,1
denied,11268485,1
fucked,11254558,1
outer,11245167,1
crop,11244764,1
deaths,11242764,1
rivers,11239247,1
tales,11222332,1
nodes,11208722,1
fy,11203603,1
thumbs,11202045,1
seeds,11196921,1
cited,11195944,1
lite,11195840,1
hub,11188639,1
twelve,11182087,1
founder,11180601,1
decade,11178625,1
dispute,11164678,1
tired,11158233,1
adverse,11157534,1
excerpt,11148686,1
eng,11144620,1
steam,11141309,1
ef,11139051,1
drinks,11137329,1
ace,11134733,1
voices,11129180,1
acute,11128841,1
stood,11116275,1
sing,11114001,1
tons,11109804,1
perfume,11109790,1
carol,11109404,1
honest,11109203,1
restore,11092761,1
stack,11090579,1
sue,11086374,1
hang,11077672,1
curve,11071177,1
creator,11071006,1
amber,11065507,1
museums,11059541,1
coding,11058393,1
tracker,11054208,1
passage,11034796,1
trunk,11020361,1
hiking,11020291,1
damn,11016467,1
headset,11014961,1
waves,11006010,1
camel,11005001,1
lamps,11000656,1
hood,10997944,1
suicide,10996226,1
chi,10981165,1
juice,10973425,1
chase,10971945,1
logical,10970564,1
sauce,10968629,1
fame,10962456,1
extract,10962105,1
panama,10953110,1
payable,10948988,1
judges,10917393,1
retired,10914144,1
remarks,10911869,1
decades,10911127,1
walked,10905602,1
arising,10904371,1
ins,10886378,1
eggs,10885514,1
afraid,10858793,1
railway,10853755,1
pointed,10845626,1
causing,10841604,1
mistake,10841486,1
locked,10837051,1
fusion,10834718,1
mineral,10833061,1
ruby,10830824,1
beads,10825324,1
fortune,10823100,1
canvas,10820175,1
parish,10808608,1
claimed,10805425,1
screens,10799678,1
planner,10798993,1
flows,10797166,1
stadium,10797095,1
fewer,10792786,1
coupon,10788016,1
nurses,10783304,1
stem,10775393,1
proxy,10773043,1
opt,10763778,1
drew,10760463,1
flu,10759905,1
costume,10749142,1
tagged,10748315,1
voted,10746027,1
killer,10745688,1
bikes,10740880,1
gates,10734618,1
rap,10729871,1
tune,10728129,1
bishop,10727838,1
pulled,10724879,1
corn,10723716,1
shaped,10717999,1
farmer,10707897,1
puts,10705170,1
grew,10698645,1
tin,10695557,1
slave,10692715,1
trek,10689116,1
heroes,10669219,1
painted,10666710,1
artwork,10654545,1
ethical,10644576,1
floral,10641202,1
ties,10637546,1
schemes,10633782,1
neutral,10631835,1
fisher,10631475,1
rat,10626001,1
spears,10622346,1
dildos,10612318,1
bedding,10608944,1
joining,10606585,1
heading,10604462,1
equally,10603542,1
bearing,10602853,1
brad,10595050,1
combo,10592758,1
seniors,10592234,1
worlds,10591522,1
guilty,10588260,1
haven,10569212,1
tablet,10568043,1
jury,10566974,1
dos,10564148,1
tail,10557843,1
charm,10554644,1
lawn,10551602,1
violent,10551326,1
basin,10544774,1
soup,10543301,1
ranch,10539650,1
cottage,10520695,1
drunk,10519219,1
crimes,10515840,1
byte,10509871,1
toner,10508427,1
nose,10507356,1
latex,10502825,1
anymore,10494227,1
alien,10490554,1
locator,10478335,1
broke,10460811,1
resolve,10441751,1
cod,10426143,1
thesis,10415545,1
thru,10412942,1
nylon,10410171,1
discs,10404995,1
rocky,10404321,1
trim,10395161,1
ceiling,10391461,1
pixels,10381558,1
gen,10369037,1
anybody,10367449,1
fleet,10364423,1
bunch,10355431,1
totals,10350962,1
singing,10349448,1
afford,10348210,1
optimal,10331534,1
quit,10324803,1
lung,10318643,1
turner,10302792,1
sucking,10301698,1
cents,10301064,1
ti,10295313,1
gel,10294568,1
spoken,10290440,1
omega,10289113,1
stayed,10286077,1
civic,10283668,1
manuals,10278330,1
sees,10274243,1
watched,10266154,1
saver,10258158,1
thereof,10257549,1
grill,10254124,1
redeem,10246248,1
rogers,10246146,1
grain,10244623,1
regime,10234937,1
wanna,10232302,1
wishes,10232199,1
bull,10231851,1
depend,10224227,1
differ,10224024,1
ranging,10213057,1
repairs,10209005,1
breath,10208731,1
cole,10196153,1
mart,10193683,1
candle,10193393,1
hanging,10190519,1
colored,10189750,1
tale,10186894,1
seeks,10174194,1
herbal,10173511,1
loving,10172381,1
routing,10169123,1
docs,10167452,1
elegant,10137738,1
gains,10137566,1
renewal,10134639,1
vid,10132645,1
opposed,10126959,1
deemed,10124641,1
scoring,10124355,1
panties,10120827,1
sisters,10116284,1
critics,10114264,1
spots,10109662,1
oo,10108815,1
hacker,10105645,1
margin,10100139,1
coin,10095328,1
solely,10091700,1
fake,10088583,1
salon,10079006,1
norman,10063272,1
turbo,10058686,1
headed,10058504,1
voters,10058315,1
cure,10046948,1
madonna,10044163,1
arch,10040050,1
murphy,10035536,1
thinks,10035159,1
soldier,10032017,1
aimed,10030370,1
bomb,10028218,1
harm,10026586,1
mirrors,10025204,1
tricks,10022185,1
reset,10021033,1
brush,10018684,1
thy,10017433,1
panels,10016948,1
assault,10011305,1
spare,10009522,1
deer,10007644,1
tongue,10002563,1
bowling,9997649,1
danish,9987098,1
pal,9987022,1
monkey,9983383,1
skirt,9981485,1
invest,9979906,1
honey,9978043,1
um,9977356,1
ye,9972424,1
lovers,9957546,1
atomic,9957374,1
arabic,9954108,1
gauge,9952466,1
faced,9938155,1
mat,9937738,1
solving,9935681,1
oven,9926264,1
ted,9926083,1
chains,9922983,1
sixth,9920054,1
engage,9919952,1
deviant,9917990,1
noon,9917780,1
quoted,9915470,1
farms,9908537,1
imports,9905359,1
cheat,9903572,1
bronze,9903268,1
sandy,9897487,1
suspect,9889728,1
macro,9885853,1
sender,9885826,1
crucial,9880976,1
gym,9872500,1
tuition,9860033,1
spouse,9858936,1
exotic,9858662,1
viewer,9858416,1
threats,9849639,1
puzzles,9847032,1
damaged,9826789,1
cams,9824481,1
piss,9822831,1
laugh,9822471,1
destroy,9811516,1
pitch,9800556,1
autos,9798008,1
yo,9792810,1
perry,9785838,1
proved,9782793,1
dozen,9776227,1
teeth,9769437,1
cloth,9764137,1
stamp,9760468,1
lotus,9759485,1
salmon,9757346,1
cargo,9748668,1
tan,9747576,1
mate,9732445,1
starter,9730619,1
likes,9727733,1
butter,9727172,1
pepper,9725001,1
weapon,9724562,1
luggage,9723336,1
burden,9722173,1
chef,9722004,1
tapes,9719559,1
zones,9719114,1
races,9715279,1
isle,9714155,1
stylish,9708474,1
slim,9707476,1
maple,9704551,1
luke,9699611,1
grocery,9699375,1
depot,9688338,1
comp,9681817,1
alt,9681244,1
pie,9681219,1
blend,9680982,1
spec,9669417,1
finest,9668295,1
realty,9667732,1
bow,9663748,1
autumn,9649500,1
probe,9643801,1
midi,9642188,1
toilet,9622554,1
ranked,9621386,1
jackets,9619919,1
routes,9615627,1
packed,9614167,1
excited,9611150,1
recover,9597891,1
tied,9593428,1
timely,9583522,1
talked,9582713,1
debug,9581095,1
delayed,9579826,1
chuck,9574825,1
hon,9569133,1
dale,9568925,1
villas,9561315,1
ebook,9558308,1
boob,9557488,1
exclude,9556992,1
peeing,9555730,1
brooks,9546939,1
newton,9540561,1
oils,9540418,1
sept,9540361,1
anxiety,9539030,1
bingo,9539002,1
whilst,9537785,1
spatial,9537716,1
unto,9533187,1
ceramic,9531846,1
prompt,9531069,1
minds,9529696,1
pays,9505614,1
cox,9503104,1
fingers,9498899,1
sunny,9497382,1
ebooks,9496435,1
cedar,9484993,1
lang,9483612,1
stud,9477498,1
fold,9476623,1
qualify,9469457,1
hopes,9462715,1
mason,9461838,1
diagram,9460260,1
burns,9460104,1
pumps,9456489,1
slut,9456308,1
peoples,9449074,1
victor,9448878,1
pos,9445257,1
attach,9442716,1
advised,9436986,1
spider,9436277,1
ranges,9432991,1
pairs,9432115,1
trails,9428983,1
interim,9415083,1
divine,9413498,1
approve,9410993,1
chose,9409845,1
dialog,9396449,1
venues,9389442,1
blast,9387171,1
calcium,9382761,1
pole,9377429,1
shield,9374574,1
harvest,9368863,1
locally,9356689,1
pickup,9354139,1
mothers,9349761,1
candles,9345477,1
mega,9345031,1
bend,9342191,1
sailing,9341445,1
moms,9332513,1
sacred,9331652,1
morocco,9330705,1
chrome,9329259,1
tommy,9327874,1
refused,9323160,1
brake,9321885,1
ecology,9315770,1
oliver,9312468,1
congo,9310976,1
glen,9308838,1
nav,9305379,1
delays,9301670,1
olive,9298184,1
cyber,9289150,1
scored,9286364,1
clone,9284578,1
dicks,9280692,1
lambda,9279528,1
relay,9275052,1
tears,9274206,1
oasis,9270498,1
cab,9268943,1
angry,9267505,1
fa,9265914,1
silicon,9257759,1
compete,9245630,1
lover,9234545,1
belong,9233597,1
lips,9228435,1
escort,9226628,1
pond,9223378,1
rolls,9220414,1
daddy,9211193,1
ferry,9208954,1
rabbit,9208689,1
seating,9207831,1
dam,9204248,1
das,9195872,1
exports,9195244,1
tire,9192117,1
chad,9176989,1
loads,9175948,1
heather,9170875,1
motel,9170238,1
unions,9167657,1
warrant,9167246,1
frozen,9165551,1
josh,9163898,1
royalty,9162860,1
scales,9162147,1
rally,9155530,1
strain,9151339,1
drag,9150581,1
somehow,9149642,1
ripe,9136158,1
rely,9132658,1
gained,9124289,1
dying,9123557,1
laundry,9123546,1
stuck,9120620,1
placing,9118766,1
stops,9118589,1
adjust,9115016,1
filling,9103402,1
imposed,9098534,1
silence,9096561,1
focuses,9095206,1
soviet,9095147,1
treaty,9086189,1
vocal,9082826,1
trainer,9081168,1
organ,9077449,1
volumes,9076451,1
lemon,9066930,1
toxic,9065369,1
nuts,9053763,1
nail,9051805,1
vienna,9051157,1
implied,9050427,1
span,9047179,1
sox,9046134,1
joke,9043968,1
packing,9039257,1
statute,9035618,1
satisfy,9029773,1
shelter,9025308,1
chapel,9025153,1
layers,9018453,1
guided,9015660,1
mixture,8996041,1
bench,8992211,1
tub,8990811,1
rider,8987802,1
radius,8985161,1
logging,8976964,1
borders,8974127,1
pads,8971153,1
butts,8968856,1
inns,8968593,1
bobby,8964342,1
sheep,8962638,1
wines,8939582,1
nursery,8938613,1
harder,8937729,1
cups,8935485,1
ash,8934811,1
salad,8923706,1
tender,8921535,1
foam,8915164,1
paste,8913055,1
clouds,8913052,1
poem,8908949,1
staying,8900981,1
easter,8899534,1
praise,8892149,1
jo,8889756,1
veteran,8886185,1
streams,8882706,1
landing,8882585,1
signing,8879976,1
asks,8865097,1
relax,8856944,1
hardly,8845763,1
prairie,8843835,1
reunion,8840817,1
bean,8839308,1
sword,8835685,1
absent,8831540,1
sells,8827377,1
hoping,8825881,1
spirits,8819959,1
coral,8818272,1
pixel,8813200,1
float,8808655,1
colin,8807299,1
bias,8807284,1
paths,8806073,1
bubble,8806043,1
acquire,8803690,1
tribune,8797383,1
vessel,8794883,1
acids,8793940,1
viruses,8786573,1
cheaper,8786062,1
dairy,8781961,1
admit,8780656,1
mem,8778831,1
fancy,8777135,1
tap,8770914,1
leasing,8753305,1
beliefs,8748050,1
squad,8744772,1
analyze,8744719,1
scroll,8741548,1
relate,8740432,1
swim,8739102,1
wages,8737438,1
suffer,8733670,1
forests,8729343,1
nano,8724156,1
invalid,8718056,1
martial,8710009,1
males,8708016,1
retain,8703797,1
colours,8701943,1
execute,8698527,1
tunnel,8697960,1
genres,8694858,1
patents,8694302,1
chaos,8690268,1
wheat,8685589,1
beaver,8682215,1
eagles,8664871,1
bases,8663363,1
accused,8659913,1
bee,8659734,1
unity,8657709,1
loud,8653692,1
bride,8650665,1
rats,8649718,1
defines,8645360,1
begun,8636352,1
packets,8634757,1
anchor,8633382,1
socks,8632058,1
parade,8629746,1
stat,8628104,1
trigger,8626739,1
beaches,8617066,1
folders,8612253,1
routers,8604416,1
pendant,8603520,1
dresses,8602214,1
baptist,8600706,1
hiring,8600151,1
clocks,8598993,1
bios,8597047,1
females,8595390,1
fever,8582665,1
cuisine,8575966,1
surely,8574112,1
myspace,8571480,1
theorem,8569908,1
thee,8564377,1
ruth,8563167,1
pray,8562732,1
stylus,8562046,1
pope,8560878,1
drums,8560748,1
topless,8553761,1
jeep,8547455,1
chicks,8546991,1
bare,8546200,1
hung,8543618,1
cattle,8542988,1
radical,8540978,1
rover,8537021,1
reload,8533926,1
flame,8527495,1
tanks,8526525,1
elderly,8524071,1
pit,8523152,1
mono,8520822,1
tile,8509304,1
bolivia,8506635,1
spell,8506049,1
hottest,8505915,1
stevens,8504380,1
alleged,8495916,1
compile,8493391,1
webster,8490161,1
struck,8489716,1
apps,8468762,1
bridal,8466303,1
annex,8465905,1
mag,8461577,1
tribal,8460247,1
curious,8460088,1
freight,8453128,1
rebate,8451915,1
meetup,8449127,1
eclipse,8448687,1
rec,8441122,1
shuttle,8440760,1
cycles,8434209,1
affects,8433483,1
detect,8431562,1
sluts,8430809,1
ciao,8429222,1
knee,8426957,1
prep,8426130,1
chem,8419917,1
fastest,8417992,1
butler,8416381,1
injured,8412484,1
payroll,8410507,1
ton,8405500,1
courier,8404855,1
hints,8393784,1
twinks,8388664,1
oe,8386358,1
gif,8384163,1
pros,8379526,1
techno,8376069,1
tribute,8374010,1
wired,8371548,1
immune,8368663,1
cant,8363193,1
rarely,8361371,1
genesis,8354765,1
barrier,8353617,1
argue,8353605,1
trains,8347103,1
metals,8345314,1
bicycle,8344882,1
letting,8339922,1
arise,8337093,1
thereby,8333948,1
advise,8325087,1
bottles,8320355,1
boxing,8319372,1
bangkok,8318647,1
bra,8310230,1
bitch,8302447,1
chess,8293823,1
survive,8286260,1
oscar,8285553,1
menus,8283476,1
duck,8279189,1
reveal,8278392,1
canal,8278196,1
amino,8273641,1
phi,8273448,1
herbs,8271850,1
clinics,8270209,1
cow,8267976,1
lying,8260845,1
strict,8256471,1
dive,8254655,1
drill,8248787,1
offense,8248745,1
protest,8243564,1
handjob,8239763,1
hobby,8237250,1
tries,8236889,1
washing,8213049,1
trick,8208473,1
enquiry,8208125,1
closure,8207909,1
raid,8207357,1
timber,8205739,1
volt,8204673,1
intense,8202396,1
div,8200687,1
showers,8198630,1
ruling,8196826,1
steady,8194131,1
dirt,8191960,1
drops,8187657,1
wider,8186703,1
sensors,8181414,1
screw,8177263,1
hourly,8170909,1
blame,8170544,1
geneva,8169165,1
acer,8160550,1
handed,8150012,1
intake,8145321,1
heavily,8136563,1
fifty,8133138,1
headers,8132869,1
ons,8129510,1
geek,8129025,1
uncle,8127694,1
sink,8120590,1
assure,8118473,1
devoted,8115627,1
sodium,8112246,1
randy,8110369,1
hormone,8108338,1
timothy,8103385,1
brick,8094369,1
grip,8094164,1
naval,8091649,1
avi,8084386,1
bridges,8083681,1
watt,8078455,1
decent,8075752,1
casting,8071983,1
shortly,8068497,1
pins,8062888,1
reno,8059568,1
donna,8058734,1
warrior,8058069,1
diploma,8052765,1
cabin,8052267,1
ide,8047346,1
polo,8044299,1
valium,8043979,1
copying,8043300,1
horn,8041908,1
fired,8031937,1
trivia,8022961,1
frog,8019592,1
grammar,8019137,1
tires,8007166,1
logs,8004052,1
hazard,8001020,1
retro,8000179,1
anger,7991036,1
suits,7986526,1
chances,7980733,1
snap,7978122,1
bizarre,7965108,1
ur,7963413,1
fruits,7957429,1
geo,7952815,1
ribbon,7949592,1
doe,7946613,1
startup,7945485,1
kissing,7939523,1
handy,7936655,1
swap,7936113,1
exempt,7935194,1
crops,7931319,1
reduces,7930754,1
abs,7925063,1
flip,7923655,1
guild,7923630,1
capitol,7917607,1
sim,7917540,1
dishes,7917224,1
nervous,7908601,1
refuse,7906739,1
extends,7905326,1
replica,7904448,1
tribe,7890695,1
trades,7889114,1
superb,7886083,1
buzz,7885592,1
nuke,7883128,1
rid,7877480,1
trinity,7877415,1
handled,7871280,1
legends,7869529,1
boom,7869145,1
calm,7867353,1
floors,7863646,1
exhaust,7853076,1
speaks,7849940,1
burton,7849087,1
copied,7846786,1
scotia,7846014,1
farming,7844515,1
gibson,7843641,1
fork,7839872,1
troy,7839453,1
roller,7835563,1
batch,7835050,1
alter,7831337,1
latino,7827064,1
edges,7826115,1
mixing,7825076,1
handles,7823946,1
skilled,7822819,1
fitted,7821703,1
harmony,7820250,1
asthma,7819180,1
twins,7815027,1
rip,7811993,1
amend,7806844,1
reward,7796577,1
sprint,7777576,1
chick,7771502,1
sims,7766711,1
tray,7752079,1
inputs,7750633,1
genome,7750168,1
escorts,7748900,1
thong,7747699,1
medal,7747036,1
coaches,7744876,1
vessels,7744606,1
harbour,7744494,1
walks,7744070,1
sucks,7743126,1
sol,7742935,1
sage,7739556,1
knives,7736647,1
eco,7736515,1
arrange,7727860,1
bat,7725300,1
honors,7724703,1
booth,7723310,1
indie,7722085,1
unified,7718780,1
bones,7717501,1
breed,7716901,1
ignored,7715815,1
polar,7715471,1
fallen,7714660,1
precise,7713353,1
invoice,7705574,1
lip,7697283,1
sap,7694814,1
gather,7692892,1
backed,7688105,1
motels,7671328,1
forming,7671030,1
embassy,7669494,1
cave,7668883,1
danny,7664864,1
slight,7664301,1
amongst,7657732,1
wool,7657081,1
arrest,7653819,1
horizon,7648930,1
nu,7641650,1
deeply,7641115,1
toolbox,7639504,1
marina,7635596,1
prizes,7632888,1
patio,7627536,1
surfing,7626574,1
optics,7616886,1
pursue,7615784,1
eyed,7613901,1
ou,7613704,1
grab,7610506,1
attract,7608984,1
beans,7607524,1
disable,7606571,1
snake,7606395,1
succeed,7605605,1
lending,7600212,1
oops,7597549,1
nipple,7595055,1
xi,7589570,1
plains,7584638,1
za,7573829,1
karaoke,7568648,1
trap,7568482,1
lonely,7567701,1
fool,7567218,1
hereby,7556876,1
observe,7556517,1
berry,7551906,1
collar,7551477,1
racial,7549723,1
mobiles,7540824,1
dies,7532282,1
terrace,7531575,1
replied,7528347,1
seafood,7525177,1
novels,7525142,1
playboy,7523693,1
ought,7523238,1
jail,7515955,1
safely,7515572,1
finite,7514740,1
kidney,7514651,1
fixes,7513516,1
sends,7512707,1
durable,7510780,1
allied,7508812,1
throws,7506714,1
roster,7503686,1
spencer,7495460,1
timer,7488669,1
tablets,7485928,1
tuning,7480638,1
gotten,7480306,1
tyler,7474964,1
futures,7472575,1
verse,7469512,1
highs,7468394,1
wanting,7463610,1
custody,7459454,1
scratch,7457515,1
comm,7452092,1
rocket,7447070,1
aye,7441890,1
bullet,7440918,1
towers,7438264,1
racks,7436380,1
lace,7436281,1
nasty,7434847,1
tumor,7430480,1
ugly,7430462,1
watts,7423674,1
hart,7416862,1
ment,7415216,1
forty,7415064,1
tubes,7413309,1
col,7402414,1
priest,7401793,1
queue,7398569,1
trance,7392026,1
locale,7391821,1
yu,7383148,1
bundle,7382454,1
hammer,7382393,1
runner,7381022,1
rows,7379744,1
notion,7378935,1
skins,7370612,1
mailed,7370075,1
arctic,7366509,1
exams,7364984,1
rewards,7362798,1
beneath,7362453,1
defend,7362127,1
seventh,7351731,1
gods,7349181,1
welsh,7346867,1
belly,7346354,1
tex,7342192,1
stolen,7341424,1
soonest,7335443,1
poly,7326088,1
ears,7324193,1
dod,7322498,1
fist,7319405,1
lenders,7315239,1
fitting,7313197,1
mere,7312247,1
agrees,7311475,1
cons,7299642,1
surplus,7299526,1
elder,7299470,1
sonic,7298920,1
cheers,7293284,1
dig,7292787,1
taxi,7292568,1
om,7287650,1
nat,7285471,1
zoning,7285410,1
gravity,7285163,1
thumb,7284386,1
guitars,7278585,1
essence,7275414,1
mighty,7268735,1
holmes,7262057,1
gis,7259718,1
galaxy,7256361,1
caring,7253663,1
loc,7253484,1
worn,7252925,1
shaw,7250288,1
expo,7246083,1
twist,7240854,1
stomach,7234044,1
buried,7228389,1
newbie,7225056,1
ranks,7222499,1
debut,7220643,1
deny,7211272,1
anatomy,7210406,1
judy,7208668,1
trio,7201758,1
cube,7200844,1
defects,7197744,1
marker,7192496,1
clarity,7190446,1
rugs,7190103,1
settled,7183409,1
folding,7182520,1
airfare,7179198,1
vaccine,7172504,1
crap,7169097,1
fate,7163528,1
penny,7162062,1
robust,7162001,1
porter,7153875,1
jungle,7151430,1
rim,7148785,1
zen,7146814,1
ivory,7146685,1
alpine,7144035,1
dis,7141885,1
remix,7132676,1
alias,7132147,1
newer,7122879,1
kay,7122340,1
spice,7120274,1
oval,7119163,1
implies,7118895,1
soma,7116175,1
ser,7114069,1
cooler,7113822,1
donor,7096675,1
tension,7095608,1
trash,7092806,1
shapes,7092073,1
tier,7089353,1
earl,7084976,1
manor,7084688,1
diane,7081367,1
breeds,7068459,1
rapids,7068412,1
disco,7067687,1
bailey,7064210,1
eternal,7051757,1
cite,7045823,1
nam,7037733,1
pig,7028841,1
metric,7027911,1
minus,7025364,1
varied,7013799,1
grande,7012300,1
closest,7011109,1
actress,7010056,1
mess,7008727,1
assign,7007787,1
lit,7003064,1
tigers,7001213,1
aurora,7000546,1
slides,6999875,1
lender,6998474,1
shade,6996835,1
chorus,6994116,1
rhythm,6993833,1
digit,6991045,1
argued,6989831,1
dietary,6988904,1
sudden,6982423,1
lions,6980244,1
pools,6977605,1
lyric,6970278,1
speeds,6959553,1
matched,6956828,1
rope,6947989,1
dump,6942258,1
warming,6936723,1
vocals,6935028,1
chubby,6930695,1
grave,6929008,1
burner,6925111,1
foo,6923081,1
gentle,6913935,1
deeper,6910132,1
hose,6909109,1
footage,6907471,1
worthy,6907063,1
reveals,6905372,1
saints,6904519,1
carries,6902565,1
sig,6901508,1
duo,6898480,1
devon,6896016,1
saves,6892635,1
fog,6889832,1
lobby,6887477,1
punch,6872844,1
gotta,6870320,1
cowboy,6868615,1
karma,6862407,1
consist,6861709,1
betty,6858121,1
queens,6857915,1
pubs,6856583,1
tribes,6852777,1
defeat,6851628,1
clicks,6850538,1
naughty,6845743,1
hazards,6844737,1
insured,6844376,1
harper,6843424,1
tenant,6841635,1
tattoo,6839828,1
shake,6839319,1
algebra,6837784,1
shadows,6834963,1
holly,6834032,1
silly,6833654,1
yea,6831773,1
mercy,6831149,1
freely,6826769,1
sunrise,6825721,1
mild,6825099,1
fur,6824491,1
weblogs,6821124,1
tar,6815687,1
belongs,6811798,1
readily,6800893,1
soc,6796618,1
fence,6796605,1
nudist,6796558,1
ensures,6794220,1
clan,6788642,1
legally,6786936,1
shame,6785296,1
sync,6783321,1
mesa,6780960,1
fatal,6779744,1
remedy,6779161,1
briefly,6777662,1
genius,6770764,1
fighter,6769666,1
flesh,6768724,1
retreat,6768275,1
adapted,6767295,1
barely,6764292,1
estates,6762781,1
rug,6759009,1
borough,6757768,1
failing,6757353,1
ka,6754270,1
marble,6745255,1
jesse,6744751,1
hull,6744002,1
surrey,6743263,1
modular,6729139,1
giants,6724177,1
shed,6720397,1
balloon,6719614,1
memo,6710272,1
ham,6710254,1
solved,6710172,1
tide,6705696,1
funk,6697219,1
magnet,6694571,1
cayman,6691441,1
jaguar,6687890,1
reel,6687134,1
sheer,6684477,1
posing,6683144,1
wang,6682155,1
bind,6677053,1
rand,6676222,1
urgent,6674221,1
infants,6673177,1
gothic,6673024,1
witch,6671560,1
buck,6669472,1
eh,6667066,1
cohen,6665722,1
puppy,6662287,1
acre,6660361,1
graphs,6660200,1
revenge,6655322,1
expires,6654690,1
enemies,6654467,1
lows,6654240,1
aqua,6650975,1
emma,6649709,1
accepts,6647640,1
patrol,6645446,1
smell,6642666,1
pest,6638255,1
roughly,6633076,1
sticker,6632250,1
reef,6627185,1
divide,6625143,1
satin,6620674,1
bon,6619974,1
deserve,6619274,1
promo,6616863,1
worried,6610456,1
tunes,6610108,1
garbage,6609450,1
mas,6602100,1
beth,6597110,1
phrases,6596622,1
kai,6593897,1
boring,6590871,1
dom,6590045,1
jill,6589607,1
reaches,6584676,1
schema,6584321,1
sofa,6581358,1
quizzes,6574487,1
prefix,6571204,1
barrel,6568339,1
typing,6567944,1
nerve,6567418,1
dans,6566589,1
planets,6565548,1
deficit,6564569,1
boulder,6562262,1
renew,6561081,1
coupled,6560131,1
floppy,6552141,1
texture,6551718,1
jar,6549211,1
thunder,6542703,1
tent,6542394,1
caution,6542160,1
locks,6536771,1
namely,6534503,1
hack,6533909,1
dare,6533855,1
euros,6533754,1
pirates,6531487,1
aerial,6531386,1
hawk,6529086,1
rebel,6527810,1
origins,6526476,1
hired,6526426,1
makeup,6525396,1
textile,6524569,1
lamb,6524456,1
cos,6519725,1
indexes,6516296,1
pac,6515935,1
licking,6499813,1
markers,6494071,1
weights,6493767,1
lasting,6487026,1
wicked,6486222,1
eds,6486176,1
kills,6484339,1
webcams,6484304,1
pushed,6482839,1
junk,6474279,1
wax,6472822,1
slope,6469975,1
reggae,6467917,1
poet,6466394,1
surname,6464687,1
nails,6463889,1
evident,6462719,1
whats,6462263,1
rides,6461201,1
rehab,6460331,1
epic,6457720,1
nut,6455927,1
allergy,6453834,1
sake,6452394,1
twisted,6451973,1
merit,6450895,1
enzyme,6450842,1
planes,6446290,1
tackle,6445389,1
disks,6445126,1
condo,6444848,1
sans,6439653,1
fairy,6435300,1
builds,6432334,1
shaft,6431372,1
lean,6431362,1
bye,6427151,1
ana,6422027,1
kitty,6414935,1
dude,6412649,1
drain,6411642,1
monte,6411384,1
fires,6407259,1
blessed,6405474,1
favors,6399252,1
potato,6397517,1
panic,6396440,1
sticks,6393950,1
leone,6393163,1
excuse,6390272,1
reforms,6389308,1
onion,6384730,1
strand,6383185,1
lawsuit,6381221,1
alto,6380149,1
cheque,6377286,1
banners,6376393,1
reject,6375348,1
eau,6374072,1
circles,6369809,1
italic,6368489,1
beats,6367861,1
merry,6367037,1
mil,6366921,1
scuba,6366349,1
gore,6361800,1
cult,6358930,1
dash,6357959,1
passive,6357851,1
valued,6356728,1
cage,6355861,1
courage,6352530,1
gazette,6349968,1
batman,6348582,1
lap,6338010,1
jake,6335873,1
ping,6333297,1
dried,6331606,1
settle,6326394,1
knights,6324315,1
palmer,6323593,1
flux,6321668,1
derby,6319608,1
altered,6316108,1
scenic,6312130,1
sewing,6301885,1
celebs,6293895,1
propose,6292372,1
lighter,6287712,1
rage,6286645,1
uh,6281943,1
tactics,6277023,1
trusts,6275089,1
pillow,6267773,1
shorter,6265445,1
relying,6262733,1
finals,6260305,1
steal,6257493,1
parcel,6256814,1
refined,6256800,1
bo,6255729,1
fifteen,6252259,1
fears,6244239,1
predict,6242784,1
acrylic,6241613,1
rolled,6241330,1
tuner,6238319,1
rays,6225964,1
toddler,6223093,1
flavor,6222543,1
alike,6220739,1
hungry,6217455,1
acne,6215449,1
blocked,6214606,1
libs,6202263,1
undo,6201919,1
halo,6194202,1
strikes,6186772,1
lesser,6186413,1
ant,6182704,1
gays,6180881,1
apt,6178351,1
dressed,6178034,1
scout,6176157,1
exec,6175969,1
dealt,6174968,1
niagara,6173308,1
charms,6168055,1
trader,6166016,1
bucks,6165133,1
denial,6157847,1
thrown,6153088,1
prepaid,6151760,1
raises,6150727,1
gem,6147908,1
electro,6146299,1
badge,6145138,1
wrist,6143580,1
heath,6139151,1
ballot,6136404,1
varying,6133265,1
trustee,6132688,1
angola,6127254,1
squirt,6126880,1
realm,6122762,1
jenny,6118544,1
helmet,6117300,1
tsunami,6108023,1
scholar,6106465,1
nickel,6105089,1
psi,6101411,1
buses,6101027,1
geology,6099879,1
coating,6098897,1
wallet,6097891,1
cleared,6097495,1
smilies,6093367,1
vids,6092312,1
boating,6091365,1
corners,6087498,1
broader,6086711,1
rouge,6084449,1
yeast,6083904,1
yale,6083140,1
pas,6077603,1
coated,6071039,1
intend,6069497,1
doom,6066610,1
hitting,6061673,1
beings,6059538,1
bite,6058201,1
aquatic,6056753,1
habits,6054045,1
myth,6053018,1
gig,6049004,1
gilbert,6048799,1
brook,6044943,1
outputs,6043129,1
insulin,6039475,1
assured,6038675,1
weed,6037596,1
accent,6036395,1
eleven,6033802,1
wives,6031432,1
ambient,6031360,1
utilize,6030953,1
mileage,6029552,1
adaptor,6027066,1
auburn,6026025,1
unlock,6026007,1
pledge,6025016,1
vampire,6024192,1
relates,6023862,1
xerox,6022102,1
dice,6021831,1
merger,6021111,1
quad,6017819,1
dock,6017754,1
mods,6017018,1
framing,6016034,1
sorts,6005834,1
hint,6001895,1
armor,6001844,1
riders,6001273,1
remark,5999841,1
dozens,5999337,1
varies,5999198,1
picking,5990492,1
guards,5989547,1
buys,5986960,1
nudity,5978413,1
pockets,5975452,1
granny,5975081,1
pork,5973507,1
viral,5969493,1
inquire,5968138,1
pipes,5966191,1
laden,5964620,1
realtor,5962026,1
merge,5961585,1
chassis,5955012,1
barn,5952183,1
pushing,5952141,1
fleece,5950232,1
fare,5949355,1
pierce,5946907,1
sperm,5944531,1
bald,5944017,1
craps,5943974,1
fuji,5943699,1
frost,5940685,1
mold,5937161,1
dame,5935872,1
sally,5933047,1
yacht,5932756,1
prefers,5931628,1
herb,5930548,1
ate,5929336,1
breach,5928795,1
whale,5928569,1
idle,5921579,1
mustang,5920696,1
fin,5916557,1
wiring,5915941,1
io,5915106,1
pastor,5915067,1
mud,5915017,1
uni,5909498,1
shark,5904454,1
phases,5901947,1
emerald,5900723,1
grows,5899321,1
cliff,5898886,1
tract,5897046,1
ballet,5896294,1
bumper,5888291,1
webpage,5887682,1
garlic,5884664,1
hostels,5882823,1
shine,5881862,1
banned,5873696,1
briefs,5872333,1
diffs,5870429,1
cove,5868737,1
ozone,5865280,1
casa,5862928,1
mu,5862273,1
radios,5858974,1
tariff,5858045,1
pasta,5855460,1
muscles,5855328,1
serum,5854942,1
wrapped,5852802,1
swift,5850031,1
inbox,5845223,1
focal,5844761,1
vagina,5844003,1
distant,5843044,1
ala,5842094,1
decimal,5842077,1
dip,5839794,1
samba,5838327,1
hostel,5837147,1
employ,5836385,1
penguin,5835109,1
magical,5834922,1
miracle,5829725,1
reprint,5827192,1
flex,5822075,1
yearly,5822036,1
wound,5820050,1
belle,5820002,1
hash,5816883,1
hamburg,5815407,1
lazy,5813872,1
fathers,5808095,1
carb,5806756,1
marvel,5803188,1
lined,5802278,1
dow,5798818,1
petite,5796298,1
terrain,5793822,1
dui,5793574,1
pens,5793328,1
yen,5792863,1
strips,5791691,1
gossip,5789586,1
rangers,5785364,1
rotary,5782181,1
worm,5782079,1
boxed,5778226,1
lid,5776418,1
cubic,5774261,1
deaf,5774245,1
kinase,5772539,1
skirts,5771336,1
mats,5769854,1
labeled,5765620,1
marking,5763345,1
sheriff,5758797,1
griffin,5758614,1
spies,5756937,1
blah,5755885,1
mime,5755769,1
elect,5748899,1
deadly,5740299,1
cunt,5737830,1
bunny,5730050,1
chevy,5729809,1
rounds,5728310,1
longest,5727593,1
keen,5719759,1
flyer,5718564,1
peas,5718446,1
dosage,5718176,1
baking,5711682,1
needle,5708007,1
baths,5707960,1
brakes,5706374,1
nirvana,5702748,1
ko,5702467,1
owns,5702245,1
til,5700373,1
sticky,5698936,1
destiny,5698721,1
madness,5698238,1
emacs,5697594,1
climb,5697476,1
blowing,5695084,1
heated,5694239,1
hay,5688403,1
cardiac,5684878,1
dover,5683356,2
brutal,5675803,2
token,5672353,2
zinc,5671140,2
seekers,5668954,2
guru,5668074,2
yields,5663314,2
levy,5663032,2
suited,5662955,2
numeric,5662908,2
skating,5660985,2
kinda,5660928,2
emperor,5660656,2
grad,5658668,2
bras,5656032,2
belts,5651790,2
blacks,5650814,2
rebates,5648615,2
burke,5646090,2
proudly,5645732,2
pix,5645638,2
mic,5643454,2
pulling,5640701,2
kyle,5640039,2
obesity,5640025,2
curves,5638455,2
touring,5635653,2
vertex,5633609,2
tomato,5630352,2
expired,5626476,2
travels,5625413,2
flush,5625285,2
waiver,5625238,2
pale,5622699,2
delight,5619474,2
moses,5615802,2
counted,5615635,2
declare,5612067,2
johns,5610302,2
valves,5609119,2
gaps,5608655,2
donors,5607009,2
tear,5605530,2
jewel,5603871,2
teddy,5602073,2
teaches,5599377,2
nil,5598171,2
tragedy,5594610,2
nest,5593866,2
pam,5592553,2
dryer,5592001,2
painful,5591729,2
velvet,5591498,2
ruled,5589851,2
prayers,5587372,2
funky,5587279,2
nowhere,5582367,2
cop,5581961,2
gale,5578617,2
joins,5578553,2
dim,5575497,2
lately,5574422,2
scary,5571680,2
banana,5567941,2
cakes,5565500,2
stan,5563253,2
idol,5560487,2
bloody,5559606,2
mixer,5558245,2
remind,5558174,2
tooth,5551049,2
stays,5547528,2
affair,5545856,2
drove,5545848,2
washer,5545568,2
upset,5544484,2
beside,5543255,2
mines,5542234,2
rebound,5540042,2
logan,5539308,2
mentor,5537836,2
fought,5535215,2
metres,5533820,2
pencil,5527529,2
freeze,5526731,2
titled,5523710,2
sphere,5522351,2
moss,5518013,2
ratios,5517678,2
concord,5516199,2
walnut,5509894,2
lance,5509634,2
ladder,5508719,2
cork,5502436,2
workout,5497220,2
mali,5496693,2
colon,5494297,2
lanes,5489762,2
purse,5488891,2
stating,5483075,2
dome,5482989,2
leu,5480452,2
align,5478643,2
bless,5477461,2
crest,5477034,2
triumph,5473738,2
welding,5471850,2
orgasm,5470251,2
heel,5468921,2
alloy,5468839,2
condos,5466903,2
plots,5466589,2
yang,5465949,2
gently,5465493,2
locking,5463134,2
draws,5458448,2
fridge,5458180,2
blanket,5457762,2
bloom,5456938,2
lou,5451701,2
justify,5448520,2
blades,5446861,2
loops,5439483,2
surge,5436623,2
trauma,5434737,2
aw,5433668,2
advert,5431594,2
possess,5431346,2
sip,5430090,2
vanilla,5422197,2
picnic,5417141,2
souls,5416970,2
spank,5416004,2
dumb,5409969,2
hollow,5408962,2
vault,5408483,2
groove,5407261,2
pursuit,5404544,2
wires,5401677,2
mails,5397230,2
backing,5397022,2
sleeps,5396170,2
dee,5393038,2
travis,5392450,2
endless,5392222,2
figured,5390310,2
orbit,5389062,2
bacon,5385205,2
heater,5380658,2
colony,5378572,2
cannon,5377826,2
circus,5377139,2
mae,5375608,2
mel,5372436,2
spine,5370074,2
trout,5369048,2
feat,5368462,2
cooked,5367778,2
fatty,5363547,2
pressed,5362732,2
scanned,5360194,2
hunger,5358049,2
sic,5357059,2
surgeon,5350136,2
cement,5349862,2
missile,5339587,2
closes,5334414,2
conf,5331767,2
assists,5331190,2
glow,5329899,2
auditor,5328551,2
violin,5327802,2
prophet,5326547,2
bracket,5321561,2
oxide,5321340,2
oaks,5320404,2
modems,5315313,2
harmful,5313786,2
glucose,5301959,2
phantom,5301147,2
norm,5299839,2
turtle,5297998,2
warned,5292851,2
neural,5292673,2
ware,5292386,2
fossil,5291925,2
badly,5290145,2
apollo,5286526,2
wan,5285316,2
robots,5274525,2
jade,5272655,2
scoop,5272369,2
foul,5268620,2
keno,5268379,2
earning,5266443,2
mailman,5266389,2
nested,5265588,2
movers,5261231,2
verbal,5259521,2
blink,5257629,2
seas,5254799,2
novelty,5252481,2
tiles,5251527,2
pose,5242405,2
fuzzy,5241931,2
grams,5240826,2
budgets,5237019,2
toolkit,5233016,2
goat,5231735,2
render,5231571,2
carmen,5230762,2
sen,5230325,2
erotica,5228241,2
sail,5227908,2
forge,5226805,2
dense,5225392,2
brave,5221356,2
awful,5217370,2
impose,5214173,2
viewers,5210800,2
enters,5207370,2
pod,5206411,2
savage,5205858,2
willow,5203465,2
resumes,5202233,2
bolt,5202005,2
gage,5201723,2
existed,5200469,2
whore,5199489,2
wagon,5198530,2
barbie,5198277,2
favour,5196953,2
knock,5196013,2
urge,5195810,2
peers,5188853,2
optimum,5188219,2
neon,5187838,2
quilt,5187075,2
ours,5182681,2
mounts,5182090,2
lone,5180561,2
refresh,5180203,2
webcast,5177898,2
subtle,5175269,2
stripes,5172728,2
cope,5168827,2
cradle,5166543,2
mambo,5164902,2
lime,5164527,2
kirk,5164081,2
flour,5162842,2
bool,5158145,2
choir,5156247,2
blond,5155053,2
expects,5154931,2
jumping,5154366,2
fabrics,5152660,2
polymer,5151969,2
hygiene,5151461,2
wit,5149169,2
poultry,5148028,2
virtue,5147800,2
burst,5147573,2
bouquet,5143984,2
mandate,5142448,2
spas,5141268,2
corpus,5137372,2
fibre,5134463,2
shades,5133522,2
jets,5131839,2
indices,5131700,2
adware,5130713,2
daisy,5124326,2
cursor,5122085,2
donated,5120422,2
stuffed,5120285,2
insects,5119814,2
crude,5119129,2
maiden,5118578,2
viking,5115013,2
myrtle,5114989,2
bored,5114852,2
cleanup,5113575,2
yarn,5113505,2
knit,5113070,2
mug,5112219,2
bother,5111764,2
mating,5102029,2
compute,5101135,2
redhead,5100843,2
arrives,5100329,2
tractor,5098075,2
ob,5095292,2
unwrap,5094329,2
fares,5093799,2
resist,5090633,2
hoped,5086531,2
pike,5085622,2
safer,5085040,2
ids,5082346,2
touched,5080398,2
cologne,5078538,2
wishing,5077786,2
ranger,5076621,2
marsh,5073104,2
scared,5071401,2
theta,5070673,2
bent,5070333,2
asylum,5065723,2
stake,5061965,2
outlets,5061151,2
arbor,5057261,2
poison,5056083,2
costly,5054951,2
stitch,5049524,2
rifle,5047417,2
notable,5044802,2
warfare,5044170,2
mama,5042818,2
inland,5042715,2
racism,5035527,2
accord,5034197,2
modest,5033760,2
gamers,5033404,2
sorting,5032442,2
liaison,5032366,2
unused,5028967,2
bulbs,5028440,2
sandals,5021707,2
insure,5018519,2
clarify,5016927,2
waist,5013500,2
fatigue,5010911,2
owl,5010726,2
patriot,5010718,2
sewer,5008805,2
treats,5005269,2
vitro,5000420,2
exceeds,4999388,2
gallon,4998083,2
coil,4997563,2
battles,4997226,2
traders,4995823,2
bitter,4995265,2
burned,4993504,2
dragons,4992842,2
romeo,4990395,2
din,4990283,2
turks,4986307,2
roma,4984846,2
demos,4984806,2
att,4983068,2
vet,4982559,2
sided,4982500,2
depart,4975122,2
grading,4974318,2
tenants,4973987,2
lily,4972288,2
minded,4968607,2
resin,4966700,2
allies,4965121,2
crossed,4962660,2
linen,4960413,2
seals,4958012,2
nominal,4957994,2
decay,4956622,2
quartz,4953889,2
eighth,4949260,2
usher,4948609,2
buffet,4934144,2
skate,4932092,2
joey,4925455,2
hackers,4923452,2
tilt,4923123,2
granite,4921138,2
lynch,4920597,2
masses,4919548,2
athlete,4918312,2
franc,4916960,2
bead,4916807,2
enforce,4916571,2
leak,4914623,2
hm,4912277,2
adviser,4911485,2
flats,4911343,2
booklet,4909462,2
heels,4907543,2
voter,4905374,2
urine,4903932,2
capri,4902351,2
towel,4901668,2
ginger,4901078,2
suburbs,4899548,2
imagery,4898768,2
sears,4897480,2
als,4895759,2
flies,4894680,2
crying,4891725,2
crane,4888961,2
rotten,4883839,2
garnet,4880977,2
habit,4880657,2
bulb,4879829,2
honour,4879119,2
useless,4876437,2
iris,4874649,2
coupe,4874541,2
bach,4872909,2
manages,4872225,2
erosion,4871884,2
khan,4870468,2
peters,4867213,2
clever,4865097,2
primer,4864138,2
che,4863235,2
lords,4862111,2
tends,4861901,2
handbag,4858848,2
bypass,4856691,2
logout,4852863,2
sixty,4851534,2
exploit,4851510,2
orgies,4849647,2
hogtied,4843474,2
spark,4842423,2
lin,4841305,2
clipart,4839466,2
pathway,4837820,2
shallow,4834372,2
stir,4833763,2
spike,4833410,2
plated,4833142,2
drawer,4830969,2
spectra,4828972,2
lifting,4828674,2
curtain,4827869,2
davies,4827372,2
pilots,4826195,2
mailbox,4825513,2
pile,4824165,2
humour,4821851,2
caller,4818758,2
het,4815974,2
tonga,4813052,2
mol,4813019,2
imprint,4812829,2
goodbye,4803952,2
viable,4802961,2
emerged,4802573,2
defect,4801184,2
poorly,4799466,2
goddess,4797599,2
backs,4797208,2
magnets,4795273,2
nas,4792910,2
argues,4792469,2
wade,4791878,2
soils,4789565,2
chapman,4787251,2
organs,4787006,2
loyalty,4785195,2
beloved,4781714,2
beating,4778020,2
hunks,4776866,2
offence,4775626,2
expands,4770776,2
lithium,4769453,2
sedan,4769270,2
pony,4769062,2
leap,4767538,2
swan,4765643,2
facials,4764295,2
airways,4760691,2
refill,4759900,2
sailor,4759044,2
lining,4758401,2
banquet,4757535,2
cares,4757269,2
flora,4756211,2
statue,4753368,2
equals,4749787,2
hardy,4748572,2
jumper,4746695,2
caravan,4746134,2
harness,4745215,2
majors,4745096,2
bells,4743841,2
yankees,4742956,2
gal,4740469,2
freeman,4737933,2
denim,4737554,2
scat,4737410,2
ems,4737189,2
puppies,4733987,2
trophy,4731863,2
emotion,4731715,2
nets,4730591,2
sights,4730414,2
liquor,4727484,2
wounded,4725318,2
bash,4721893,2
tot,4719021,2
doses,4717242,2
educate,4716370,2
baked,4716100,2
glove,4714578,2
rem,4706130,2
trojan,4701127,2
spinal,4699709,2
sooner,4695133,2
enacted,4693719,2
tenure,4693409,2
plush,4692870,2
weber,4692730,2
biotech,4691289,2
elk,4688629,2
nelly,4686900,2
fulfill,4686761,2
urged,4685830,2
brent,4683680,2
gaining,4682505,2
cis,4681533,2
shifts,4678539,2
barcode,4676162,2
adapt,4675567,2
therein,4663852,2
rex,4659516,2
fuels,4657731,2
soy,4652673,2
greens,4643986,2
neat,4643885,2
naming,4643682,2
stern,4643592,2
shawn,4642740,2
bud,4638865,2
slaves,4638584,2
dentist,4638330,2
mis,4637449,2
crafted,4637231,2
tutor,4635949,2
idiot,4635830,2
mickey,4634100,2
debit,4633794,2
aliens,4632962,2
domino,4631579,2
edits,4631228,2
raven,4630541,2
strains,4629474,2
slice,4628779,2
tanning,4627015,2
gambia,4626541,2
aspen,4626441,2
lacking,4626224,2
angles,4623376,2
lemma,4623172,2
sensing,4619533,2
venus,4618752,2
bump,4618593,2
cowboys,4617968,2
flames,4617157,2
auf,4615854,2
halls,4607236,2
pause,4606318,2
relaxed,4603097,2
demon,4602331,2
handler,4597107,2
aunt,4594042,2
crow,4592109,2
decides,4588774,2
caption,4588270,2
toledo,4584255,2
asses,4583177,2
compass,4581869,2
closet,4581735,2
reebok,4581373,2
couch,4581367,2
evolved,4581246,2
downs,4578206,2
rogue,4576302,2
unfair,4575832,2
rebuild,4569457,2
vacant,4569268,2
fixing,4568792,2
gram,4566651,2
hiding,4565153,2
dye,4564149,2
sits,4562414,2
shelves,4560501,2
toes,4560478,2
cleaned,4560058,2
honored,4559668,2
optic,4558869,2
insect,4554595,2
diaries,4553662,2
chili,4553187,2
grief,4552843,2
sweat,4551615,2
dolphin,4551363,2
wonders,4549608,2
masks,4548281,2
celeb,4548138,2
bust,4547742,2
lateral,4547513,2
quake,4544481,2
alley,4541475,2
sanders,4540478,2
refunds,4536684,2
tina,4536345,2
cola,4530545,2
twain,4530277,2
dew,4526551,2
breeze,4523241,2
debates,4522758,2
gems,4520987,2
cert,4520520,2
buffy,4519674,2
yankee,4510747,2
outs,4507979,2
snacks,4505575,2
booster,4503857,2
taxable,4503785,2
gum,4503031,2
saddle,4499280,2
malaria,4498988,2
loyal,4498834,2
torrent,4498350,2
ufo,4497899,2
renal,4494106,2
fedora,4493785,2
odyssey,4493747,2
spite,4493143,2
capita,4492737,2
imply,4491299,2
freezer,4489766,2
wholly,4489721,2
chill,4489643,2
embrace,4489178,2
liner,4486145,2
manila,4485946,2
purely,4484258,2
fry,4482394,2
lifts,4479565,2
vivid,4479514,2
enroll,4479470,2
daemon,4476792,2
foil,4476123,2
buddies,4475347,2
alarms,4474450,2
hunters,4473745,2
crashes,4471155,2
stairs,4470593,2
pogo,4468856,2
acted,4468180,2
hotline,4463968,2
amps,4463451,2
skull,4457991,2
servant,4456781,2
falcon,4456679,2
jointly,4456642,2
avoided,4449801,2
tick,4449569,2
ladyboy,4449111,2
terrier,4448988,2
renewed,4446343,2
variant,4444856,2
riley,4443795,2
critic,4442069,2
squares,4440122,2
ninja,4439780,2
deg,4438827,2
bot,4438718,2
lea,4438618,2
vans,4437716,2
od,4436928,2
voucher,4436854,2
glue,4435595,2
cone,4429970,2
margins,4428969,2
sands,4428127,2
bucket,4415452,2
steak,4413680,2
commits,4413217,2
cobra,4412823,2
subset,4412351,2
threw,4410853,2
zombie,4406565,2
apo,4400599,2
recruit,4397367,2
gals,4397011,2
hoc,4396598,2
bidders,4396096,2
wherein,4395949,2
dessert,4392650,2
ninth,4390562,2
mutant,4389772,2
nos,4388293,2
marry,4388137,2
bounce,4383170,2
spiral,4381596,2
wills,4376548,2
atoms,4375988,2
tissues,4375348,2
drake,4373046,2
olds,4370826,2
ramp,4370357,2
nicely,4366949,2
laurel,4365465,2
rails,4364886,2
fried,4364192,2
traded,4363231,2
vivo,4362591,2
malls,4362513,2
shrimp,4361942,2
chords,4361267,2
scooter,4359214,2
wap,4356647,2
desires,4356398,2
woody,4355633,2
cried,4352198,2
psychic,4352052,2
cracks,4351973,2
lotion,4349478,2
beaten,4346610,2
visions,4340352,2
topical,4338016,2
cocaine,4337187,2
tucker,4335174,2
plugs,4333394,2
coded,4330278,2
supra,4329457,2
omitted,4329280,2
molly,4328076,2
pear,4324248,2
chiefs,4321619,2
parkway,4317891,2
clue,4315669,2
scandal,4315093,2
duff,4314675,2
lodges,4314249,2
dangers,4313168,2
bonuses,4311967,2
scam,4311808,2
scream,4310000,2
biking,4309804,2
pirate,4308440,2
timeout,4305584,2
senses,4305427,2
repeats,4302320,2
willie,4301619,2
rival,4298220,2
ops,4294947,2
slower,4293888,2
beck,4290667,2
huh,4290479,2
beige,4288534,2
restart,4284959,2
rounded,4284892,2
vanity,4284766,2
tome,4282614,2
prof,4282231,2
homer,4281428,2
hmm,4279237,2
gases,4277836,2
dioxide,4276462,2
genus,4275567,2
cutter,4273307,2
roofing,4265875,2
elastic,4265135,2
melody,4264666,2
sins,4263660,2
cousin,4263150,2
hath,4262812,2
torque,4262432,2
recalls,4262019,2
debts,4259542,2
renting,4259490,2
burial,4258160,2
balcony,4258129,2
prop,4254743,2
myths,4253827,2
knees,4250743,2
neglect,4250016,2
emerge,4249371,2
clutch,4248843,2
shy,4248699,2
poets,4248574,2
woven,4248524,2
pedro,4247791,2
maid,4247185,2
towels,4244863,2
barber,4241984,2
rigid,4240019,2
ret,4235970,2
haha,4235879,2
salsa,4234056,2
blown,4229918,2
baton,4229776,2
barton,4228071,2
rods,4226391,2
abbey,4224864,2
pigs,4224549,2
jerseys,4222586,2
refugee,4221434,2
straps,4220473,2
maya,4220258,2
stained,4217928,2
marital,4217902,2
hex,4217438,2
slavery,4214907,2
evite,4214149,2
romans,4213605,2
shores,4211229,2
fest,4210656,2
flowing,4208602,2
diets,4207940,2
deed,4207336,2
sauna,4202256,2
sustain,4199639,2
bowls,4193933,2
cosmic,4191929,2
lengths,4190306,2
beacon,4190278,2
hoover,4189070,2
quartet,4182986,2
cruel,4180956,2
conform,4177976,2
helmets,4177803,2
firing,4176080,2
eager,4175668,2
vacancy,4171263,2
papa,4170314,2
chang,4168927,2
gloria,4167872,2
pupil,4167137,2
feast,4166016,2
maggie,4165430,2
canton,4164322,2
warn,4160789,2
clit,4159110,2
bonnie,4156792,2
laying,4156210,2
cops,4155366,2
fedex,4153858,2
strive,4152261,2
shells,4149003,2
painter,4148778,2
cooker,4147009,2
ankle,4146793,2
peso,4146603,2
leagues,4145615,2
monkeys,4143859,2
digits,4140271,2
err,4139438,2
banker,4138729,2
sup,4138281,2
easiest,4138022,2
borrow,4137645,2
bamboo,4136702,2
denotes,4135758,2
ki,4132670,2
vectors,4132345,2
decks,4131188,2
stepped,4130208,2
vent,4130004,2
blunt,4129800,2
react,4126376,2
rises,4124482,2
issuing,4123334,2
heaters,4122650,2
accents,4122134,2
insane,4121922,2
buddha,4121656,2
voyage,4119859,2
een,4119433,2
colonel,4118477,2
sketch,4118317,2
nightly,4115392,2
dancer,4109747,2
coats,4107452,2
pol,4104771,2
firmly,4103216,2
doo,4102101,2
dots,4101380,2
mugs,4098204,2
washed,4096107,2
mosaic,4094867,2
fiesta,4094679,2
vase,4093494,2
filings,4092206,2
forcing,4091794,2
fairs,4091127,2
flute,4090740,2
sizing,4090106,2
meadows,4088809,2
harsh,4087715,2
outfit,4087628,2
cease,4081957,2
aboard,4080258,2
joints,4078045,2
poles,4074284,2
bounds,4073402,2
vera,4071447,2
devils,4069685,2
dignity,4068074,2
sliding,4064583,2
napa,4064026,2
homo,4058353,2
pier,4057622,2
nazi,4055501,2
cote,4055395,2
arrays,4053994,2
fellows,4051629,2
perkins,4049397,2
ideally,4048227,2
splash,4047574,2
equip,4044391,2
saga,4044373,2
gran,4042239,2
hedge,4041429,2
fender,4039339,2
violet,4038524,2
dancers,4037631,2
rue,4033203,2
handset,4032942,2
maxwell,4031674,2
curry,4029540,2
oblique,4027970,2
pearls,4027893,2
worms,4027528,2
apples,4024590,2
elf,4024474,2
pouch,4023912,2
advent,4023874,2
hooks,4023408,2
singers,4022824,2
mayo,4021666,2
mansion,4019687,2
cha,4019243,2
arsenal,4017059,2
dub,4017027,2
screws,4016747,2
pyramid,4016467,2
enjoys,4016306,2
hacking,4013671,2
stripe,4013275,2
peaks,4011396,2
tai,4011354,2
lisp,4008283,2
pak,4004319,2
keynote,4003270,2
mos,4002363,2
planted,4001421,2
spoon,4000406,2
bombs,3999701,2
niche,3999108,2
cigar,3993843,2
vis,3991760,2
chin,3986552,2
locker,3985812,2
squash,3985349,2
spotted,3982290,2
curse,3982181,2
coconut,3979631,2
wont,3978693,2
forex,3977390,2
removes,3976233,2
ew,3976132,2
titan,3974407,2
tumors,3973566,2
booked,3972989,2
lumber,3970464,2
pillows,3969760,2
portals,3969382,2
asleep,3967813,2
shout,3965861,2
nudes,3964133,2
hubs,3963468,2
whoever,3961970,2
subway,3959823,2
straw,3958211,2
lifted,3957493,2
mankind,3957434,2
citrus,3955640,2
upright,3954150,2
reuse,3950428,2
shocked,3948680,2
bakery,3947064,2
orchid,3946535,2
loses,3942953,2
widget,3942410,2
suede,3941313,2
soda,3940026,2
waited,3938627,2
peach,3938068,2
breathe,3933278,2
diaper,3933145,2
smiling,3931929,2
ounces,3931022,2
uncut,3929056,2
intact,3928069,2
noting,3925386,2
samurai,3924698,2
duplex,3922761,2
ivy,3922494,2
lightly,3921147,2
runners,3917217,2
stove,3914849,2
talents,3913506,2
refuge,3910887,2
carved,3908746,2
ark,3908616,2
freak,3908219,2
bluff,3906671,2
jasper,3905781,2
sed,3905643,2
newborn,3905331,2
sadly,3905175,2
laughed,3904519,2
avail,3902711,2
orchard,3900891,2
deploy,3898491,2
hatch,3896261,2
tomb,3894685,2
regina,3894408,2
stein,3893544,2
spill,3890646,2
drift,3889505,2
autism,3886220,2
fuller,3885291,2
bombing,3884875,2
metrics,3883192,2
crisp,3880385,2
cor,3879006,2
goo,3878783,2
prom,3877689,2
scans,3877627,2
keeper,3877357,2
spells,3875038,2
vaginal,3873132,2
rookie,3870767,2
environ,3870498,2
births,3867031,2
cubs,3863171,2
wheeler,3862107,2
ritual,3861920,2
pulp,3860989,2
onset,3858839,2
enzymes,3858286,2
assay,3855224,2
jacuzzi,3855111,2
pots,3854743,2
parser,3853138,2
slam,3851407,2
tents,3850460,2
plaque,3850381,2
lowe,3849640,2
beavers,3848670,2
crib,3847659,2
styling,3847444,2
snack,3847152,2
pulls,3846669,2
quietly,3842577,2
scenery,3842099,2
coca,3841473,2
drying,3837655,2
noun,3837137,2
learner,3834055,2
swallow,3832303,2
tara,3831476,2
squid,3828491,2
marines,3828140,2
proves,3826270,2
trilogy,3825206,2
crab,3824989,2
maxim,3820484,2
hike,3820168,2
bore,3819820,2
ars,3818073,2
cows,3816319,2
slate,3813904,2
peel,3810917,2
cue,3810147,2
debris,3806697,2
han,3806541,2
pagan,3805644,2
chopped,3804704,2
widow,3804620,2
sac,3803083,2
peg,3802883,2
sleeves,3801642,2
vibrant,3800268,2
sweater,3798820,2
skies,3796788,2
burners,3795089,2
alison,3793481,2
kicks,3792491,2
canoe,3790795,2
reminds,3789917,2
corrupt,3788784,2
drought,3786273,2
bake,3785783,2
symptom,3784339,2
audits,3782927,2
scaling,3780114,2
juicy,3778910,2
fave,3778307,2
moody,3776452,2
grains,3772543,2
thyroid,3772023,2
heal,3769650,2
wizards,3769098,2
mum,3764100,2
pedal,3763705,2
storing,3762383,2
tote,3761953,2
jumped,3761906,2
tuned,3761208,2
alfa,3759405,2
staples,3759213,2
twp,3759094,2
sour,3757799,2
rename,3757535,2
markup,3757429,2
scrap,3757085,2
blondes,3753451,2
sock,3748769,2
copier,3747909,2
terra,3747696,2
literal,3747449,2
guiding,3747104,2
vapor,3744912,2
beware,3744629,2
aloud,3743858,2
overlap,3743117,2
bail,3739601,2
goose,3739382,2
cruiser,3735652,2
gifted,3733747,2
esteem,3733585,2
cascade,3732995,2
endorse,3732894,2
strokes,3732810,2
hen,3732543,2
mib,3731368,2
landed,3730816,2
nucleus,3730601,2
tees,3730254,2
scouts,3729780,2
warsaw,3729488,2
mist,3728769,2
verb,3726924,2
tec,3726338,2
chic,3725795,2
hydro,3725464,2
playa,3723548,2
noisy,3722908,2
abide,3722809,2
vest,3719017,2
neal,3718387,2
regret,3716789,2
stakes,3715795,2
brigade,3711855,2
movable,3710553,2
doubles,3709489,2
bliss,3708978,2
tens,3707380,2
litter,3706640,2
parse,3698919,2
rugged,3698606,2
jelly,3698541,2
puma,3696953,2
appoint,3696615,2
humble,3693501,2
toc,3693115,2
petrol,3690703,2
midway,3690431,2
mania,3688699,2
ax,3687441,2
flyers,3685163,2
hostile,3684268,2
whites,3683340,2
rant,3683247,2
trapped,3683039,2
bolts,3682849,2
locals,3682503,2
fringe,3682385,2
typed,3681027,2
ego,3678432,2
gill,3672989,2
tattoos,3672724,2
rude,3672620,2
sang,3669266,2
citing,3668594,2
peptide,3667831,2
nay,3667089,2
hassle,3665939,2
regents,3665656,2
docket,3661940,2
nordic,3660365,2
curl,3659178,2
thirds,3655965,2
deli,3655555,2
intern,3654560,2
darling,3653817,2
oppose,3653137,2
cheer,3648929,2
clutter,3648587,2
vine,3646014,2
vale,3645802,2
whereby,3645304,2
sparks,3644341,2
simpler,3642315,2
clamp,3639509,2
cur,3639449,2
mammals,3639188,2
grape,3638159,2
cloning,3638136,2
madden,3637266,2
peppers,3636873,2
deeds,3636121,2
lively,3635880,2
tripod,3633813,2
alright,3632981,2
laguna,3632280,2
limo,3631696,2
aligned,3630260,2
rust,3629881,2
traps,3628684,2
shuffle,3627654,2
vin,3627453,2
racer,3625077,2
guilt,3623942,2
sweep,3623863,2
avid,3621749,2
bladder,3621454,2
lam,3621434,2
bets,3619444,2
ducks,3618693,2
shooter,3617812,2
paints,3617496,2
carr,3615873,2
fade,3615179,2
tastes,3613970,2
storms,3613499,2
smiled,3613070,2
lunar,3611744,2
shields,3610577,2
inserts,3606774,2
posed,3604888,2
tasting,3603798,2
mob,3599356,2
expose,3598867,2
arises,3597654,2
branded,3595078,2
manning,3593144,2
forks,3592612,2
monk,3592443,2
boxer,3592432,2
shining,3592416,2
weigh,3587993,2
rodeo,3587192,2
voyager,3586400,2
sampler,3583120,2
moose,3581329,2
checker,3577995,2
crush,3576348,2
mystic,3575548,2
pooh,3574313,2
shaping,3573290,2
ich,3571980,2
afghan,3571609,2
inspire,3569444,2
torn,3569094,2
pumping,3568469,2
revival,3567939,2
lever,3566558,2
regency,3565737,2
tasty,3565676,2
midland,3564344,2
gag,3563372,2
heck,3561865,2
rants,3561826,2
tarot,3561389,2
bark,3559940,2
carts,3559795,2
wasted,3559742,2
cocoa,3557169,2
invites,3556927,2
cushion,3556775,2
lynx,3555424,2
goa,3555223,2
footer,3554458,2
jedi,3554006,2
panther,3552330,2
mixes,3552046,2
graves,3552013,2
ghetto,3550613,2
meadow,3549050,2
panty,3546636,2
feeder,3545920,2
mercer,3545626,2
roms,3544856,2
goodman,3544327,2
subunit,3543568,2
kane,3541542,2
bulls,3540837,2
hurry,3536968,2
ug,3533520,2
odor,3532168,2
reactor,3531860,2
wastes,3531476,2
telnet,3531383,2
clash,3531117,2
biker,3530897,2
parked,3530425,2
sis,3530367,2
flew,3529715,2
peanut,3529318,2
holden,3529238,2
ale,3528963,2
trumpet,3526876,2
kaiser,3525640,2
neurons,3522853,2
ios,3522845,2
retire,3522241,2
rumors,3522170,2
apex,3518314,2
crimson,3518175,2
needing,3515408,2
stain,3512824,2
wished,3512525,2
kicked,3510100,2
curb,3509257,2
gadget,3508749,2
reign,3505605,2
trivial,3505592,2
deco,3505499,2
ticker,3505466,2
coke,3505322,2
clauses,3504800,2
baron,3504549,2
remover,3504164,2
bates,3503755,2
brasil,3503070,2
webs,3501990,2
thrust,3500671,2
proving,3500329,2
prod,3498498,2
novice,3498131,2
dei,3495746,2
cane,3494916,2
fury,3493188,2
stiff,3492842,2
encoded,3492618,2
noah,3490320,2
wore,3490088,2
traces,3488821,2
rabbi,3488700,2
sushi,3488691,2
puffy,3488647,2
elbow,3484326,2
fights,3483909,2
stark,3479265,2
padded,3476722,2
applet,3476474,2
circa,3475462,2
revise,3475221,2
uranium,3471336,2
honours,3471334,2
hut,3471098,2
antigen,3470196,2
refusal,3466381,2
lima,3465904,2
weaver,3464764,2
secular,3463905,2
macros,3463828,2
majesty,3463329,2
fishery,3461156,2
dues,3458564,2
pewter,3458542,2
pumpkin,3457437,2
notably,3457363,2
intends,3457058,2
garment,3454166,2
razor,3451657,2
cough,3451640,2
grandma,3450933,2
gigs,3449514,2
oceans,3449148,2
arrows,3447386,2
eureka,3445857,2
plea,3445286,2
bundles,3444807,2
isles,3443470,2
ovens,3443150,2
priests,3439634,2
prey,3437872,2
tas,3436669,2
zodiac,3436050,2
tubing,3435220,2
fencing,3434739,2
artery,3434468,2
inlet,3433125,2
rub,3432829,2
violate,3432718,2
realise,3432591,2
fluids,3432473,2
lick,3431970,2
vanessa,3431779,2
gov,3431706,2
stealth,3431519,2
ness,3430085,2
canopy,3426751,2
gloss,3426618,2
panda,3424825,2
whip,3423347,2
porch,3420626,2
emailed,3418262,2
concise,3414187,2
fibers,3413234,2
handful,3413211,2
brains,3413001,2
eaten,3412832,2
indigo,3412827,2
webring,3410783,2
motions,3409091,2
shampoo,3404715,2
excite,3404340,2
rebels,3403877,2
vac,3401745,2
pseudo,3401665,2
gu,3400337,2
quoting,3399751,2
sinks,3399604,2
steep,3399504,2
dinar,3399128,2
dynasty,3398997,2
creed,3398609,2
carat,3398374,2
nan,3398089,2
raiders,3396978,2
spreads,3396812,2
sensory,3394914,2
dummies,3392894,2
throne,3392423,2
slopes,3390340,2
seized,3388226,2
roundup,3387046,2
leases,3386999,2
faxes,3386604,2
plump,3386553,2
memoirs,3384732,2
expire,3381897,2
och,3381894,2
midst,3381410,2
methyl,3381243,2
borne,3379421,2
forgive,3379266,2
ramada,3379181,2
usable,3373023,2
tempo,3372997,2
almanac,3370384,2
ay,3370187,2
denote,3369529,2
slayer,3369067,2
prog,3368487,2
tester,3366908,2
polling,3366784,2
bins,3366341,2
relies,3365831,2
rodney,3363459,2
mus,3363179,2
selects,3362986,2
torch,3360286,2
haunted,3357045,2
spares,3357011,2
bout,3355216,2
adverts,3354956,2
lohan,3352800,2
salons,3352628,2
hank,3350823,2
unclear,3350414,2
helper,3350286,2
rancho,3349485,2
hacks,3348166,2
attic,3347389,2
piper,3346631,2
wealthy,3345627,2
skinny,3345336,2
sewage,3345305,2
wretch,3337521,2
stems,3336905,2
racist,3336285,2
wo,3336121,2
convey,3335192,2
govern,3331779,2
feather,3331460,2
fond,3331064,2
sore,3330335,2
fiat,3329725,2
reboot,3329413,2
sixteen,3329001,2
blinds,3326896,2
traits,3326573,2
tightly,3326221,2
graded,3325972,2
noel,3320139,2
cans,3319959,2
abused,3319897,2
billed,3318960,2
toons,3318074,2
brushes,3317239,2
tenth,3317039,2
smiles,3316364,2
merged,3316000,2
desks,3315227,2
capsule,3315216,2
aided,3314916,2
relied,3314378,2
suspend,3312160,2
eff,3308296,2
aide,3306173,2
kindly,3305856,2
cutie,3305791,2
sharks,3302757,2
notch,3302495,2
minors,3302424,2
dances,3302142,2
mapped,3300807,2
lieu,3299455,2
decree,3299438,2
tor,3299295,2
lacks,3296569,2
daytime,3295549,2
contour,3295002,2
gamble,3294887,2
fra,3294810,2
descent,3294727,2
gravel,3294483,2
analyse,3294441,2
judged,3293503,2
shutter,3293238,2
ole,3291808,2
residue,3290600,2
reds,3290269,2
assert,3288118,2
goodies,3287939,2
bowie,3287191,2
inspect,3284994,2
thrice,3284790,2
musings,3282717,2
poses,3280246,2
noir,3279201,2
layouts,3278061,2
scent,3277212,2
sequel,3276371,2
titanic,3275555,2
knob,3275315,2
wolves,3274152,2
herpes,3273130,2
upward,3273084,2
judging,3271774,2
kicking,3271617,2
meg,3271056,2
fines,3270544,2
grasp,3270025,2
streak,3268695,2
ounce,3268355,2
tragic,3266929,2
toast,3262695,2
happily,3261766,2
hooked,3261622,2
shrink,3261118,2
webmail,3259354,2
stance,3257959,2
beaded,3255817,2
exodus,3254740,2
gemini,3254338,2
kinky,3254161,2
dove,3253560,2
derive,3253144,2
pretend,3251001,2
amnesty,3248491,2
needles,3245880,2
coll,3245811,2
quota,3245515,2
imp,3243955,2
oi,3243734,2
mack,3243085,2
sung,3242040,2
starr,3240045,2
opener,3239644,2
chooses,3238011,2
jigsaw,3237104,2
jumbo,3237095,2
crowded,3236969,2
wee,3235414,2
turbine,3235102,2
unreal,3234687,2
wounds,3234600,2
maths,3231878,2
probes,3231001,2
flint,3230800,2
dummy,3230609,2
awake,3230337,2
swivel,3229287,2
ally,3228428,2
varsity,3224750,2
insurer,3224128,2
burnt,3221640,2
alma,3221079,2
ger,3220343,2
inverse,3219696,2
holt,3219528,2
verdict,3218413,2
nominee,3218094,2
medals,3217509,2
proton,3217423,2
lister,3216160,2
studs,3215366,2
incubus,3214133,2
impulse,3213161,2
dull,3211484,2
tis,3210106,2
cabins,3209582,2
linens,3207974,2
beetle,3207549,2
roast,3205415,2
testers,3205194,2
owe,3201488,2
hummer,3200769,2
hatred,3198487,2
petty,3195594,2
som,3194242,2
behave,3193930,2
getaway,3193911,2
bees,3193693,2
robbins,3193148,2
shiny,3192674,2
encore,3192276,2
smash,3192001,2
unsure,3191329,2
sockets,3189546,2
ample,3187842,2
abusive,3183793,2
merits,3181319,2
scarf,3181107,2
garland,3180361,2
riviera,3178598,2
obscure,3177425,2
glamour,3176022,2
hated,3173792,2
sigh,3173217,2
trolley,3173186,2
spicy,3170817,2
blocker,3170178,2
frankly,3169461,2
fools,3167945,2
beard,3166516,2
linkage,3165266,2
wedge,3162851,2
mock,3161760,2
peggy,3160922,2
bats,3160196,2
ruins,3159891,2
sheila,3159681,2
ripper,3159169,2
chateau,3155646,2
denis,3155542,2
burger,3154636,2
changer,3154404,2
melt,3153948,2
hyper,3153749,2
ned,3152758,2
cypress,3152294,2
cites,3151464,2
ezine,3149621,2
gamer,3144985,2
tailor,3143833,2
faux,3141781,2
savvy,3140230,2
pascal,3140118,2
uploads,3138730,2
ore,3138666,2
pant,3138558,2
gallons,3138226,2
norms,3135997,2
hype,3134220,2
faults,3133646,2
silva,3132617,2
grease,3132154,2
urinary,3131792,2
cairns,3131719,2
premise,3131689,2
prima,3131523,2
condoms,3131405,2
rite,3131222,2
lac,3129942,2
alba,3128968,2
fetal,3127968,2
palms,3127466,2
seated,3127196,2
lattice,3126448,2
dong,3126204,2
chord,3123447,2
turf,3121984,2
asphalt,3121584,2
replay,3121356,2
flavors,3121207,2
dilemma,3121080,2
shifted,3118000,2
smoked,3117683,2
hawks,3117529,2
ziff,3117162,2
placebo,3116281,2
irons,3116159,2
comet,3116034,2
berg,3115373,2
baltic,3115246,2
muse,3114242,2
probing,3113887,2
tyne,3113078,2
lotto,3112797,2
fowler,3112607,2
syrup,3108136,2
warmth,3107429,2
dep,3107120,2
lust,3106979,2
verses,3104329,2
solvent,3101965,2
toggle,3101854,2
luna,3101673,2
spacing,3099202,2
barker,3096553,2
solids,3096318,2
mergers,3096122,2
certify,3095645,2
demons,3092729,2
coping,3091883,2
baxter,3090221,2
curved,3086969,2
erase,3086642,2
lien,3086579,2
nip,3086133,2
bites,3086130,2
prose,3085898,2
arguing,3084735,2
vein,3084240,2
hale,3083225,2
swear,3082372,2
intra,3081776,2
bel,3081561,2
clown,3081501,2
summers,3080503,2
taboo,3079923,2
wetland,3078212,2
consume,3077450,2
amazed,3077159,2
volcano,3076134,2
someday,3074927,2
sha,3073678,2
sounded,3072513,2
honesty,3072193,2
dwarf,3072068,2
hum,3070763,2
bis,3068458,2
shocks,3067296,2
killers,3066658,2
lasers,3066286,2
candid,3066199,2
caesar,3063233,2
savers,3063213,2
pines,3062800,2
stellar,3062189,2
fucks,3058134,2
pussies,3055728,2
urges,3054809,2
tiff,3054216,2
decker,3050142,2
bait,3049271,2
extern,3048776,2
badges,3048651,2
kitten,3048546,2
codec,3048388,2
brides,3047745,2
dent,3046809,2
bullets,3045974,2
glossy,3045309,2
haired,3043626,2
lethal,3040987,2
cavity,3037278,2
molded,3035204,2
probate,3033985,2
decals,3033263,2
beams,3032813,2
props,3032812,2
incense,3032805,2
dough,3032657,2
stool,3031945,2
macs,3031589,2
towing,3031539,2
welch,3031408,2
seismic,3028135,2
horde,3026646,2
mommy,3025970,2
nanny,3025474,2
suburb,3025325,2
smokers,3024584,2
cohort,3024028,2
sums,3022843,2
lineup,3022552,2
hotspot,3021698,2
glacier,3021561,2
pueblo,3021546,2
gigabit,3020143,2
relieve,3018810,2
roach,3017586,2
clarion,3017281,2
lame,3015528,2
squeeze,3015480,2
sar,3014777,2
pep,3012344,2
soho,3012062,2
ashes,3011008,2
nylons,3010458,2
chipset,3010243,2
natal,3010028,2
locus,3009222,2
misses,3008606,2
factual,3008091,2
purity,3005735,2
shaking,3005624,2
cellar,3002258,2
prone,3001079,2
fuse,2999474,2
lobster,2997879,2
pops,2997678,2
amid,2994953,2
onions,2994892,2
preteen,2993232,2
bonding,2991787,2
crosses,2991145,2
issuer,2990187,2
sylvia,2989758,2
furnace,2989498,2
doubled,2988769,2
clues,2988321,2
rabbits,2987721,2
crews,2986282,2
anxious,2984563,2
tariffs,2983891,2
baptism,2982668,2
cutlery,2982254,2
knot,2980542,2
rad,2980258,2
gut,2979963,2
acta,2979465,2
swords,2979433,2
yep,2978207,2
timed,2978189,2
evolve,2978181,2
yuan,2977890,2
differs,2977596,2
leased,2975373,2
tate,2974811,2
brewing,2974086,2
coop,2973997,2
bur,2973485,2
blossom,2972811,2
scare,2972708,2
bergen,2971198,2
lowered,2971192,2
kris,2970945,2
thief,2970770,2
prisons,2970138,2
grabbed,2968771,2
rocking,2968423,2
regs,2967064,2
sweets,2964693,2
employs,2964062,2
bubbles,2963701,2
pitcher,2963438,2
standby,2963191,2
motif,2961524,2
plum,2961363,2
saloon,2961006,2
loft,2959995,2
unisex,2959687,2
wallets,2957696,2
elm,2957553,2
hurts,2956264,2
ethanol,2955612,2
folded,2954459,2
lump,2952774,2
halt,2950571,2
unpaid,2946577,2
ghosts,2946325,2
doubts,2945460,2
worries,2943471,2
hug,2943073,2
rejects,2942672,2
spear,2942538,2
referee,2941934,2
swinger,2941608,2
broadly,2941435,2
aero,2940313,2
parsons,2939565,2
bury,2938393,2
bounded,2936998,2
insist,2936535,2
birch,2936180,2
slash,2935535,2
resale,2934694,2
mikes,2933878,2
scalar,2933537,2
sesame,2932722,2
hep,2932339,2
duct,2931962,2
touches,2931504,2
pursued,2927218,2
lend,2926360,2
yachts,2925303,2
misuse,2922159,2
helix,2921411,2
cosmos,2921384,2
dixie,2920964,2
pans,2920624,2
legion,2920122,2
biomass,2918738,2
lesions,2917531,2
shook,2917411,2
sausage,2910814,2
addict,2910117,2
matte,2909215,2
ames,2905532,2
pistol,2904815,2
juniors,2904014,2
rockets,2903678,2
zebra,2902469,2
runway,2901389,2
admits,2899936,2
buckle,2898037,2
fetch,2897593,2
ions,2896976,2
asshole,2896770,2
wat,2896705,2
divers,2896551,2
upside,2894930,2
admiral,2894800,2
yay,2893326,2
patron,2892996,2
boiler,2892727,2
logon,2891286,2
induce,2891148,2
padding,2890936,2
popcorn,2889969,2
espanol,2889841,2
unite,2888724,2
cracked,2888206,2
debtor,2887944,2
polk,2887648,2
mets,2887566,2
shear,2886210,2
mortal,2886162,2
rams,2884604,2
boo,2884230,2
hmmm,2883359,2
genomic,2882963,2
gown,2882930,2
ponds,2882178,2
archery,2882154,2
refuses,2881547,2
sabbath,2879663,2
ruin,2879219,2
trump,2879094,2
escaped,2878893,2
mates,2878121,2
avian,2877167,2
stella,2876513,2
visas,2876354,2
anyways,2874936,2
cereal,2871293,2
tow,2869301,2
drills,2868306,2
champ,2867858,2
hospice,2867761,2
rented,2865890,2
brushed,2865016,2
otto,2864525,2
annuity,2864316,2
recap,2861982,2
openly,2861856,2
crawl,2859784,2
jabber,2858295,2
rotate,2856677,2
flaws,2856172,2
tracing,2855401,2
incomes,2854711,2
ack,2852879,2
fragile,2852127,2
sapiens,2852012,2
rushing,2847595,2
behold,2847118,2
trainee,2844915,2
tuna,2842548,2
hazel,2841268,2
wipe,2841184,2
ledger,2840827,2
scarlet,2840266,2
crushed,2840208,2
laughs,2839804,2
connie,2838668,2
statues,2837498,2
depths,2836629,2
spices,2836609,2
loader,2836507,2
latency,2833462,2
themed,2833049,2
messy,2833021,2
rupee,2831536,2
subsidy,2830929,2
felony,2828329,2
lungs,2828099,2
growers,2826087,2
haul,2825285,2
duly,2823211,2
roasted,2822882,2
tenders,2822708,2
rig,2821809,2
gentoo,2820534,2
mustard,2820441,2
strait,2820437,2
obey,2820117,2
donkey,2819753,2
sax,2819089,2
jacks,2818856,2
boasts,2817353,2
praying,2816625,2
radial,2815296,2
mare,2814699,2
stole,2814273,2
kirby,2813914,2
armour,2813708,2
shaving,2809902,2
bishops,2808778,2
kite,2808067,2
tonnes,2807733,2
faa,2806551,2
corona,2806095,2
heap,2806006,2
bylaws,2804626,2
quasi,2804115,2
ribbons,2802552,2
exile,2801261,2
reside,2798670,2
anglo,2798286,2
cashier,2797992,2
jaw,2797270,2
eats,2796682,2
knots,2796342,2
flea,2796116,2
pals,2794625,2
hail,2794165,2
kappa,2793667,2
blender,2793188,2
jumps,2793122,2
fleming,2792888,2
blaster,2791850,2
wasting,2791022,2
decoder,2790984,2
seldom,2790565,2
indy,2790185,2
morrow,2789797,2
glitter,2788928,2
sidebar,2787591,2
lasted,2787384,2
snoop,2787168,2
awhile,2787111,2
winery,2786992,2
scaled,2786253,2
photon,2784392,2
vague,2783775,2
overlay,2783154,2
wraps,2781569,2
rusty,2780895,2
pharma,2779510,2
herd,2779216,2
lag,2776554,2
warns,2775722,2
bitches,2773319,2
sting,2773263,2
bravo,2772503,2
franco,2771503,2
trivium,2770381,2
resting,2769187,2
coarse,2768915,2
liter,2768775,2
carpets,2768582,2
axe,2764176,2
nicht,2762565,2
archer,2762538,2
warmer,2759111,2
cuz,2759008,2
dryers,2758434,2
calf,2757705,2
basil,2757419,2
paced,2755521,2
grouped,2754870,2
orient,2753211,2
contra,2753017,2
seether,2751303,2
boiling,2751209,2
parsing,2750227,2
abandon,2747961,2
rave,2747392,2
cigars,2745974,2
cinemas,2745910,2
encoder,2744999,2
ras,2743346,2
rib,2741585,2
maroon,2740904,2
drafts,2740861,2
jerk,2740304,2
shack,2739743,2
ers,2739646,2
marrow,2739298,2
tavern,2738490,2
bathing,2738196,2
lambert,2738171,2
goggles,2736816,2
unhappy,2736179,2
clones,2736145,2
sleek,2734565,2
runoff,2733855,2
ord,2733054,2
ariel,2731662,2
monty,2730888,2
cafes,2730706,2
jukebox,2730547,2
hitch,2730000,2
ama,2728744,2
nexus,2728391,2
cancers,2728264,2
tango,2727306,2
melting,2727230,2
garner,2725663,2
buster,2725610,2
mal,2725422,2
flap,2725137,2
aba,2724411,2
karate,2723996,2
sings,2723225,2
sorrow,2722640,2
carte,2722336,2
canned,2721212,2
woo,2718146,2
queer,2717979,2
pains,2717960,2
wrapper,2716461,2
drummer,2715351,2
comma,2711522,2
geeks,2710575,2
avant,2710283,2
supper,2709558,2
hooded,2708823,2
unrated,2708138,2
diva,2707438,2
lengthy,2703064,2
sonata,2702959,2
stools,2699087,2
agendas,2698779,2
torah,2698722,2
stacks,2698224,2
owning,2696984,2
bipolar,2693672,2
sermon,2693657,2
taps,2690265,2
thrill,2690034,2
lagoon,2689624,2
inbound,2688161,2
regimes,2686142,2
oath,2684269,2
readme,2684041,2
pigeon,2683567,2
rivals,2683343,2
binder,2683280,2
freed,2683280,2
parrot,2682859,2
magnum,2682846,2
invoked,2682551,2
gala,2681393,2
cheek,2681029,2
utterly,2679629,2
lasts,2678667,2
kinetic,2676623,2
glimpse,2674351,2
nib,2673739,2
quicker,2673094,2
smarter,2669654,2
attain,2668275,2
calorie,2667892,2
tang,2667228,2
farther,2666579,2
bowel,2666510,2
chats,2666432,2
mafia,2666020,2
riot,2665813,2
fats,2665577,2
dungeon,2665461,2
germans,2665198,2
shire,2665081,2
kashmir,2663508,2
skyline,2662797,2
sulfur,2662699,2
scams,2662588,2
lipid,2662396,2
corpse,2662009,2
speedy,2661996,2
ming,2661961,2
tao,2661916,2
ritz,2660002,2
lush,2659754,2
barrels,2659639,2
cabling,2659303,2
stills,2657985,2
biased,2657852,2
playoff,2657613,2
brewer,2656856,2
payload,2655807,2
adhere,2655276,2
grilled,2654595,2
enquire,2652802,2
toilets,2652273,2
mains,2652029,2
whales,2651996,2
misty,2651773,2
parity,2651048,2
grim,2650255,2
rewrite,2648549,2
vending,2648129,2
prism,2648058,2
chasing,2647727,2
flop,2647107,2
batting,2646319,2
heh,2645768,2
rests,2645136,2
toss,2644752,2
grapes,2643584,2
winding,2642869,2
ripped,2642534,2
vegan,2642418,2
cobalt,2642090,2
pity,2642047,2
ubuntu,2641656,2
synergy,2639929,2
eta,2639873,2
aspire,2638953,2
groom,2637912,2
jewels,2637876,2
doughty,2636162,2
bonded,2635939,2
weeds,2634421,2
beers,2633610,2
fixture,2633227,2
canary,2632425,2
woke,2630503,2
kos,2630462,2
fills,2630389,2
grips,2629556,2
clergy,2629414,2
kayak,2628993,2
altar,2627835,2
salvage,2627328,2
gears,2626927,2
orbital,2626863,2
cuff,2625819,2
empires,2624661,2
reps,2623595,2
oyster,2621847,2
sturdy,2621713,2
undergo,2620082,2
risen,2619862,2
blended,2619659,2
rhino,2619135,2
tau,2618285,2
beg,2616794,2
digging,2616671,2
lantern,2615989,2
catches,2615877,2
ruler,2615554,2
tokens,2613416,2
kidding,2613375,2
piping,2612878,2
swept,2612095,2
airmail,2611913,2
staring,2611893,2
seventy,2611424,2
troop,2609404,2
arose,2609029,2
elders,2606118,2
heroin,2601620,2
hogan,2600534,2
whistle,2599728,2
sulfate,2599508,2
oldies,2597950,2
eddy,2589078,2
parole,2588422,2
corey,2588392,2
spouses,2587875,2
slips,2587498,2
ninety,2587226,2
trays,2586701,2
cues,2586257,2
kisses,2585515,2
flock,2585098,2
subpart,2583774,2
bending,2583558,2
kat,2581765,2
vega,2581698,2
denying,2581389,2
recycle,2580318,2
shave,2580057,2
sos,2579597,2
colt,2577919,2
furnish,2577787,2
rubbish,2576642,2
knocked,2576160,2
swamp,2575587,2
fav,2574840,2
tornado,2573937,2
bro,2572817,2
turtles,2572647,2
offs,2572459,2
fab,2572142,2
cond,2571812,2
learns,2570984,2
hickory,2569948,2
inmates,2569921,2
slices,2569411,2
damned,2566720,2
faint,2565744,2
rebuilt,2565168,2
lei,2563419,2
fierce,2562384,2
jars,2562160,2
hips,2561970,2
gland,2561362,2
wigs,2561086,2
striped,2560923,2
blends,2560019,2
hunk,2559594,2
chap,2557160,2
blows,2556663,2
tele,2553983,2
ita,2553088,2
stoke,2552684,2
grills,2549512,2
harp,2548850,2
phat,2548843,2
escrow,2548489,2
anthem,2547657,2
tack,2547602,2
sack,2546938,2
surfers,2546274,2
abuses,2546094,2
deb,2545057,2
jockey,2544228,2
peek,2539766,2
sudoku,2537882,2
monarch,2537590,2
housed,2537223,2
roe,2536469,2
nasal,2536094,2
sars,2536062,2
costing,2535149,2
ranged,2534995,2
spruce,2534428,2
paradox,2534135,2
nitro,2533124,2
jackpot,2532985,2
halfway,2532364,2
cortex,2530902,2
loser,2529180,2
secs,2529162,2
mixers,2528887,2
braves,2527914,2
sued,2526428,2
shoots,2526359,2
clover,2525179,2
neutron,2522790,2
directs,2522324,2
jolly,2522092,2
snakes,2521893,2
femme,2521124,2
resides,2520118,2
wording,2519992,2
obliged,2519826,2
siege,2518421,2
truths,2514470,2
redwood,2511836,2
thereto,2511826,2
tyres,2510350,2
enamel,2509986,2
toby,2508904,2
radiant,2506757,2
virgins,2506557,2
firstly,2506379,2
martini,2505907,2
butte,2505600,2
bomber,2505585,2
reeves,2505496,2
bastard,2504042,2
coaster,2503539,2
spends,2503434,2
hicks,2503430,2
pratt,2503054,2
almond,2500565,2
chalk,2498505,2
axle,2496464,2
puppet,2495374,2
grazing,2493989,2
pillar,2493688,2
mirage,2493561,2
seaside,2492674,2
renamed,2491675,2
cobb,2491637,2
soluble,2491148,2
piracy,2490728,2
rowing,2490271,2
siding,2490194,2
hardest,2489739,2
freeway,2486934,2
wrath,2486700,2
opal,2486653,2
patrons,2485842,2
toon,2485460,2
lars,2483751,2
grind,2482307,2
albeit,2482233,2
clint,2481872,2
bankers,2481750,2
freaks,2480531,2
sampled,2477135,2
sincere,2476939,2
blitz,2476009,2
tended,2475387,2
cactus,2475082,2
viva,2474832,2
blew,2473343,2
howe,2473217,2
nap,2473014,2
lava,2471986,2
sucked,2471917,2
broncos,2471504,2
cooks,2470395,2
sharply,2470344,2
rainy,2469088,2
tho,2468927,2
regent,2468483,2
vinegar,2467712,2
vie,2467637,2
rafting,2466959,2
pluto,2466856,2
vail,2465727,2
misery,2464795,2
safaris,2464644,2
envy,2464445,2
mitch,2464162,2
mailer,2461916,2
preface,2461709,2
liners,2461442,2
unread,2460260,2
pencils,2459655,2
quinta,2459399,2
forged,2458824,2
bistro,2458804,2
viola,2458792,2
voodoo,2457448,2
caching,2455792,2
rustic,2455629,2
rumor,2455494,2
shah,2455068,2
volts,2454421,2
rushed,2454043,2
bots,2453725,2
weighs,2453498,2
diver,2452406,2
castles,2452078,2
notions,2451904,2
plateau,2451261,2
dexter,2451049,2
ringer,2450825,2
zipper,2450000,2
meds,2449826,2
palette,2448716,2
blaze,2448412,2
wreck,2447935,2
sammy,2447628,2
onboard,2443494,2
robbery,2443257,2
eine,2442920,2
nucleic,2442798,2
jasmine,2441948,2
crochet,2441543,2
brock,2441409,2
crowds,2439262,2
hoops,2438525,2
macon,2437697,2
stamped,2436087,2
uptake,2434566,2
geared,2434240,2
ideals,2434179,2
ape,2433746,2
gee,2433166,2
tycoon,2432605,2
dismiss,2431006,2
lawful,2429707,2
stag,2429332,2
rash,2428545,2
ors,2428335,2
horns,2427037,2
lex,2424291,2
presses,2423685,2
tandem,2422935,2
mips,2422380,2
boil,2422265,2
gagged,2422197,2
roc,2420867,2
barley,2420348,2
potent,2419930,2
amusing,2419640,2
nerves,2418478,2
shoppy,2417776,2
retains,2417263,2
pow,2417177,2
docking,2416176,2
kylie,2415779,2
chimney,2415182,2
packers,2414244,2
risky,2412508,2
carving,2411889,2
slipped,2410446,2
realism,2410398,2
sherry,2407286,2
indies,2406907,2
tulip,2406691,2
madame,2406665,2
vain,2406302,2
dalton,2406005,2
bologna,2405514,2
maze,2404306,2
cumming,2403813,2
rode,2400161,2
amen,2400153,2
ronnie,2399954,2
owing,2399321,2
warp,2399276,2
implant,2399127,2
denies,2397434,2
buffers,2396823,2
draper,2394747,2
bowman,2394377,2
zeta,2394047,2
benny,2393928,2
spires,2393880,2
barney,2393754,2
masonry,2391921,2
accrued,2391008,2
temples,2390437,2
indoors,2389570,2
champs,2388179,2
salads,2387032,2
eighty,2385976,2
staging,2385972,2
scarce,2385219,2
ropes,2384639,2
spiders,2384288,2
plague,2383845,2
diluted,2383641,2
canine,2383411,2
gladly,2383400,2
brewery,2383143,2
lineage,2382912,2
brew,2382584,2
kern,2382522,2
coup,2382274,2
morse,2382036,2
piston,2381202,2
cords,2380982,2
sealing,2380108,2
topped,2379955,2
rag,2379816,2
despair,2379553,2
fore,2378954,2
absorb,2378096,2
alps,2377380,2
dumping,2377175,2
ow,2376433,2
warez,2375829,2
magenta,2374461,2
tagging,2374392,2
ditch,2373753,2
feared,2373625,2
prelude,2373600,2
slick,2372634,2
overly,2372522,2
chunk,2371231,2
reels,2371017,2
lob,2370806,2
slept,2370802,2
drafted,2369018,2
chalet,2368986,2
layered,2368440,2
hopper,2367920,2
sus,2367695,2
subs,2367299,2
filler,2363583,2
smiley,2363430,2
zenith,2363349,2
yum,2362952,2
browns,2362811,2
waits,2362199,2
tenor,2361385,2
copiers,2360987,2
ovarian,2360849,2
softly,2360826,2
plenary,2360816,2
scrub,2360299,2
limb,2359067,2
cello,2358848,2
suffers,2357684,2
occupy,2357306,2
gan,2356874,2
midtown,2356427,2
caves,2355316,2
immense,2354605,2
merlin,2354378,2
cocos,2354000,2
aiming,2353915,2
seizure,2353392,2
limp,2351899,2
mute,2351105,2
beanie,2351093,2
metre,2350745,2
tricky,2350431,2
spaced,2349680,2
topaz,2348935,2
ans,2348913,2
soaps,2347810,2
dart,2345761,2
psycho,2345581,2
wrought,2345069,2
robe,2344642,2
tutors,2342956,2
captive,2342128,2
kettle,2341770,2
baggage,2340989,2
dusty,2339959,2
patty,2339693,2
satire,2338817,2
vikings,2336967,2
crate,2336818,2
humane,2336128,2
mast,2334829,2
goth,2333078,2
cared,2333049,2
sworn,2332355,2
twink,2332335,2
vicious,2331876,2
kin,2331005,2
cozy,2330794,2
hayward,2327841,2
comb,2327626,2
liquids,2327187,2
beech,2327119,2
frogs,2326307,2
expat,2324561,2
raider,2323603,2
timers,2322877,2
miners,2322828,2
rocker,2322314,2
alas,2321771,2
sawyer,2321394,2
tense,2320926,2
cooled,2320309,2
migrant,2319291,2
invoke,2318419,2
leaning,2318144,2
luv,2317005,2
paddle,2316636,2
chop,2315541,2
eyewear,2315532,2
rooted,2315294,2
onyx,2315135,2
benches,2315058,2
foolish,2314452,2
finale,2314315,2
weaker,2314182,2
foley,2314106,2
fir,2312692,2
decal,2311933,2
compose,2311784,2
nausea,2311479,2
hoop,2310001,2
temps,2309859,2
clearer,2309498,2
floods,2309318,2
fritz,2309089,2
mover,2309084,2
modeled,2307095,2
erica,2307054,2
diocese,2304337,2
thistle,2303759,2
sleepy,2303460,2
nope,2303364,2
evo,2302762,2
shrine,2302579,2
aspirin,2302297,2
dire,2301525,2
gull,2301164,2
jour,2301146,2
mir,2301062,2
malibu,2300139,2
memoir,2299845,2
fauna,2298940,2
cliffs,2298828,2
emo,2298484,2
smells,2298156,2
dispose,2298026,2
detox,2297343,2
waking,2297304,2
reflex,2296477,2
falcons,2296397,2
spurs,2295629,2
ortho,2295530,2
crashed,2295284,2
urgency,2294018,2
flashes,2293952,2
brit,2293348,2
carers,2291799,2
rims,2291023,2
darts,2290842,2
shin,2288964,2
keypad,2288563,2
flaw,2288130,2
tails,2287798,2
bibles,2287235,2
hangs,2287111,2
joanna,2286620,2
quark,2286617,2
dolce,2283881,2
pane,2282782,2
angular,2282356,2
veins,2282346,2
folds,2282227,2
grinder,2281990,2
sneak,2280877,2
octet,2280607,2
sauces,2279536,2
conquer,2279399,2
vibe,2278741,2
creole,2277595,2
meth,2277432,2
trendy,2277368,2
teas,2277290,2
filming,2275985,2
badger,2275812,2
backend,2274904,2
impress,2274015,2
willy,2273954,2
anon,2273948,2
eminent,2273923,2
ribs,2273552,2
quilts,2272852,2
ageing,2272736,2
splits,2272659,2
cheques,2272318,2
aliases,2270764,2
screwed,2270111,2
tomcat,2269978,2
polly,2268880,2
tidal,2268649,2
ballots,2268477,2
hog,2268262,2
testify,2268094,2
boycott,2267945,2
clerks,2267600,2
crust,2267452,2
dolly,2266400,2
pissed,2266238,2
nite,2265820,2
sal,2265728,2
barb,2265716,2
huns,2264946,2
miner,2264812,2
genital,2264034,2
analogy,2263449,2
aura,2263012,2
sponge,2262717,2
cajun,2262690,2
sect,2262094,2
diner,2261961,2
winters,2260458,2
nous,2259869,2
mound,2259654,2
ox,2258722,2
snatch,2256983,2
mole,2256537,2
obs,2256448,2
owed,2256361,2
orgasms,2254938,2
kissed,2254272,2
buff,2254017,2
butcher,2253885,2
psalms,2253800,2
rum,2253411,2
chefs,2252629,2
hamlet,2251257,2
clad,2247938,2
orb,2247433,2
grange,2247323,2
fled,2245856,2
brandy,2245535,2
swings,2245409,2
scion,2245350,2
vortex,2244809,2
purses,2244577,2
bodily,2243749,2
awe,2241800,2
hoods,2240850,2
equine,2240303,2
bros,2240209,2
proto,2240138,2
lizard,2238343,2
dal,2237668,2
wears,2237421,2
regal,2236787,2
cabbage,2235882,2
cub,2235775,2
arrests,2235121,2
signage,2234537,2
encode,2233497,2
admins,2233477,2
moc,2233182,2
sliced,2232434,2
prob,2231681,2
breaker,2231387,2
curly,2231026,2
servlet,2230813,2
collage,2230355,2
aces,2229921,2
depeche,2229861,2
jealous,2229501,2
learnt,2228719,2
hound,2228633,2
gauges,2227826,2
wharf,2226856,2
rhythms,2226659,2
flick,2226500,2
datum,2226219,2
shotgun,2225854,2
langley,2224871,2
lug,2223791,2
bos,2222737,2
maize,2222076,2
unaware,2221929,2
psalm,2220027,2
scented,2218936,2
bib,2217795,2
gowns,2217657,2
spying,2216698,2
lied,2215843,2
sandbox,2215370,2
bloc,2215168,2
talbot,2214323,2
leaks,2214133,2
tam,2214121,2
swell,2213445,2
kosher,2212803,2
mantle,2212731,2
chico,2212526,2
irony,2212193,2
gesture,2211952,2
armies,2210841,2
hugs,2209967,2
santos,2209111,2
owls,2208765,2
cutters,2208709,2
camper,2208353,2
ceased,2207677,2
merging,2207630,2
plaques,2207525,2
breadth,2207395,2
mammoth,2207269,2
innings,2204569,2
ami,2202799,2
parcels,2202732,2
pastry,2202621,2
manners,2202352,2
levin,2202321,2
amiga,2201683,2
viper,2201559,2
hid,2201472,2
gypsy,2201227,2
thieves,2201031,2
pimp,2200611,2
repeal,2200528,2
gimp,2200267,2
hemp,2200098,2
pelican,2199254,2
cyclic,2199045,2
cousins,2197809,2
condom,2196416,2
admire,2196307,2
dodgers,2195501,2
litre,2195204,2
poured,2195144,2
binds,2193939,2
textual,2192863,2
suffix,2192739,2
spindle,2192023,2
heavens,2191944,2
inks,2191859,2
wink,2191452,2
mister,2191168,2
flare,2190533,2
wight,2190271,2
couture,2188659,2
foliage,2188270,2
nod,2188223,2
fife,2186988,2
crank,2185208,2
goats,2184919,2
stub,2184616,2
creamy,2184127,2
rains,2183544,2
tort,2182973,2
brace,2182960,2
backups,2182568,2
mayhem,2180898,2
washers,2180888,2
octave,2180280,2
struts,2180214,2
dams,2178745,2
afro,2177296,2
proofs,2176910,2
garth,2176273,2
alloys,2175171,2
mach,2174764,2
paolo,2174306,2
jessie,2173750,2
zine,2172576,2
conn,2172390,2
argus,2172332,2
jin,2171963,2
mango,2171900,2
spur,2171795,2
jubilee,2171646,2
polite,2171161,2
sith,2171122,2
thigh,2171107,2
paving,2169814,2
cyclone,2169364,2
meats,2168286,2
bulldog,2167341,2
gradual,2166399,2
skis,2164527,2
pact,2163660,2
lulu,2162895,2
windy,2162674,2
alamo,2162395,2
mastery,2161704,2
vita,2160856,2
steer,2159937,2
nesting,2159830,2
vogue,2159792,2
aired,2159611,2
outward,2158902,2
whisper,2158715,2
boogie,2157978,2
ean,2157566,2
vodka,2155662,2
molding,2154964,2
zaire,2154891,2
bricks,2154059,2
leopard,2153753,2
wig,2151939,2
jingle,2151886,2
bounty,2151873,2
arcadia,2151851,2
fishes,2151535,2
ringing,2151327,2
knobs,2151258,2
whiskey,2149429,2
absurd,2148981,2
stoves,2147560,2
earring,2146830,2
embryo,2146623,2
ska,2145956,2
salts,2144773,2
furious,2144253,2
unsafe,2142475,2
refills,2141889,2
ibis,2141847,2
soups,2141445,2
moist,2140516,2
drained,2139571,2
coed,2139346,2
mule,2138641,2
sheikh,2138230,2
kiwi,2137471,2
ohm,2137321,2
append,2136979,2
motive,2136857,2
pests,2136804,2
acreage,2136630,2
duel,2136368,2
stocked,2135627,2
bethel,2134879,2
doris,2132988,2
motives,2132803,2
provost,2131303,2
stokes,2130793,2
lakers,2130619,2
ats,2130612,2
mead,2129480,2
steroid,2128756,2
gong,2128445,2
resets,2127923,2
isolate,2127204,2
bays,2126514,2
acronym,2125641,2
veritas,2125379,2
faulty,2125277,2
messiah,2124191,2
brunch,2123970,2
pundit,2123572,2
mutants,2123025,2
expiry,2122063,2
sensual,2121425,2
petit,2120813,2
burgess,2120777,2
inning,2119847,2
gaze,2119763,2
fries,2119656,2
freshly,2119331,2
rye,2118455,2
foundry,2117706,2
monies,2117267,2
acetate,2115668,2
pointe,2114811,2
stall,2114252,2
deere,2113985,2
marcel,2112634,2
lad,2112499,2
hulk,2112390,2
cyan,2111144,2
ora,2111128,2
cory,2111050,2
bal,2110992,2
portage,2109768,2
serif,2109334,2
alameda,2105485,2
aerosol,2105024,2
hostage,2103928,2
cracker,2103875,2
monks,2103722,2
storey,2103431,2
scotch,2103280,2
sermons,2103017,2
coolers,2101965,2
audited,2100803,2
juliet,2100455,2
adjunct,2100139,2
galore,2099185,2
aloha,2099181,2
axes,2097942,2
postfix,2097877,2
haze,2097119,2
pits,2096761,2
utter,2096533,2
bottled,2095983,2
ants,2095946,2
gastric,2095401,2
rents,2094682,2
christy,2094560,2
theirs,2094103,2
todays,2093247,2
lax,2093131,2
toaster,2092936,2
cater,2092828,2
colts,2092808,2
bac,2091886,2
tuck,2091789,2
rei,2091264,2
slab,2091074,2
lure,2090646,2
kart,2090634,2
ren,2090330,2
ling,2089684,2
emblem,2089468,2
roadway,2088681,2
serials,2088560,2
dunes,2088285,2
murders,2087692,2
bottoms,2086781,2
pea,2085825,2
tubs,2085601,2
medina,2085061,2
sniper,2083413,2
pinch,2082769,2
scopes,2079413,2
braces,2079192,2
troll,2079165,2
filth,2077997,2
widgets,2077257,2
mags,2077030,2
kraft,2076875,2
chopper,2075817,2
nitrate,2075633,2
pinball,2075051,2
skates,2074563,2
hers,2073030,2
grin,2072855,2
malware,2071152,2
tunnels,2070886,2
crises,2070725,2
heavier,2070219,2
spit,2069895,2
darker,2069829,2
globes,2068693,2
algae,2068644,2
dissent,2068302,2
maximal,2067611,2
scooby,2066885,2
choral,2066632,2
moby,2065962,2
hem,2064628,2
edible,2063618,2
anarchy,2063597,2
clicked,2063357,2
drawers,2061328,2
acme,2060278,2
leakage,2060270,2
shady,2059463,2
chemist,2059417,2
evenly,2059380,2
rove,2058665,2
propane,2058626,2
lionel,2058317,2
praised,2058171,2
rhymes,2057587,2
erect,2057313,2
vests,2056167,2
coyote,2055263,2
breeder,2055219,2
chow,2054077,2
pollen,2053694,2
drunken,2053197,2
mot,2052874,2
avis,2052817,2
valet,2052690,2
spoiler,2052657,2
shrubs,2050241,2
baroque,2050077,2
barrow,2049454,2
jihad,2048833,2
rifles,2048020,2
aria,2047712,2
excise,2047155,2
poetic,2047062,2
mortar,2046739,2
blamed,2046530,2
inmate,2046395,2
dirk,2045987,2
posture,2045913,2
thereon,2045762,2
valleys,2045542,2
septic,2044503,2
armada,2044394,2
wrench,2044382,2
thanked,2044216,2
bas,2042968,2
amelia,2042715,2
scar,2041756,2
apology,2041402,2
raped,2040735,2
collars,2040558,2
sloan,2040295,2
pudding,2040237,2
flawed,2040094,2
rot,2038597,2
dorm,2037885,2
squared,2037543,2
pies,2036827,2
taxis,2034449,2
hates,2034161,2
fences,2033711,2
cookers,2032956,2
luckily,2032217,2
lighted,2031416,2
erected,2030236,2
dialing,2029895,2
migrate,2029846,2
carton,2028105,2
mentors,2026897,2
ammonia,2026351,2
outlaw,2025935,2
tammy,2025634,2
saws,2025375,2
bovine,2025195,2
dislike,2025063,2
madam,2023575,2
tights,2023147,2
soybean,2022297,2
brewers,2020281,2
emu,2020275,2
tease,2019275,2
motley,2019182,2
aroma,2018777,2
pierced,2018684,2
cain,2017996,2
syn,2017477,2
coco,2016752,2
punish,2016120,2
causal,2015266,2
rudy,2014882,2
rowan,2014844,2
dwell,2014411,2
hacked,2013975,2
awkward,2013836,2
weaving,2013543,2
stair,2012524,2
dine,2012279,2
wai,2011508,2
classy,2010936,2
lookout,2010468,2
ironing,2009586,2
slap,2007220,2
jaws,2007131,2
entropy,2006551,2
snooker,2005679,2
saline,2005218,2
sonny,2004845,2
paw,2004599,2
lux,2004493,2
isabel,2004448,2
sterile,2004050,2
orioles,2003354,2
botany,2003091,2
rotor,2003039,2
quart,2002127,2
theres,2002045,2
bison,2002028,2
allegro,2001576,2
cit,2000858,2
fungi,2000715,2
dreamy,2000147,2
scrolls,1999835,2
fairies,1998301,2
greed,1997460,2
sparkle,1997295,2
gasket,1996432,2
refrain,1996424,2
lastly,1996311,2
wander,1996154,2
firearm,1995529,2
bam,1994832,2
ante,1993948,2
micron,1993771,2
vols,1993175,2
bundled,1991914,2
pantie,1991680,2
bombers,1991459,2
covert,1991310,2
crater,1991071,2
favored,1990643,2
bred,1990553,2
thence,1989263,2
bleed,1989071,2
shea,1986897,2
goblet,1986831,2
fronts,1985378,2
incur,1984112,2
cores,1983675,2
nodded,1982403,2
nifty,1981740,2
unveils,1981596,2
peacock,1981500,2
utmost,1981459,2
yates,1980900,2
infos,1980341,2
helpers,1979877,2
elapsed,1979609,2
thanx,1979526,2
anthrax,1979121,2
tout,1978808,2
dab,1978263,2
hopeful,1978152,2
spinach,1977356,2
cheeks,1976189,2
hare,1976109,2
beasts,1975860,2
planar,1975442,2
peanuts,1974558,2
discard,1974132,2
cavalry,1974089,2
ged,1973444,2
quorum,1973172,2
plat,1972329,2
dukes,1971678,2
trimmed,1971349,2
ferries,1971054,2
muller,1970236,2
mosque,1969984,2
fudge,1969555,2
vested,1969347,2
earnest,1968639,2
homme,1967874,2
tory,1967098,2
sander,1966734,2
vor,1966243,2
climax,1965596,2
weave,1965230,2
exits,1963047,2
pardon,1963040,2
outback,1962517,2
teller,1962509,2
reiki,1962162,2
biopsy,1962155,2
veil,1962101,2
peck,1961752,2
quarry,1960848,2
seneca,1960810,2
oceanic,1960760,2
tres,1960559,2
helm,1960083,2
festive,1959678,2
ingram,1956959,2
hustler,1956791,2
jess,1956764,2
insult,1955836,2
scraps,1955784,2
waived,1955721,2
cured,1955657,2
buggy,1955438,2
recon,1955124,2
kennel,1954777,2
drilled,1954737,2
royals,1954389,2
slack,1954286,2
pastel,1953608,2
gin,1953412,2
jays,1952519,2
pilgrim,1952294,2
vines,1952255,2
gorge,1950264,2
carrot,1949964,2
opaque,1949046,2
saul,1948718,2
flaming,1948600,2
empower,1948139,2
liens,1947603,2
hurley,1947191,2
pedals,1946063,2
chew,1946052,2
teak,1946014,2
prevail,1945922,2
bitmap,1945892,2
cages,1943021,2
methane,1942898,2
pager,1942889,2
pap,1940941,2
banjo,1940675,2
shaker,1940611,2
natives,1940192,2
stout,1939514,2
deepest,1939355,2
sane,1938953,2
climbed,1938305,2
relays,1938030,2
fading,1936749,2
pepsi,1933586,2
roaming,1933359,2
sibling,1932847,2
weighed,1932161,2
ashamed,1932143,2
gorilla,1931906,2
endure,1931473,2
inhibit,1931066,2
nom,1931008,2
dickens,1930015,2
juniper,1929545,2
dune,1927085,2
cursed,1926459,2
blowout,1926124,2
youths,1926116,2
tumble,1925795,2
oversee,1925750,2
stare,1925618,2
missy,1925451,2
flair,1924190,2
helium,1924142,2
dug,1923261,2
trojans,1922895,2
clement,1922807,2
finely,1922347,2
robotic,1921045,2
mana,1920430,2
lest,1920286,2
tic,1920206,2
filmed,1919408,2
smoker,1918369,2
benign,1917931,2
aisle,1917319,2
dunno,1917052,2
blur,1916915,2
limbs,1916350,2
punt,1916106,2
sludge,1915962,2
crypto,1915914,2
tanned,1915011,2
bunker,1914784,2
paved,1914582,2
pasture,1913652,2
richest,1912591,2
cruelty,1912399,2
scots,1911314,2
plugged,1910661,2
mojo,1909750,2
marshal,1909071,2
rituals,1909051,2
seize,1908868,2
spawn,1908837,2
blanks,1908523,2
epoxy,1908076,2
sailors,1907777,2
stony,1907651,2
tori,1906911,2
annals,1906359,2
sadness,1906141,2
moe,1905667,2
dime,1905297,2
losers,1905248,2
flavour,1904853,2
crypt,1904607,2
xu,1904177,2
onwards,1904092,2
bogus,1903710,2
carp,1903390,2
prompts,1903336,2
witches,1902655,2
barred,1902400,2
skinner,1902389,2
dusk,1902302,2
nouveau,1902062,2
feeders,1900900,2
urging,1900469,2
faded,1899648,2
tying,1898217,2
lent,1898154,2
diode,1897828,2
aloe,1897124,2
melted,1896489,2
fam,1896046,2
puff,1895753,2
whores,1895702,2
motto,1894147,2
singled,1894034,2
staple,1893759,2
rulers,1891433,2
centric,1891416,2
militia,1891032,2
bananas,1889918,2
golfing,1889706,2
rubin,1889443,2
grille,1888919,2
claw,1888837,2
pushes,1888806,2
kittens,1888648,2
deter,1887521,2
tyre,1887458,2
furry,1887389,2
cubes,1887321,2
wand,1887049,2
taco,1886915,2
scarves,1886581,2
ish,1886194,2
rinse,1885846,2
outfits,1885761,2
ulster,1885001,2
tides,1884762,2
weld,1883322,2
venom,1883158,2
writ,1883109,2
tailed,1882619,2
puppets,1882434,2
tapping,1881871,2
typo,1881090,2
explode,1880264,2
escapes,1879759,2
berries,1879643,2
happier,1879427,2
mummy,1878933,2
stacked,1878493,2
winged,1878347,2
cries,1878107,2
ruined,1877804,2
catcher,1877712,2
damp,1877710,2
sanity,1877686,2
ether,1877315,2
suction,1877189,2
crusade,1876773,2
rumble,1876665,2
heroic,1876003,2
sheds,1874143,2
bonsai,1873400,2
spheres,1872539,2
assigns,1872222,2
sofas,1871940,2
fern,1871772,2
boing,1870671,2
lore,1870162,2
whipped,1869632,2
vox,1869085,2
dinners,1868829,2
gyms,1868252,2
selfish,1867831,2
faucet,1867270,2
nach,1867032,2
techs,1865665,2
midget,1865119,2
boiled,1864484,2
haute,1863024,2
herring,1862420,2
nis,1862128,2
wacky,1861879,2
arid,1860825,2
anemia,1860823,2
biting,1860757,2
idiots,1860426,2
mona,1860383,2
muddy,1860188,2
savanna,1859935,2
cid,1859604,2
paging,1857998,2
nudists,1857610,2
spikes,1857418,2
airsoft,1857182,2
keeling,1856424,2
yielded,1855674,2
jive,1855302,2
latent,1855269,2
spun,1854414,2
shalt,1854326,2
loch,1853882,2
sparrow,1853517,2
poorest,1853484,2
hector,1853371,2
milling,1852420,2
sinking,1852249,2
sulphur,1852248,2
wicker,1851813,2
balm,1851587,2
figs,1851210,2
nephew,1851122,2
confess,1851099,2
chit,1850962,2
chaotic,1850672,2
lays,1850526,2
visor,1850201,2
drip,1849747,2
traced,1849483,2
myriad,1848958,2
stains,1848917,2
sandal,1848638,2
rubbing,1848582,2
naive,1848489,2
detects,1847551,2
hanger,1846538,2
dragged,1846171,2
foreman,1845679,2
hires,1845244,2
conduit,1845238,2
echoes,1844974,2
ladders,1844710,2
prudent,1844703,2
glowing,1844686,2
blazer,1843932,2
alchemy,1843900,2
linden,1843791,2
audible,1842341,2
folio,1842202,2
mans,1841660,2
colleen,1841565,2
lexicon,1840672,2
aff,1840279,2
dumped,1839893,2
barre,1839524,2
fiery,1838655,2
convex,1838604,2
richer,1838539,2
mop,1838160,2
urn,1838000,2
surfer,1837185,2
diapers,1837022,2
eas,1837012,2
connor,1836468,2
sich,1835040,2
paired,1833851,2
fakes,1833800,2
vaults,1833132,2
yogurt,1832002,2
tossed,1831899,2
caucus,1831830,2
pillars,1830785,2
salute,1829803,2
shoppe,1829764,2
parody,1829413,2
lacked,1828230,2
pistons,1827651,2
emule,1826567,2
maltese,1826513,2
acorn,1825652,2
bosses,1825578,2
pint,1825570,2
bayer,1825243,2
ply,1824830,2
cation,1824071,2
maxi,1823007,2
thrive,1822797,2
rightly,1822243,2
paragon,1822146,2
basal,1821739,2
webinar,1821435,2
turnout,1821165,2
bruins,1821057,2
persist,1821030,2
clamps,1820337,2
illicit,1820204,2
firefly,1820064,2
liar,1819814,2
pledged,1818974,2
curling,1818738,2
ares,1818295,2
smoky,1818184,2
opus,1818130,2
flirt,1817719,2
slang,1817718,2
princes,1817704,2
mage,1816965,2
finch,1816047,2
largo,1814464,2
plural,1814292,2
skipped,1813764,2
nur,1813601,2
tally,1812605,2
tempted,1812384,2
creep,1811981,2
shaded,1811288,2
cot,1811236,2
plaster,1811197,2
hearted,1810871,2
agility,1810572,2
upscale,1809380,2
agile,1808955,2
sacks,1808394,2
kiosk,1808146,2
ionic,1808092,2
stray,1807545,2
runaway,1807276,2
slowing,1807065,2
hoodie,1806748,2
hoodia,1806153,2
payout,1806070,2
poppy,1805254,2
frenzy,1804848,2
jargon,1804602,2
sleeper,1804207,2
teal,1803669,2
unnamed,1803582,2
jerking,1802926,2
bazaar,1802544,2
sharper,1801890,2
greedy,1801104,2
termed,1798864,2
coolest,1798263,2
downing,1797688,2
basque,1797455,2
ire,1797064,2
halogen,1797038,2
pegasus,1796881,2
dorado,1796206,2
daring,1796196,2
realms,1796195,2
maestro,1796104,2
gus,1795932,2
forte,1795408,2
coaxial,1795390,2
tipping,1795369,2
holster,1794771,2
fiddle,1794725,2
crunch,1794603,2
bard,1793654,2
reap,1793273,2
faucets,1792254,2
payouts,1791650,2
caliber,1791378,2
apostle,1790768,2
playful,1790754,2
styled,1789390,2
waive,1789027,2
soprano,1788265,2
marquis,1788011,2
cardio,1787338,2
wen,1787310,2
qi,1784611,2
logger,1784581,2
greet,1784219,2
acclaim,1784066,2
birding,1783424,2
hast,1782598,2
lymph,1781845,2
barrie,1781427,2
rollers,1780553,2
pumped,1780464,2
weekday,1779661,2
revoked,1778921,2
latch,1777882,2
verbs,1777489,2
drank,1777243,2
grower,1776182,2
outpost,1774045,2
litres,1773654,2
chatter,1773184,2
santo,1772980,2
lettuce,1772273,2
raging,1772182,2
tidy,1771735,2
jong,1771554,2
vets,1770054,2
bows,1769864,2
assays,1769636,2
torso,1769562,2
occult,1769403,2
hooker,1768891,2
beau,1768520,2
lilies,1768158,2
aerobic,1768075,2
ecstasy,1767792,2
fulfil,1767616,2
caa,1766681,2
tad,1766251,2
rang,1766026,2
lucent,1765258,2
strands,1764600,2
compost,1764308,2
grabs,1763328,2
marlin,1762749,2
pulses,1762742,2
theses,1762669,2
jeux,1761780,2
flooded,1761295,2
corsair,1759975,2
ironic,1759846,2
wards,1759766,2
hinge,1758893,2
ultima,1758712,2
cockpit,1758707,2
sew,1756454,2
carrots,1756446,2
laps,1756224,2
resumed,1755501,2
stunt,1754828,2
maven,1754819,2
excuses,1754800,2
commute,1754751,2
staged,1754695,2
vitae,1754634,2
hustle,1754467,2
stimuli,1754387,2
upwards,1754032,2
witty,1753886,2
pong,1753774,2
loosely,1753674,2
anchors,1753405,2
hun,1753259,2
hertz,1752925,2
atheist,1752346,2
capped,1752030,2
liking,1751628,2
fuckers,1749825,2
blower,1749788,2
flown,1749635,2
frau,1749573,2
dubbed,1749520,2
silky,1749406,2
groovy,1748998,2
vows,1748880,2
grizzly,1747623,2
chaired,1746595,2
repay,1746487,2
hurting,1746307,2
await,1745587,2
fob,1745293,2
sparse,1745258,2
fossils,1744549,2
fetus,1744267,2
cider,1743446,2
crooked,1743363,2
gangs,1743105,2
ifs,1742322,2
remake,1741098,2
braille,1740909,2
pax,1739062,2
taj,1738911,2
lilac,1738684,2
sinus,1738565,2
charmed,1737442,2
harman,1737285,2
hears,1737280,2
nie,1735620,2
clears,1735009,2
pivot,1734444,2
soaring,1732233,2
virtues,1732053,2
banning,1732027,2
glide,1731344,2
blooms,1729847,2
soar,1729736,2
jacking,1729337,2
ooh,1728850,2
bod,1728526,2
yin,1727888,2
tiki,1727671,2
slogan,1726936,2
bop,1725693,2
flee,1724638,2
biscuit,1724569,2
creme,1724183,2
submits,1724029,2
woes,1723747,2
waltz,1723021,2
menace,1722950,2
emerges,1722457,2
blush,1722003,2
leaflet,1721894,2
monde,1721758,2
informs,1720738,2
dramas,1720511,2
cher,1720213,2
geisha,1720071,2
unseen,1719077,2
silica,1718742,2
kara,1718693,2
modal,1718570,2
widest,1718229,2
medley,1717954,2
cadet,1717624,2
temper,1717493,2
yorker,1717469,2
gam,1717331,2
asserts,1716692,2
stew,1716385,2
carbs,1715865,2
mariner,1714677,2
collier,1714633,2
hush,1714301,2
kiev,1713686,2
lama,1712723,2
artisan,1712683,2
akin,1712538,2
dex,1712379,2
aqueous,1711766,2
juices,1709952,2
morale,1709786,2
morales,1709780,2
solder,1709674,2
trench,1709629,2
hottie,1709052,2
opted,1708067,2
lodged,1707662,2
revolt,1707658,2
renders,1707602,2
shines,1706909,2
regain,1706471,2
resize,1706367,2
tweak,1705761,2
mmm,1705485,2
trait,1705417,2
popped,1705400,2
busted,1704787,2
basins,1704483,2
ottoman,1703262,2
graders,1703102,2
eater,1702828,2
tuners,1702332,2
utopia,1702159,2
slider,1702058,2
insists,1702056,2
dads,1701718,2
pouring,1701428,2
hays,1700861,2
soak,1700767,2
hides,1700672,2
manure,1700070,2
savior,1699881,2
secrecy,1699243,2
baht,1698791,2
dreamed,1698003,2
fertile,1697599,2
hinges,1697406,2
creepy,1697316,2
synth,1697095,2
filthy,1697059,2
sweeney,1695974,2
layup,1695143,2
piazza,1694892,2
denoted,1694637,2
nazis,1694605,2
oneself,1694392,2
newbies,1694214,2
piles,1694029,2
vaginas,1693739,2
blanco,1693499,2
stroll,1693118,2
anomaly,1693007,2
thighs,1692954,2
boa,1692885,2
infect,1692791,2
bezel,1692595,2
avatars,1692560,2
dotted,1692315,2
frontal,1692246,2
havoc,1692191,2
arsenic,1691840,2
synonym,1691819,2
yer,1690747,2
doomed,1690352,2
applets,1689646,2
francs,1689190,2
ballad,1689145,2
sling,1688770,2
devised,1688301,2
billie,1687815,2
ravens,1686982,2
obscene,1686451,2
uptime,1686290,2
mes,1685857,2
hymn,1685394,2
nuclei,1685159,2
tummy,1685130,2
axial,1685087,2
slowed,1684926,2
quay,1684371,2
outing,1684303,2
lev,1683199,2
weir,1682833,2
burgers,1682693,2
rai,1682546,2
campers,1681690,2
affirm,1680655,2
spelled,1680303,2
epoch,1680235,2
aft,1679356,2
plaid,1679093,2
fable,1678751,2
rescued,1678575,2
padres,1677708,2
scars,1677547,2
whisky,1677493,2
tes,1677227,2
uptown,1677197,2
batter,1676822,2
rectal,1676607,2
nuggets,1676486,2
pesos,1676404,2
shakes,1676341,2
dram,1676257,2
embryos,1675714,2
spans,1675632,2
pallet,1675416,2
pistols,1675315,2
mara,1674798,2
garages,1674739,2
tanner,1674597,2
avenues,1674437,2
urology,1674293,2
dun,1673771,2
obese,1673406,2
sober,1672710,2
tread,1672572,2
zoology,1672374,2
steals,1671902,2
lis,1671786,2
velcro,1670690,2
wigan,1670281,2
abba,1670093,2
paddy,1668962,2
huskies,1668798,2
plunge,1668493,2
pearce,1668218,2
burr,1666923,2
chaser,1666136,2
vantage,1665533,2
diffuse,1665383,2
boredom,1665375,2
norma,1665222,2
crosse,1665028,2
mondo,1664921,2
flatbed,1663079,2
spades,1663068,2
slug,1662960,2
coffin,1662468,2
otter,1662335,2
golfers,1662265,2
lira,1662242,2
earns,1661937,2
recess,1661246,2
shouted,1660857,2
stared,1658945,2
sassy,1657970,2
vases,1657182,2
advises,1656922,2
sind,1656706,2
coward,1656677,2
teamed,1656266,2
preset,1656205,2
nox,1655793,2
jams,1655641,2
dyes,1654912,2
yell,1654034,2
fins,1653999,2
dresser,1652504,2
rake,1652408,2
riches,1651697,2
resign,1651672,2
ramps,1651245,2
tackles,1651206,2
poised,1650755,2
barking,1650384,2
dread,1649823,2
dag,1649705,2
tactic,1649523,2
ess,1649372,2
serpent,1648778,2
tapped,1648690,2
pitched,1648460,2
wisely,1647283,2
steaks,1646745,2
toxins,1646568,2
suns,1646060,2
casts,1645690,2
bunk,1645649,2
stab,1645553,2
dyer,1645507,2
daycare,1645407,2
tubular,1645135,2
moi,1644951,2
ode,1644895,2
avoids,1644683,2
richter,1643979,2
dit,1643411,2
larvae,1643319,2
dyke,1643250,2
kernels,1642563,2
dino,1642153,2
gifs,1640560,2
fungal,1640076,2
ligand,1640021,2
seam,1639943,2
riddle,1639366,2
fainter,1638739,2
omit,1638380,2
cabaret,1638162,2
orf,1637492,2
awaited,1636799,2
nozzle,1636320,2
needy,1636137,2
wheeled,1635339,2
noodles,1635016,2
darn,1634807,2
diners,1634176,2
greeks,1634087,2
lyme,1633476,2
corning,1633459,2
armored,1633124,2
weary,1632945,2
moo,1631972,2
tweed,1631867,2
snowy,1631719,2
pianist,1631518,2
childs,1630010,2
pigment,1629945,2
faction,1629665,2
minnie,1628627,2
genie,1627726,2
ammo,1627385,2
bling,1627355,2
chars,1627316,2
linn,1627255,2
rulings,1626664,2
slater,1625418,2
oakwood,1625162,2
orphan,1624738,2
linker,1624265,2
tetris,1624134,2
carver,1623528,2
shouts,1622397,2
veto,1621850,2
epsilon,1621534,2
annoyed,1620937,2
stalls,1620379,2
fined,1620321,2
bien,1620307,2
inward,1620214,2
greeted,1620123,2
clam,1619041,2
nerd,1618569,2
hes,1618232,2
starch,1617686,2
apron,1617357,2
glazing,1617235,2
guts,1617220,2
tyranny,1616527,2
regimen,1615927,2
axel,1615778,2
fluffy,1614981,2
slender,1614730,2
bender,1614611,2
aides,1614522,2
fas,1614215,2
alec,1613007,2
glazed,1612347,2
dashed,1611726,2
bans,1611048,2
bullock,1610451,2
yummy,1609762,2
momma,1609120,2
mermaid,1609095,2
buds,1608970,2
sexes,1608110,2
wilder,1607947,2
sire,1607933,2
centred,1607604,2
ding,1607311,2
uncover,1607309,2
coma,1607183,2
husky,1606901,2
bland,1606490,2
cron,1606172,2
yup,1605889,2
ching,1605671,2
thug,1604910,2
routed,1604615,2
abigail,1604495,2
shaver,1602119,2
sails,1601569,2
ported,1600981,2
robes,1600721,2
sham,1600637,2
fungus,1600543,2
chunks,1600392,2
bourne,1600189,2
revert,1600125,2
ignores,1599932,2
popping,1599836,2
loaf,1599779,2
pandora,1598918,2
skid,1598538,2
enigma,1597665,2
glands,1597505,2
latinos,1596708,2
jug,1596524,2
inferno,1596428,2
arenas,1595857,2
outset,1595557,2
confuse,1595533,2
adept,1595303,2
lounges,1595240,2
ais,1593010,2
trunks,1592472,2
fem,1590900,2
strata,1590600,2
solver,1590469,2
ani,1590450,2
hybrids,1589976,2
kudos,1589906,2
creams,1589183,2
poo,1589025,2
ensured,1588066,2
sai,1587821,2
cereals,1587782,2
outrage,1587325,2
poop,1587193,2
scrubs,1587097,2
krona,1585436,2
devote,1585046,2
facets,1585021,2
noises,1584814,2
booths,1584453,2
elusive,1584397,2
madeira,1584124,2
hallway,1582743,2
whey,1582597,2
ripping,1582529,2
polygon,1582268,2
hob,1582154,2
ester,1581770,2
servo,1581719,2
hampers,1581237,2
snail,1580640,2
curator,1580529,2
curt,1580485,2
demise,1580466,2
grooves,1580123,2
sutra,1580071,2
mower,1579636,2
swine,1578713,2
faxing,1578666,2
ado,1577461,2
quicken,1577333,2
heron,1576813,2
graft,1576259,2
neg,1576110,2
moth,1575719,2
derrick,1575574,2
mash,1575231,2
germ,1574711,2
envoy,1574245,2
pug,1573807,2
stencil,1573182,2
doorway,1573175,2
tat,1572566,2
redding,1572221,2
warden,1571954,2
tug,1571859,2
clans,1570521,2
notary,1570481,2
abort,1569892,2
indent,1569632,2
barlow,1568078,2
edged,1568009,2
duvet,1567578,2
spade,1567565,2
glare,1567097,2
decode,1566785,2
looney,1566768,2
pledges,1565915,2
pip,1564790,2
pup,1564770,2
sultan,1564160,2
masked,1564129,2
casing,1563984,2
plotted,1563400,2
grids,1562935,2
spacer,1562582,2
spills,1561773,2
icy,1560875,2
reaper,1560609,2
broaden,1559424,2
begging,1559218,2
handout,1558920,2
sui,1558304,2
bushes,1558141,2
contend,1558005,2
haiku,1557648,2
paisley,1557028,2
cutoff,1556770,2
gibbons,1556714,2
nitric,1556649,2
visuals,1556628,2
breads,1556548,2
seg,1556532,2
atop,1556394,2
glover,1556346,2
unicorn,1555934,2
floats,1555518,2
kemp,1555393,2
orderly,1555095,2
wafer,1554217,2
puck,1553945,2
stash,1553737,2
roofs,1553687,2
reefs,1553553,2
semen,1553302,2
hover,1553261,2
molds,1552621,2
flange,1552260,2
chilled,1551811,2
foe,1551784,2
citadel,1551634,2
wrinkle,1551149,2
nun,1550442,2
indulge,1550268,2
hearth,1549883,2
melodic,1549236,2
genoa,1548016,2
stride,1546387,2
leafs,1545582,2
bleach,1544694,2
ferret,1543424,2
agony,1543205,2
taller,1542678,2
moor,1542580,2
enrich,1542232,2
raffle,1541879,2
mascot,1540949,2
lube,1540706,2
mech,1540606,2
sway,1540207,2
primers,1539508,2
lacey,1539328,2
preach,1539268,2
cones,1538688,2
lupus,1538621,2
oy,1537880,2
taxed,1537786,2
petals,1536666,2
gator,1536519,2
heller,1535624,2
walla,1535192,2
remixes,1535030,2
taped,1534342,2
docks,1534076,2
bully,1532418,2
valiant,1532221,2
toad,1531662,2
banging,1531392,2
vertigo,1531090,2
fluent,1530869,2
rhyme,1530733,2
renter,1529377,2
eros,1529044,2
suffice,1528469,2
nah,1527428,2
debated,1526868,2
walkers,1526057,2
eek,1525973,2
camelot,1525571,2
booker,1525480,2
keepers,1524631,2
oranges,1523633,2
bum,1523602,2
snort,1522943,2
airway,1522558,2
vim,1522278,2
commas,1521986,2
anyhow,1521509,2
obtains,1521339,2
primal,1520572,2
straits,1520307,2
upheld,1520200,2
malt,1520084,2
subsets,1520074,2
blazers,1519924,2
triad,1519533,2
fitch,1518593,2
endowed,1517872,2
alamos,1517447,2
cameo,1517437,2
attire,1517340,2
leach,1516929,2
fanny,1516099,2
milky,1515925,2
combs,1515329,2
upland,1515055,2
outage,1514405,2
chunky,1514128,2
adopts,1514082,2
raptor,1513893,2
coulter,1513376,2
snaps,1512455,2
defends,1512358,2
depicts,1512323,2
gluten,1510870,2
spanked,1510290,2
hurst,1509915,2
ascent,1509864,2
notepad,1508900,2
tedious,1508727,2
pods,1508594,2
crappy,1508129,2
golfer,1508058,2
chewing,1507050,2
welded,1505853,2
cirque,1505418,2
aha,1504696,2
depict,1503760,2
coils,1503707,2
callers,1503661,2
navel,1503077,2
interns,1502965,2
quotas,1502658,2
sucker,1501371,2
bumps,1501221,2
bikinis,1501192,2
wildly,1501136,2
sable,1501050,2
addicts,1500797,2
neatly,1500725,2
spaniel,1500052,2
git,1499593,2
spool,1499516,2
dict,1498809,2
rovers,1498515,2
voiced,1498292,2
annoy,1497815,2
clap,1497714,2
grandpa,1496650,2
guessed,1496547,2
kennels,1496215,2
sera,1496043,2
toxin,1495922,2
axiom,1495473,2
stamina,1495462,2
abound,1494791,2
curing,1494526,2
confer,1494223,2
vents,1493908,2
mater,1493901,2
crowned,1493663,2
cranes,1493208,2
rooster,1493153,2
proctor,1492965,2
humps,1492758,2
dictate,1492381,2
joker,1492319,2
trimmer,1492133,2
hikes,1491709,2
kickoff,1491629,2
wiped,1491628,2
abdomen,1490684,2
fractal,1490337,2
paws,1490242,2
poke,1490170,2
prayed,1490059,2
heirs,1489908,2
twill,1489583,2
cures,1489176,2
kicker,1488808,2
fasting,1488012,2
loudly,1487472,2
racers,1487449,2
recital,1487036,2
pairing,1486812,2
bedtime,1486429,2
rapport,1485476,2
catfish,1485016,2
dope,1485011,2
brink,1484879,2
truss,1484384,2
kiln,1484251,2
peaches,1483832,2
sud,1482894,2
skipper,1482870,2
drains,1482766,2
maxima,1482496,2
sous,1481941,2
pinot,1481847,2
khaki,1481504,2
slough,1480201,2
prodigy,1480016,2
mould,1479845,2
jock,1479745,2
blasts,1479035,2
poorer,1478500,2
dyed,1478243,2
shakers,1477675,2
bourbon,1477640,2
hoe,1477042,2
rubbed,1476964,2
wasp,1476640,2
lexical,1475986,2
fuss,1475395,2
muir,1475331,2
uterus,1475031,2
swat,1474739,2
trashy,1474429,2
chimes,1474244,2
anus,1472531,2
gimme,1471759,2
nee,1470805,2
platter,1470060,2
umm,1468963,2
modding,1468884,2
shaman,1468264,2
croft,1468213,2
ism,1467998,2
penal,1467202,2
pageant,1466870,2
henley,1466836,2
plywood,1466424,2
binders,1465698,2
combi,1465296,2
tracts,1464728,2
morally,1464424,2
hosiery,1463980,2
reptile,1463849,2
overdue,1463329,2
cowan,1463253,2
mohawk,1463078,2
riots,1463036,2
showbiz,1462893,2
teasing,1462090,2
unbound,1461734,2
nestle,1460619,2
boxers,1460437,2
lapse,1459542,2
wally,1459126,2
hepatic,1458940,2
shrub,1458217,2
kindred,1458000,2
aquifer,1457623,2
condemn,1457478,2
awaits,1456869,2
hue,1456848,2
amends,1456157,2
fullest,1456067,2
shafts,1455982,2
finer,1455912,2
marlins,1455521,2
burdens,1455496,2
shelly,1455235,2
exiting,1455185,2
brooch,1455013,2
motifs,1454600,2
swollen,1452350,2
grasses,1452117,2
scatter,1452106,2
steward,1452024,2
smack,1451860,2
codeine,1451633,2
sine,1451457,2
tougher,1450525,2
cloak,1450056,2
exon,1450047,2
clipper,1449564,2
mig,1449194,2
cynical,1448585,2
toro,1448569,2
manic,1448525,2
etched,1448486,2
bray,1448180,2
choke,1448146,2
tuxedo,1447475,2
mouths,1445454,2
halter,1444780,2
ley,1444718,2
hamster,1444712,2
lumens,1444161,2
iff,1443652,2
roar,1443087,2
packer,1442731,2
arroyo,1442621,2
tipped,1442382,2
amidst,1442041,2
etching,1441884,2
gall,1441714,2
gravy,1441099,2
globus,1440925,2
inherit,1440810,2
pir,1440730,2
meme,1439956,2
jugs,1439342,2
handing,1439044,2
payer,1439009,2
ze,1438804,2
laborer,1438510,2
resins,1438186,2
watcher,1438120,2
apes,1437895,2
abbas,1437558,2
moods,1437510,2
cougar,1437459,2
dobson,1437255,2
surreal,1437237,2
soaked,1437194,2
raster,1436870,2
quirky,1436076,2
palate,1435844,2
encrypt,1435748,2
pajamas,1435077,2
dali,1434946,2
quests,1434216,2
sayings,1433495,2
plasmid,1433142,2
upstate,1431975,2
topping,1431763,2
fueled,1431603,2
glaze,1431525,2
extrait,1430993,2
pelvic,1430981,2
bona,1429954,2
sel,1429135,2
phased,1428708,2
airbus,1427894,2
simplex,1427802,2
salle,1426680,2
infra,1426499,2
condor,1426304,2
gated,1426083,2
ebayer,1425732,2
bitrate,1425215,2
rascal,1424891,2
nid,1424780,2
duh,1424410,2
dizzy,1424316,2
slit,1424036,2
cribs,1423971,2
reliant,1423814,2
psych,1422877,2
verge,1422550,2
ransom,1422526,2
nomad,1422041,2
twelfth,1421983,2
dagger,1421836,2
thorn,1421673,2
mor,1421481,2
ecco,1421088,2
spins,1421064,2
solicit,1420983,2
orchids,1420607,2
buckets,1420493,2
ava,1419781,2
spoil,1419320,2
ecu,1419299,2
lauder,1419067,2
phono,1418855,2
blazing,1418665,2
grantee,1418138,2
anglers,1417800,2
snapped,1417653,2
invade,1416953,2
hoses,1416325,2
strives,1415683,2
pivotal,1414963,2
nix,1414384,2
tak,1414341,2
plating,1413106,2
invent,1413087,2
eagerly,1413031,2
lycra,1412522,2
sissy,1410911,2
trooper,1410909,2
bun,1410710,2
hymns,1409831,2
palsy,1409502,2
cuffs,1408615,2
famine,1408340,2
orally,1408223,2
jogging,1407601,2
cine,1407160,2
horrors,1406992,2
bearer,1406898,2
pastors,1406684,2
pitches,1404744,2
raj,1404214,2
morals,1403442,2
invaded,1403322,2
spoiled,1402980,2
pickle,1402073,2
outta,1401625,2
dieting,1401469,2
quaker,1401179,2
tangent,1400698,2
tempest,1400397,2
xenon,1400039,2
waving,1399803,2
uneven,1399055,2
rockers,1398547,2
bayou,1397958,2
queues,1397894,2
beep,1397739,2
staffed,1396548,2
orphans,1396159,2
louder,1396143,2
boilers,1395953,2
camo,1395772,2
toms,1395597,2
yelling,1395556,2
trough,1395096,2
leaned,1394618,2
slid,1394401,2
tonic,1393402,2
resell,1393254,2
magnus,1392937,2
burnout,1392731,2
harrow,1392535,2
jig,1392504,2
raining,1392293,2
peasant,1392268,2
ephedra,1392069,2
qua,1392046,2
citrate,1391411,2
snowman,1391103,2
thorpe,1390854,2
saucer,1390639,2
chinook,1390622,2
potty,1390617,2
spooky,1388735,2
rites,1388265,2
devious,1387678,2
dreamer,1387422,2
estuary,1387115,2
colby,1386754,2
pouches,1386474,2
hom,1386246,2
hons,1386143,2
ditto,1386002,2
nana,1385908,2
waiter,1385770,2
oddly,1385252,2
typhoon,1384872,2
raft,1384375,2
induces,1383718,2
tooling,1383684,2
thrift,1383578,2
sae,1382983,2
admired,1382872,2
tidbits,1382872,2
stunts,1382862,2
cystic,1382824,2
fairway,1380868,2
emitted,1380227,2
spinner,1380109,2
braking,1378811,2
weakly,1377605,2
parsley,1377594,2
undue,1377567,2
setback,1377551,2
stunned,1377494,2
smiths,1377482,2
magyar,1377369,2
groves,1377169,2
reflux,1376882,2
tuple,1376804,2
culver,1376258,2
brow,1375648,2
elves,1375481,2
chant,1374428,2
turnkey,1374262,2
sprays,1374214,2
renters,1374199,2
zack,1374002,2
gels,1373875,2
tighten,1373432,2
hutch,1373107,2
crowns,1372974,2
matted,1372746,2
apricot,1372632,2
tufts,1372589,2
cuckold,1372071,2
parry,1371591,2
tongues,1371081,2
mantra,1369355,2
sourced,1369225,2
fay,1368931,2
raves,1368538,2
mamma,1368416,2
entails,1368267,2
folly,1367992,2
mural,1367338,2
wager,1366964,2
tundra,1366669,2
vars,1366514,2
purge,1366135,2
skater,1366115,2
disrupt,1365748,2
rampage,1365049,2
fink,1364952,2
deem,1364711,2
cavern,1364330,2
ene,1363827,2
flax,1363175,2
imposes,1362910,2
comix,1362567,2
tart,1362374,2
solves,1361886,2
spoons,1361668,2
persona,1361500,2
oscars,1361177,2
poser,1361002,2
tram,1360948,2
iced,1360088,2
perky,1360009,2
excused,1359136,2
fused,1359038,2
roaring,1358322,2
stopper,1358043,2
fibres,1357736,2
crested,1357509,2
stump,1357079,2
scalp,1356840,2
actin,1356491,2
uva,1355326,2
melon,1355214,2
siren,1354779,2
vastly,1354491,2
clasp,1354393,2
olives,1354049,2
summons,1353994,2
porous,1353861,2
bathtub,1353848,2
bile,1353296,2
freaky,1352418,2
merlot,1352308,2
thirst,1352279,2
iodine,1351488,2
phoebe,1351263,2
salinas,1351166,2
legged,1351011,2
wipes,1350866,2
fro,1350640,2
krone,1350253,2
shri,1350127,2
exposes,1349895,2
aegis,1349788,2
natures,1349681,2
meer,1348708,2
derry,1348652,2
verbose,1347618,2
heir,1347595,2
amour,1346779,2
subnet,1345624,2
sailed,1345188,2
chalets,1344986,2
craving,1344800,2
leaking,1344431,2
totes,1344312,2
masonic,1343624,2
forage,1343473,2
thugs,1343168,2
loco,1343167,2
feds,1342978,2
payoff,1341939,2
sonar,1341822,2
baba,1341717,2
pebble,1341583,2
flasher,1341269,2
staffs,1341238,2
hoo,1340710,2
patched,1340483,2
lesion,1340294,2
tickle,1340122,2
bandit,1339877,2
ethyl,1339385,2
lambs,1339048,2
caramel,1339028,2
loom,1337864,2
blouse,1337862,2
octopus,1337780,2
chests,1337446,2
feline,1337137,2
zombies,1337112,2
grub,1337005,2
ulcer,1336605,2
slew,1336497,2
titties,1336162,2
tay,1336095,2
hornets,1336044,2
canals,1335666,2
duet,1335288,2
spandex,1334917,2
zephyr,1334891,2
tamara,1334577,2
capcom,1334511,2
tearing,1334273,2
muffins,1333924,2
ethic,1333320,2
taxon,1333053,2
cougars,1332775,2
atrium,1332575,2
thine,1332569,2
genet,1332113,2
nemesis,1332098,2
devise,1331534,2
uns,1331118,2
toying,1331063,2
parma,1330679,2
tripods,1330358,2
wreath,1330354,2
plight,1330333,2
opium,1330299,2
enema,1329511,2
goalie,1329458,2
arches,1328319,2
hoh,1328073,2
lowers,1326880,2
cookery,1326261,2
metros,1326055,2
hangers,1325872,2
jurors,1324485,2
seams,1323885,2
pleaded,1323774,2
topo,1323260,2
cel,1322845,2
gutter,1322843,2
ulcers,1322752,2
sloppy,1322519,2
flannel,1322321,2
jailed,1322095,2
ridden,1322007,2
bonita,1320501,2
steamer,1320395,2
jizz,1320138,2
barge,1319916,2
spartan,1319649,2
rumours,1319120,2
famed,1319098,2
amtrak,1318727,2
resid,1318706,2
lessee,1318539,2
respite,1318533,2
aas,1317123,2
rory,1316863,2
tasted,1316517,2
sma,1316487,2
licked,1316428,2
banged,1316034,2
phaser,1315140,2
safest,1314785,2
daphne,1314777,2
ame,1314750,2
serine,1314674,2
bing,1314612,2
pollock,1314501,2
meteor,1314334,2
schemas,1314254,2
ohms,1314152,2
boosts,1314011,2
veneer,1313843,2
slant,1313083,2
pollard,1312749,2
chops,1312600,2
broom,1312361,2
plainly,1312242,2
punches,1312203,2
snare,1311615,2
shank,1311484,2
uphold,1311296,2
glider,1311196,2
taos,1310519,2
nurture,1310338,2
tong,1310252,2
lotions,1310250,2
leash,1310125,2
hunts,1310081,2
adrenal,1309847,2
sixties,1309750,2
acton,1309016,2
booting,1308810,2
engages,1308799,2
carbide,1308718,2
cunts,1308527,2
pullman,1308431,2
kinder,1307814,2
deems,1307732,2
deduct,1306644,2
nye,1306440,2
muck,1305552,2
tweaks,1305012,2
hoax,1304864,2
dif,1304707,2
ligne,1303464,2
beagle,1303392,2
wary,1303191,2
cadmium,1303073,2
speedo,1302913,2
locust,1302839,2
villain,1301918,2
waivers,1301886,2
oft,1301717,2
secures,1301645,2
rejoice,1301321,2
plumper,1300925,2
poisson,1300878,2
uterine,1300507,2
bursts,1300477,2
hurdles,1299924,2
ria,1299359,2
geese,1299115,2
candies,1298890,2
polio,1298845,2
pun,1298700,2
mecca,1298392,2
regatta,1298113,2
rested,1297976,2
paused,1297918,2
riff,1297450,2
widths,1297416,2
nada,1297254,2
broth,1297117,2
martins,1296812,2
telford,1296709,2
topples,1295649,2
tae,1295188,2
nebula,1294884,2
chai,1294847,2
crows,1294733,3
junkie,1294569,3
mace,1294167,3
taper,1294069,3
sugars,1292666,3
fallout,1292211,3
allure,1292131,3
stalker,1291772,3
reclaim,1291641,3
pianos,1290758,3
dol,1290674,3
extinct,1290530,3
ponder,1290410,3
messed,1290228,3
revue,1290094,3
lunches,1290036,3
fooled,1289616,3
smear,1289528,3
rigging,1289503,3
derives,1289433,3
praises,1289337,3
combos,1289126,3
cloned,1288962,3
fulham,1288945,3
dahl,1288812,3
lids,1288238,3
pore,1288093,3
reissue,1287311,3
oily,1286829,3
striker,1286700,3
memos,1286640,3
screams,1286631,3
masking,1286584,3
tensor,1286574,3
whoa,1286431,3
breton,1285069,3
jaguars,1285032,3
assures,1284980,3
joys,1284745,3
tracer,1284708,3
frist,1284684,3
serge,1283914,3
waldo,1283521,3
lear,1283330,3
chiefly,1283186,3
mich,1283008,3
sow,1282086,3
wiz,1281900,3
autopsy,1281821,3
powders,1281550,3
debtors,1281454,3
grit,1281375,3
slain,1281084,3
nearer,1280000,3
wartime,1279693,3
mou,1279615,3
sei,1279042,3
quail,1278967,3
tanker,1278916,3
mayan,1278824,3
futon,1278430,3
sho,1278114,3
rector,1278087,3
nays,1278006,3
ballast,1277921,3
taxing,1277669,3
icing,1277602,3
pinned,1276850,3
gables,1276634,3
bantam,1276580,3
rallies,1276149,3
abb,1275914,3
earthly,1275576,3
proxies,1274057,3
rewind,1274043,3
poplar,1273824,3
issuers,1273782,3
sinh,1273535,3
martian,1273255,3
equinox,1273041,3
hinder,1272772,3
presume,1272666,3
weil,1272278,3
lowry,1271991,3
strut,1271153,3
koi,1270462,3
sues,1270296,3
tame,1270260,3
oats,1270000,3
candida,1269644,3
adjusts,1269156,3
plume,1269109,3
pickups,1268677,3
calypso,1268267,3
pantry,1268228,3
italics,1268200,3
wilt,1267600,3
billet,1267502,3
porting,1267433,3
hammock,1267376,3
revoke,1266673,3
chevron,1266619,3
slated,1266404,3
wagons,1266327,3
plank,1265284,3
wolfram,1265149,3
ting,1264826,3
bonanza,1264434,3
lumbar,1264361,3
longing,1264187,3
osprey,1263936,3
sau,1263695,3
enact,1263603,3
inertia,1262749,3
deity,1262430,3
pruning,1262424,3
rolf,1261505,3
swiftly,1261168,3
distro,1260982,3
claws,1260902,3
manly,1260481,3
emit,1260296,3
rink,1259898,3
fearful,1259606,3
potency,1259570,3
pings,1259320,3
peril,1258951,3
teaser,1258793,3
nestled,1258420,3
hairs,1258412,3
drastic,1258227,3
rho,1258046,3
promos,1257928,3
catered,1257516,3
guarded,1257448,3
neuron,1257316,3
pulsar,1257106,3
celery,1256388,3
ugh,1255553,3
malik,1255552,3
offend,1254866,3
caviar,1254529,3
quads,1254291,3
numb,1254217,3
retina,1254145,3
maids,1253811,3
bureaus,1253506,3
voyages,1253448,3
bouncy,1253106,3
retinal,1253019,3
sheath,1252872,3
louie,1252710,3
dubious,1252536,3
mammal,1251818,3
listens,1251574,3
swirl,1251090,3
emery,1251050,3
twists,1250953,3
allele,1250569,3
scot,1250219,3
kama,1249987,3
eczema,1249564,3
veg,1249104,3
dialect,1248837,3
fanatic,1248832,3
pave,1248651,3
raptors,1248218,3
danced,1248001,3
revive,1247670,3
corolla,1247399,3
veggie,1247371,3
dharma,1247164,3
hooper,1246832,3
abode,1246541,3
savoy,1246516,3
koruna,1246139,3
comfy,1245404,3
dur,1245154,3
amused,1244733,3
knitted,1244471,3
doh,1244449,3
campo,1243547,3
quintet,1243505,3
rampant,1243101,3
fucker,1242729,3
polka,1242601,3
wiper,1242341,3
oxides,1241167,3
smokey,1240190,3
ritter,1239889,3
vacuums,1239682,3
attends,1239579,3
nicer,1239249,3
mellow,1239234,3
precip,1239111,3
boast,1239080,3
gents,1239020,3
rapper,1238941,3
hooters,1238422,3
tighter,1237965,3
airy,1237643,3
thrifty,1237174,3
canning,1237146,3
totaled,1236803,3
shipper,1236491,3
shan,1236170,3
hobo,1236134,3
nys,1236130,3
sly,1235755,3
loma,1235395,3
perch,1235177,3
craven,1234807,3
homage,1234717,3
hops,1234190,3
unitary,1233534,3
emmy,1233343,3
chez,1233100,3
angst,1232364,3
liturgy,1232361,3
surety,1231980,3
cutler,1231345,3
sweetie,1231301,3
cradles,1231258,3
airs,1231177,3
resent,1231007,3
podium,1230847,3
opposes,1230729,3
faceted,1230444,3
gecko,1230211,3
tucked,1229771,3
turmoil,1229472,3
seeded,1229258,3
unjust,1228906,3
fey,1228854,3
disturb,1228732,3
bounced,1228595,3
saddles,1228266,3
gushing,1227270,3
picker,1227005,3
bog,1226534,3
dialer,1225981,3
iceberg,1225495,3
plumber,1225144,3
codex,1224930,3
judas,1224674,3
dole,1224388,3
wick,1224351,3
noodle,1224073,3
owes,1223866,3
scents,1223833,3
bangle,1223618,3
bertha,1223467,3
levied,1223424,3
humping,1223356,3
sag,1223285,3
barns,1223270,3
peat,1223084,3
tofu,1222741,3
lizzie,1222470,3
raids,1222441,3
intuit,1222292,3
solos,1222232,3
twat,1221912,3
facet,1221287,3
planter,1220396,3
pur,1219454,3
ono,1219081,3
shaken,1218549,3
wares,1218442,3
rivalry,1218286,3
verve,1218256,3
charley,1218174,3
spree,1218040,3
embed,1217930,3
gurus,1217822,3
sunk,1217793,3
bespoke,1217478,3
drowned,1217295,3
brute,1216912,3
kidneys,1216443,3
warbler,1216351,3
onward,1216039,3
dipped,1215912,3
lancet,1215888,3
perm,1215568,3
snippet,1215241,3
pellets,1215032,3
starred,1214232,3
deacon,1214127,3
sweeps,1213879,3
butch,1213820,3
igg,1213796,3
scart,1213599,3
skillet,1212990,3
offeror,1212585,3
chores,1211813,3
yarns,1211638,3
ginseng,1211113,3
grenade,1210206,3
lana,1209857,3
jag,1209711,3
kang,1209372,3
ridder,1209367,3
lair,1209040,3
enclose,1209007,3
mowers,1208690,3
sinners,1208415,3
sienna,1208342,3
calves,1208012,3
defer,1207925,3
liars,1207786,3
els,1207650,3
sod,1207500,3
lacy,1207457,3
pharaoh,1207358,3
itching,1206981,3
endemic,1205766,3
tourney,1205705,3
saith,1205270,3
astral,1205159,3
nep,1205112,3
ach,1205052,3
yelled,1204763,3
wren,1204605,3
ait,1204086,3
hamper,1203919,3
blurred,1203526,3
aortic,1203393,3
hoa,1203065,3
martens,1202872,3
deans,1202452,3
duality,1202153,3
kites,1202129,3
lipids,1202098,3
desi,1201653,3
cordoba,1201447,3
romano,1201287,3
dumps,1200377,3
buckles,1200203,3
joyful,1200200,3
hin,1199932,3
hanks,1199778,3
dosing,1199682,3
crave,1199466,3
strobe,1199249,3
waffle,1199095,3
ripple,1198877,3
sweeper,1198591,3
shen,1197926,3
measles,1197305,3
arcs,1197124,3
upbeat,1196797,3
portman,1196679,3
ayes,1196545,3
amenity,1196507,3
donuts,1196447,3
salty,1196416,3
rupees,1195946,3
zeros,1194886,3
heed,1194819,3
mein,1194720,3
sporty,1194690,3
hawking,1194571,3
tumour,1194461,3
pooled,1194178,3
bora,1194117,3
divides,1194034,3
healed,1193454,3
boon,1193354,3
valor,1193133,3
gathers,1192558,3
pawn,1192557,3
ceases,1191983,3
dorsal,1191905,3
sams,1191871,3
collie,1191722,3
spleen,1190381,3
messing,1190210,3
jeu,1190201,3
empress,1190035,3
orbits,1189963,3
whence,1189837,3
bois,1189697,3
slogans,1189647,3
sabre,1189329,3
stigma,1189307,3
knicks,1188900,3
mindset,1188254,3
banda,1187929,3
inject,1187647,3
tartan,1187619,3
prolog,1187552,3
tore,1187333,3
dunk,1187317,3
goofy,1187234,3
eth,1187222,3
mimic,1187154,3
aga,1186967,3
stormy,1186775,3
raglan,1186757,3
vulgar,1186559,3
snip,1186200,3
fascism,1186008,3
serene,1185408,3
codecs,1185012,3
forbid,1184790,3
ticks,1184410,3
isotope,1183977,3
moblog,1183948,3
locales,1183870,3
vigil,1183443,3
robbed,1183375,3
crore,1182812,3
rebirth,1182806,3
banco,1182286,3
hotter,1181980,3
itchy,1181967,3
bulky,1181562,3
wysiwyg,1181080,3
parlor,1180891,3
setter,1180860,3
diss,1180761,3
fer,1180616,3
stirred,1180019,3
subtype,1179798,3
fil,1179476,3
facade,1179361,3
booze,1178694,3
widen,1178278,3
bikers,1178175,3
bubba,1178018,3
mutt,1177682,3
cipher,1177442,3
arrears,1177409,3
vide,1176718,3
hearty,1176527,3
triton,1176486,3
deus,1176484,3
adore,1176240,3
colds,1175947,3
thicker,1175797,3
weeping,1175714,3
closeup,1175476,3
venous,1175332,3
moneys,1174915,3
ouch,1174728,3
infancy,1174715,3
teflon,1174667,3
cleans,1174622,3
dips,1174527,3
cleanse,1174251,3
chilly,1173528,3
rosters,1173435,3
digs,1173214,3
bolivar,1173166,3
womb,1173095,3
cheddar,1172483,3
corset,1172480,3
hinged,1172468,3
regex,1172064,3
gopher,1171418,3
distal,1171371,3
cummins,1171350,3
robins,1170991,3
booming,1170560,3
joss,1170180,3
cramps,1169978,3
atlases,1169823,3
kohl,1169730,3
digger,1169511,3
fluke,1168887,3
khi,1168772,3
pups,1168445,3
avenged,1168291,3
caches,1168115,3
stomp,1168038,3
glade,1168016,3
acidic,1167972,3
bounces,1167784,3
fascist,1167590,3
lido,1167509,3
thinner,1167153,3
licks,1166907,3
caste,1166877,3
jus,1166646,3
daft,1166488,3
psyche,1166306,3
eraser,1166247,3
angling,1166195,3
libra,1165757,3
coo,1164824,3
requiem,1164661,3
sighed,1164310,3
lures,1164163,3
slows,1163999,3
heroine,1163455,3
outsole,1163206,3
flaps,1163036,3
inset,1162898,3
cadence,1162711,3
frosted,1162704,3
rhine,1162642,3
openers,1162298,3
rattle,1162261,3
shasta,1161985,3
dob,1161965,3
insults,1161798,3
oatmeal,1161768,3
unrest,1160513,3
druid,1160196,3
newell,1159830,3
nag,1159702,3
poodle,1159696,3
sitter,1159109,3
colder,1159029,3
kelvin,1158690,3
swarm,1158175,3
ledge,1157598,3
nectar,1157393,3
gilt,1157006,3
raceway,1156900,3
monsoon,1156756,3
hotties,1156635,3
drown,1156106,3
strife,1156084,3
esprit,1155937,3
treason,1155400,3
reckon,1155335,3
prosper,1155265,3
murals,1154937,3
germain,1154136,3
bangs,1154062,3
radon,1153935,3
vers,1153450,3
sinful,1153153,3
cheeses,1152848,3
obi,1152801,3
abyss,1152408,3
coder,1152037,3
pom,1152017,3
niece,1151039,3
pleas,1150940,3
softer,1150923,3
empathy,1150746,3
tarzan,1150597,3
flask,1150132,3
arisen,1150039,3
femmes,1150014,3
ribbed,1149880,3
omnibus,1149829,3
stables,1149823,3
hereof,1149693,3
untold,1149599,3
mitzvah,1149399,3
tulips,1149010,3
bashing,1148941,3
idols,1147911,3
nugget,1147435,3
gusts,1147366,3
hippo,1146063,3
tenancy,1146050,3
rupture,1145976,3
trad,1145826,3
lyrical,1145693,3
braided,1144706,3
wooded,1144287,3
bodied,1144243,3
dudes,1144089,3
altos,1143776,3
sleeved,1143664,3
overs,1143660,3
bassett,1143338,3
cathode,1143031,3
slammed,1142783,3
aviator,1142767,3
paladin,1141998,3
nests,1141883,3
marched,1141750,3
rotated,1141540,3
cath,1141153,3
sighted,1140733,3
agro,1140502,3
hopping,1140486,3
rosary,1140145,3
platoon,1139832,3
taxa,1139655,3
pulley,1139390,3
regrets,1138347,3
cours,1138194,3
twister,1137848,3
sequoia,1137652,3
marquee,1137374,3
darkest,1137316,3
ballads,1136796,3
seton,1136773,3
catchy,1136483,3
aia,1136427,3
tig,1136370,3
hugely,1136221,3
bobcats,1136192,3
chicas,1135999,3
franks,1135609,3
thinker,1135177,3
influx,1134784,3
convoy,1134689,3
tesla,1134572,3
sled,1134521,3
elan,1134393,3
kroner,1133825,3
milo,1133667,3
phonics,1133211,3
refs,1132763,3
rees,1132483,3
donegal,1132399,3
coax,1132263,3
padre,1132184,3
endings,1132071,3
lees,1131797,3
reagent,1130288,3
tod,1130210,3
nailed,1129590,3
alum,1129510,3
frantic,1129446,3
cocoon,1129091,3
doth,1128975,3
kip,1128817,3
bowers,1128617,3
valance,1128172,3
breezy,1128129,3
plow,1128101,3
orc,1127729,3
mundane,1127622,3
hui,1126915,3
matador,1126894,3
smut,1126845,3
dang,1126793,3
foes,1126711,3
meetups,1126617,3
cloths,1126596,3
deletes,1126406,3
clowns,1126361,3
barren,1126022,3
plead,1125870,3
behaved,1125698,3
embargo,1125637,3
vow,1125355,3
currie,1124911,3
blot,1124603,3
sheen,1124463,3
specter,1124220,3
imam,1124147,3
assent,1123944,3
hove,1123562,3
shading,1123541,3
warts,1122886,3
medic,1122716,3
harmed,1122572,3
conceal,1122483,3
grail,1122474,3
tabled,1121800,3
seine,1121610,3
rial,1121550,3
flowed,1121468,3
sewn,1121181,3
zulu,1120236,3
rin,1120013,3
barnet,1120008,3
rift,1119873,3
saviour,1119836,3
lapel,1119712,3
dup,1119506,3
turk,1119068,3
boomers,1118934,3
youngs,1118868,3
peep,1118456,3
lep,1118170,3
pecan,1118027,3
tinted,1117991,3
benzene,1117769,3
topper,1117695,3
arse,1117611,3
judo,1116748,3
aches,1116644,3
telco,1116242,3
leaked,1116105,3
genera,1115824,3
sparked,1115748,3
idioms,1115741,3
chime,1115076,3
spence,1115055,3
conner,1114986,3
argent,1114728,3
mildly,1113894,3
forging,1113430,3
pew,1113421,3
coz,1113081,3
caribou,1112781,3
reb,1112692,3
footing,1112584,3
cheetah,1111796,3
remit,1111713,3
bonnet,1111710,3
stumble,1111648,3
fridges,1111508,3
unborn,1110992,3
curr,1110624,3
hammers,1110481,3
coasts,1110228,3
cheesy,1110227,3
concur,1109964,3
exert,1109622,3
pinto,1108872,3
worldly,1108744,3
wedges,1108674,3
corded,1108666,3
portray,1108235,3
luxe,1107771,3
mays,1107597,3
oboe,1106911,3
yeh,1105898,3
napkins,1105787,3
bakers,1105635,3
pears,1105539,3
heats,1105492,3
lucid,1105349,3
lobe,1105229,3
shiva,1105044,3
toners,1104880,3
wynn,1104635,3
infer,1104540,3
zippo,1103856,3
upfront,1103742,3
hauling,1103666,3
gosh,1103443,3
fansite,1103381,3
quaint,1102986,3
dipping,1102643,3
revere,1102020,3
domaine,1101605,3
olde,1101584,3
solemn,1101329,3
celeste,1100853,3
gentry,1100809,3
mica,1099816,3
cadets,1099573,3
lads,1099545,3
rambler,1099485,3
drywall,1099391,3
endured,1099349,3
ensuite,1099268,3
sumo,1098965,3
fad,1098363,3
dandy,1098188,3
moulin,1097459,3
swaps,1097437,3
lockers,1097284,3
lookups,1097265,3
ain,1096838,3
lander,1096557,3
lancer,1096415,3
fishers,1096299,3
muffin,1096202,3
synod,1095269,3
lousy,1095083,3
pharm,1095064,3
amigo,1094662,3
caddy,1094377,3
burrows,1094175,3
blondie,1093976,3
zee,1093889,3
scala,1093246,3
bedside,1092877,3
homolog,1092156,3
luz,1091837,3
fruity,1091678,3
stratus,1091548,3
urea,1091284,3
bumpers,1091055,3
summed,1090845,3
chopin,1090795,3
torches,1090784,3
joiner,1090665,3
procure,1090281,3
sunsets,1089941,3
brits,1089837,3
pliers,1089440,3
kayaks,1089391,3
bleak,1088632,3
damping,1088104,3
drudge,1087893,3
tramp,1087707,3
saliva,1087671,3
bootleg,1087651,3
minis,1087516,3
lessen,1087324,3
syringe,1086828,3
leftist,1086612,3
tequila,1086390,3
granger,1086198,3
oop,1086141,3
glacial,1085890,3
tapered,1085713,3
alleges,1085517,3
zeal,1084831,3
blaming,1084475,3
embark,1084355,3
manned,1084146,3
sant,1083874,3
bah,1083627,3
slutty,1083328,3
sphinx,1082363,3
spiegel,1082160,3
glitch,1082062,3
gearbox,1082060,3
sonnet,1081841,3
stang,1081839,3
sprung,1081658,3
hedges,1081636,3
tensile,1081547,3
splice,1081179,3
crooks,1081161,3
hubby,1080886,3
quilted,1080842,3
walled,1080801,3
improv,1080479,3
relapse,1080134,3
debuts,1079829,3
commend,1079537,3
descend,1079518,3
spie,1079352,3
bolster,1079347,3
safes,1079012,3
rocked,1078675,3
rancid,1078663,3
malice,1078607,3
vom,1078427,3
racquet,1077282,3
trident,1077184,3
stubs,1076600,3
dents,1075764,3
perks,1075589,3
calming,1074919,3
lutz,1074742,3
bong,1074219,3
lingual,1074214,3
lar,1073991,3
punto,1073926,3
vibes,1073710,3
darcy,1073638,3
funnel,1073571,3
moons,1073540,3
gent,1073509,3
thirsty,1073394,3
zap,1073302,3
lathe,1073261,3
hippie,1073080,3
shabby,1072916,3
punched,1072910,3
petri,1072903,3
marbles,1072553,3
airbag,1072515,3
bylaw,1070798,3
trims,1070444,3
halves,1070410,3
leaps,1070198,3
hind,1070013,3
hoy,1069715,3
teapot,1069708,3
conveys,1069692,3
lends,1069614,3
squire,1069477,3
ache,1069323,3
pho,1068847,3
waller,1068830,3
yoke,1068387,3
mak,1068284,3
crook,1067661,3
rearing,1067485,3
tins,1067443,3
typos,1067335,3
melton,1066642,3
dives,1066624,3
loot,1066250,3
pooling,1065912,3
coyotes,1065693,3
stale,1065657,3
cosmo,1065626,3
levers,1065488,3
cog,1065271,3
putty,1065017,3
reacted,1064981,3
sunless,1064860,3
puzzled,1064761,3
patsy,1064602,3
gaskets,1064503,3
eldest,1064349,3
climbs,1064289,3
gasp,1063868,3
nonstop,1063797,3
hummel,1063695,3
corgi,1063639,3
swans,1063572,3
tories,1063515,3
hap,1063136,3
remnant,1063091,3
immoral,1062885,3
malkin,1062854,3
unequal,1062583,3
weaken,1062357,3
cupid,1061697,3
cline,1061564,3
backlog,1061536,3
thema,1061529,3
jap,1061217,3
piers,1061175,3
ensuing,1061138,3
tint,1060842,3
dykes,1060752,3
revived,1060649,3
bayside,1060628,3
haste,1059853,3
flakes,1059677,3
alfalfa,1059530,3
argyll,1059475,3
joking,1059257,3
prong,1059042,3
simmer,1059011,3
vert,1058930,3
atrial,1058379,3
reacts,1057992,3
vax,1057295,3
yak,1056994,3
bitte,1056982,3
silt,1056975,3
fleur,1056974,3
expos,1056760,3
cherish,1056520,3
undead,1056085,3
berth,1056010,3
lint,1055759,3
blob,1055724,3
crabs,1055615,3
lingo,1055245,3
budding,1054566,3
roam,1054358,3
hackney,1054260,3
piggy,1053871,3
saber,1053669,3
midday,1053009,3
innate,1052902,3
tunning,1052621,3
kant,1052527,3
platt,1052481,3
lexis,1052387,3
glanced,1051853,3
rapture,1051733,3
sunbeam,1051656,3
beetles,1051501,3
impair,1051194,3
stun,1051083,3
beading,1050881,3
folic,1050468,3
lager,1050146,3
bluffs,1049829,3
goblin,1049829,3
ratchet,1049663,3
cee,1049659,3
parrots,1049654,3
wicca,1049446,3
anthems,1049356,3
tiered,1049114,3
optima,1048954,3
photons,1048648,3
emulate,1048404,3
accuse,1048371,3
doggy,1048362,3
hunted,1048330,3
hurdle,1048302,3
lew,1048212,3
errata,1048045,3
ridley,1047880,3
divas,1047835,3
trey,1047669,3
zipped,1047626,3
babel,1047472,3
insofar,1047092,3
smileys,1047083,3
primate,1047081,3
dickies,1046851,3
gonzo,1046835,3
revisit,1045819,3
cuckoo,1045203,3
acacia,1044793,3
whiting,1044301,3
fang,1044228,3
netting,1044090,3
offsets,1043930,3
sop,1043628,3
foyer,1042532,3
palaces,1042444,3
brood,1042305,3
azure,1042257,3
compel,1042085,3
airflow,1042045,3
sabine,1041514,3
sniff,1041321,3
gliding,1040577,3
woe,1040184,3
dieter,1039855,3
unwind,1039665,3
halted,1039584,3
outings,1039301,3
crotch,1039119,3
wavelet,1039052,3
diodes,1038697,3
botox,1038675,3
hostess,1038635,3
weep,1038608,3
dipole,1038540,3
posse,1038358,3
kata,1038311,3
tangled,1038220,3
giga,1038186,3
lilo,1038025,3
frying,1037756,3
pixie,1037554,3
clits,1037485,3
keyring,1037390,3
impala,1036625,3
flicks,1036253,3
pundits,1035470,3
unset,1035406,3
waxing,1035247,3
sinner,1035124,3
entrez,1035049,3
coles,1034873,3
ergo,1034681,3
melee,1034523,3
grabber,1034069,3
crafty,1034039,3
llama,1033922,3
peridot,1033816,3
pacers,1033651,3
vowel,1033509,3
cob,1033106,3
fearing,1033027,3
parton,1032964,3
fecal,1032064,3
dossier,1031628,3
treble,1031575,3
galley,1031511,3
psion,1031442,3
shovel,1031406,3
kam,1031306,3
entail,1031285,3
mashed,1031175,3
pacing,1030988,3
fluxes,1030772,3
moan,1030590,3
finders,1030500,3
jimmie,1030045,3
deserts,1029901,3
milking,1029628,3
aber,1028797,3
cicero,1028580,3
scribe,1028438,3
erm,1028321,3
nellie,1028215,3
outages,1028188,3
sleigh,1028137,3
fen,1028033,3
sank,1027160,3
blister,1027084,3
opacity,1026698,3
ration,1026649,3
humid,1026485,3
veggies,1026387,3
guile,1026260,3
lacquer,1026221,3
unfold,1026128,3
tutti,1025839,3
mined,1025833,3
bale,1025459,3
fishnet,1025386,3
thrills,1025183,3
sores,1024935,3
smog,1024498,3
poa,1024369,3
mics,1024213,3
prem,1024164,3
selves,1023898,3
titty,1023702,3
sprite,1023444,3
keel,1023303,3
fart,1023292,3
oxidase,1023113,3
atheism,1022796,3
cellars,1022403,3
caterer,1022391,3
tainted,1022281,3
praxis,1022194,3
reeds,1021880,3
mems,1021728,3
angler,1021700,3
midterm,1021694,3
cosy,1021452,3
resend,1021151,3
augment,1020894,3
flares,1020861,3
gelatin,1020629,3
swatch,1020069,3
bumped,1019181,3
cursors,1019027,3
cripple,1018899,3
divert,1018673,3
lofty,1018661,3
kanji,1018304,3
dropout,1018001,3
cropped,1017807,3
lockout,1017679,3
moron,1017416,3
ere,1017200,3
abacus,1017068,3
richly,1016923,3
dogma,1016614,3
vaguely,1016488,3
winch,1016374,3
yam,1016356,3
melons,1015937,3
shes,1015890,3
seer,1015838,3
evils,1015737,3
limos,1015393,3
dogpile,1014839,3
almonds,1014790,3
vial,1014511,3
chao,1014492,3
jocks,1014285,3
equator,1014051,3
unzip,1014009,3
guilds,1013989,3
blatant,1013927,3
floss,1013783,3
sarge,1013607,3
endnote,1013592,3
ridges,1013404,3
oysters,1013367,3
huff,1013100,3
pornos,1013061,3
gust,1012909,3
cate,1012807,3
puberty,1012229,3
crawler,1012165,3
angled,1012136,3
shorten,1012067,3
shawl,1011728,3
bends,1010930,3
grimes,1010676,3
unison,1010644,3
tabular,1010640,3
ard,1010555,3
amir,1010408,3
dormant,1010249,3
tropics,1009932,3
dongle,1009813,3
avenir,1009533,3
crouch,1009495,3
pence,1009358,3
placid,1009328,3
napkin,1009290,3
soaking,1008618,3
ferrous,1008569,3
gar,1008289,3
thyme,1007823,3
zillion,1007700,3
chino,1007675,3
abusing,1007630,3
caveat,1007458,3
bedrock,1007239,3
zines,1006514,3
vulcan,1006324,3
musk,1006200,3
lice,1005234,3
badgers,1004989,3
garter,1004872,3
footed,1004559,3
winn,1003849,3
skim,1003327,3
touche,1003271,3
ovary,1003163,3
rune,1003149,3
welt,1003072,3
accrual,1003020,3
veal,1002995,3
smashed,1002472,3
cay,1002108,3
payers,1002028,3
gritty,1001983,3
dewitt,1001828,3
jog,1001808,3
hailed,1001750,3
hounds,1001615,3
paroles,1001366,3
rags,1001167,3
reborn,1001079,3
poi,1000422,3
bebop,1000401,3
dazzle,1000224,3
seeding,1000093,3
dangle,999852,3
eaters,999793,3
botanic,999780,3
bronco,999773,3
chased,999429,3
merle,999346,3
savory,999249,3
murine,997935,3
rodent,997875,3
racket,997700,3
putter,997675,3
fonda,997617,3
flops,997539,3
sickle,997530,3
attest,997406,3
bassist,995968,3
stature,995928,3
skaters,995848,3
sentry,995831,3
pel,995822,3
vices,995524,3
karat,995377,3
ginny,995339,3
tolls,995273,3
posh,995079,3
bangles,995072,3
stereos,994931,3
fireman,994581,3
mink,994479,3
zorro,994277,3
maniac,994236,3
antics,994105,3
ealing,993620,3
corso,993128,3
wrongly,992978,3
cree,992892,3
falsely,992639,3
abbot,992552,3
magma,992528,3
consul,991728,3
plagued,991605,3
aiding,991529,3
suckers,991255,3
chilli,991047,3
canoes,990691,3
matilda,990513,3
fodder,990472,3
impetus,990419,3
peeled,990363,3
inbred,990075,3
whining,989593,3
rabies,989553,3
arson,989351,3
modulus,988969,3
boosted,988320,3
sprayed,988292,3
gearing,988275,3
jak,988275,3
freeing,988180,3
redress,988120,3
settles,988013,3
angina,987931,3
geeky,987806,3
coupler,987783,3
seaman,987637,3
skulls,987461,3
cayenne,987401,3
balboa,987133,3
defeats,987066,3
kali,986520,3
itch,986466,3
jai,985923,3
montage,985815,3
biases,985643,3
dill,985517,3
sprawl,985396,3
reopen,985259,3
potts,985205,3
alfredo,985191,3
haunt,985188,3
hedging,985167,3
erased,985056,3
inhaled,984613,3
fuses,984514,3
britt,984387,3
collide,984371,3
ests,983968,3
blinded,983949,3
madras,983628,3
faiths,983524,3
tinker,983290,3
echoed,983286,3
rigs,983211,3
gazing,983196,3
moot,983079,3
braid,981945,3
ance,981759,3
alp,981474,3
agar,981353,3
grained,981150,3
shiraz,981117,3
mediate,979863,3
rein,979848,3
cunning,979573,3
fists,979557,3
divider,979417,3
pennies,979169,3
minivan,979152,3
chimp,978917,3
giraffe,978584,3
awning,978521,3
pia,978459,3
spilled,978351,3
stroud,978336,3
lefty,978333,3
heres,978028,3
azimuth,977916,3
vigor,977544,3
chariot,977505,3
buoy,977485,3
squads,977281,3
tween,977071,3
payback,977064,3
coolant,976352,3
parsed,975795,3
healer,975694,3
hive,975507,3
warmers,975435,3
glued,975384,3
newt,975360,3
alleles,975151,3
weiner,975099,3
shuts,974390,3
ocular,973769,3
sandman,973700,3
dung,973533,3
scoops,973251,3
alder,972850,3
lark,972650,3
oda,972531,3
comms,972423,3
lullaby,972209,3
trucker,971864,3
hoes,971831,3
lawns,971756,3
choking,971485,3
castor,971100,3
stately,970817,3
raced,970447,3
deuce,970434,3
oma,970173,3
riser,969986,3
redux,969917,3
evoked,969775,3
studded,969467,3
cleric,969331,3
spared,968969,3
brownie,968396,3
quits,968086,3
ensign,967853,3
nearing,967220,3
ruff,967030,3
tux,966952,3
burglar,966938,3
warped,966860,3
freezes,966045,3
knoll,965905,3
wildcat,965878,3
inlay,965778,3
reddy,965755,3
paco,965682,3
parting,965617,3
avocado,965374,3
torpedo,965365,3
octets,965314,3
gid,965159,3
muffler,965036,3
jumpers,964686,3
hereto,963160,3
craze,962477,3
curacao,962320,3
gump,961953,3
grated,961391,3
provoke,960917,3
calvary,960162,3
banded,959981,3
zoos,959877,3
invests,959654,3
roper,959126,3
toured,958722,3
scum,958309,3
bobble,958150,3
adjourn,957864,3
widows,957656,3
citrine,957591,3
volta,957170,3
mediums,957106,3
calumet,957088,3
pellet,957052,3
discern,957040,3
bran,957029,3
doggie,956964,3
inflow,956879,3
fumes,956671,3
futile,956638,3
fenced,956261,3
eel,956144,3
animate,956038,3
faro,955606,3
totem,955271,3
agonist,955141,3
harms,954384,3
rethink,954177,3
aggies,954036,3
ell,953465,3
giro,953184,3
dor,952890,3
closets,952646,3
junkies,952461,3
carve,952422,3
muster,952213,3
pertain,951882,3
martyrs,950900,3
hitter,950767,3
cots,950620,3
apnea,950562,3
sylvan,950229,3
shavers,949054,3
swish,949054,3
aborted,948827,3
asker,948596,3
nae,948489,3
fret,948234,3
booties,947856,3
abiding,947738,3
cancels,947718,3
gangsta,947543,3
relic,947341,3
slipper,946965,3
clashes,946852,3
bao,946545,3
ethos,946491,3
argyle,946309,3
cling,946281,3
commune,945941,3
tut,945899,3
haut,945626,3
snoring,944941,3
quasar,944899,3
liters,944685,3
comets,944483,3
governs,944138,3
rooftop,944071,3
gums,944053,3
toned,943575,3
erred,943538,3
caron,942813,3
dared,942679,3
nudge,942601,3
seeming,942551,3
rosebud,942355,3
tung,941896,3
doves,941403,3
ramona,940790,3
glib,940763,3
gees,940569,3
rumour,940471,3
intakes,940277,3
saffron,939951,3
ragged,939497,3
pulsed,939013,3
ignite,938902,3
hornet,938739,3
mounds,938273,3
devoid,938118,3
parted,938100,3
elites,937866,3
munster,937830,3
skunk,937406,3
placer,937312,3
casters,937228,3
heaps,937059,3
hydra,936887,3
anvil,936808,3
stalk,936028,3
mailbag,935992,3
inert,935898,3
doping,935575,3
postwar,935482,3
favours,935345,3
smarty,935252,3
eject,935010,3
rayon,934490,3
saunas,934002,3
mocha,933522,3
jitter,933242,3
barter,933226,3
frugal,932856,3
starry,932707,3
nouns,932444,3
hobbit,932223,3
evasion,932025,3
mayors,931628,3
tonne,931552,3
caster,931549,3
gospels,931528,3
wicket,931291,3
glycol,931263,3
medial,931159,3
faxed,930853,3
vile,930726,3
karting,930230,3
brio,930104,3
blasted,930069,3
triples,929690,3
caf,929033,3
pima,928354,3
pixies,928097,3
pancake,927582,3
accrue,927430,3
vented,927304,3
firth,927276,3
pont,926976,3
miro,926891,3
slams,926688,3
outlay,926485,3
dreaded,926427,3
airing,926397,3
looping,926328,3
crates,926297,3
undated,926271,3
exalted,925774,3
cadre,925745,3
tabloid,925735,3
jaeger,925432,3
hatcher,925119,3
coders,925074,3
squat,925062,3
velour,924178,3
nurs,923871,3
martyr,923824,3
zoned,923678,3
pubic,923627,3
henning,923557,3
bae,923422,3
nitrous,923399,3
tiara,923335,3
genomes,923010,3
skinned,922957,3
hives,922837,3
rodents,922613,3
seminal,922613,3
koala,922217,3
discus,922127,3
peri,921769,3
loci,921682,3
gaping,921409,3
awsome,921285,3
porta,921063,3
hula,921011,3
abrupt,920475,3
foxy,920102,3
sexiest,920089,3
gambler,920056,3
fosters,919718,3
landau,919639,3
cassie,919262,3
peng,919135,3
fillers,918859,3
amigos,918800,3
putt,918740,3
coon,918690,3
crock,918524,3
boldly,918403,3
yeas,917528,3
cram,917366,3
gazebo,917143,3
cocker,916858,3
cloves,916780,3
presto,916533,3
retry,916420,3
hens,916152,3
telex,916110,3
bowed,915747,3
harden,915461,3
ree,915443,3
molten,915434,3
aureus,915289,3
repaid,915240,3
beltway,914951,3
warmly,914734,3
penang,914604,3
hogs,914503,3
eyebrow,914479,3
simi,914449,3
lessor,914394,3
kinases,914127,3
trois,913646,3
reused,913097,3
hydroxy,912422,3
applaud,912162,3
primo,912120,3
abolish,912065,3
uneasy,911601,3
shalom,911299,3
busiest,911196,3
fray,911045,3
preggo,910770,3
clogs,910686,3
flank,910609,3
spawned,910559,3
cartel,910539,3
cep,910494,3
wiener,910477,3
sexton,909942,3
washes,909792,3
departs,909579,3
zona,909468,3
mindful,909091,3
lurking,909060,3
looms,908800,3
spectre,908782,3
atoll,908471,3
gags,908238,3
rips,908203,3
smother,908026,3
ironman,907976,3
ducts,907928,3
frosty,907842,3
marmot,907714,3
remand,907694,3
mules,907690,3
sash,907517,3
spoof,907481,3
moaning,907347,3
ponies,907292,3
spammer,907223,3
presets,907172,3
amman,907030,3
blight,906914,3
grader,906624,3
duchess,905868,3
rainier,905792,3
spout,905624,3
perish,905332,3
snapper,905301,3
hefty,905281,3
hoist,905107,3
ceres,904726,3
bravery,904631,3
lizards,904416,3
oar,904125,3
flagged,904026,3
offbeat,903860,3
relics,903821,3
relish,903789,3
protons,903658,3
lire,903373,3
knocks,902819,3
fleurs,902495,3
primes,902401,3
fleeing,902311,3
aida,901449,3
sault,901099,3
thrash,901098,3
trolls,901081,3
flor,901057,3
fluency,900900,3
uniting,900891,3
behaves,900721,3
slabs,900683,3
agate,900451,3
incline,900347,3
scorer,900076,3
swami,900023,3
oilers,899959,3
listers,899702,3
oneness,899615,3
climber,899495,3
gators,899426,3
cruces,899225,3
enews,898806,3
lactose,898662,3
strides,898259,3
raja,898115,3
vanish,898091,3
lofts,897893,3
feral,897865,3
ute,897846,3
ringgit,897590,3
elbows,897459,3
truce,897431,3
kiosks,897044,3
sou,896817,3
boar,896795,3
hooking,896673,3
laird,896267,3
resigns,896160,3
anguish,895923,3
petal,895903,3
bangers,895838,3
handgun,895787,3
odors,895586,3
mite,895541,3
clipped,895429,3
amicus,895203,3
cervix,894957,3
dries,894704,3
grating,894474,3
mina,894199,3
elixir,894100,3
mantis,893825,3
peeps,893768,3
alerted,893630,3
intron,893554,3
remodel,893360,3
carpal,893307,3
bunting,892992,3
avenger,892897,3
spar,892695,3
waugh,892508,3
tiers,892403,3
vapour,891492,3
pluck,891481,3
prick,891337,3
morbid,890907,3
rubble,890671,3
cheeky,890500,3
arco,890491,3
chas,890274,3
herds,889724,3
redo,889612,3
piranha,889332,3
adder,888956,3
weakest,888908,3
nome,888754,3
ascot,888745,3
germs,888353,3
grays,888341,3
frees,888094,3
brat,887829,3
salient,887583,3
beehive,887185,3
censor,887109,3
aeon,887034,3
shorty,886954,3
wits,886638,3
fission,886480,3
widowed,886454,3
nth,886135,3
begged,886076,3
flushed,885862,3
scoping,885859,3
lavish,885755,3
roscoe,885705,3
vixen,885674,3
whips,885594,3
marches,885498,3
anew,884664,3
horner,884554,3
yah,884520,3
bally,884078,3
bunnies,883222,3
outflow,882953,3
resided,882941,3
scarab,882933,3
skiers,882874,3
weasel,882627,3
raunchy,882625,3
pell,882004,3
toasted,881930,3
fades,881747,3
coates,881735,3
octane,881715,3
bulge,881613,3
funders,881234,3
brittle,880926,3
bandits,880573,3
soapbox,880443,3
carols,880237,3
wanking,879940,3
taping,879253,3
somatic,879135,3
fetched,878933,3
slump,878659,3
nerds,878641,3
hiatus,878386,3
enrol,878274,3
louvre,878086,3
gloom,878018,3
apts,877838,3
aikido,877686,3
batches,877634,3
dap,877625,3
angelic,877537,3
wakes,876767,3
ashore,876754,3
workman,876678,3
swimmer,876633,3
unload,876542,3
webapp,876340,3
loon,876231,3
marge,876008,3
pes,875938,3
hone,875783,3
riggs,875782,3
jockeys,875781,3
seater,875688,3
sips,875588,3
badness,875536,3
sanding,875431,3
vulgate,875090,3
stoned,875046,3
fables,874484,3
aland,874439,3
pelham,874326,3
crumbs,874286,3
wort,874102,3
ronin,874042,3
comps,873979,3
edema,873634,3
carotid,872749,3
stink,872742,3
convent,872700,3
squish,872292,3
adhered,872136,3
jagged,871939,3
nab,871774,3
overt,871540,3
squeak,871207,3
haircut,871157,3
nuns,870978,3
dearly,870151,3
dialogs,869618,3
gypsum,869600,3
slime,869502,3
bromide,869119,3
summing,868568,3
lament,868477,3
canyons,868385,3
disgust,868088,3
banked,867916,3
dismal,867714,3
ranches,867691,3
cochin,867689,3
tuba,867647,3
encodes,867564,3
whaling,867521,3
cirrus,867450,3
patrols,867425,3
swung,867135,3
outlaws,867086,3
waved,867023,3
hijack,866886,3
libel,866830,3
ellipse,866759,3
alarmed,866610,3
fryer,866546,3
jest,866519,3
garda,866274,3
caesars,866121,3
dammit,866034,3
luce,865938,3
greats,865724,3
boron,865654,3
pauls,865212,3
phobia,865143,3
riffs,864669,3
apathy,864296,3
stalled,864089,3
infused,864069,3
peaked,864000,3
tetra,863969,3
alb,863789,3
bearded,863617,3
greasy,863561,3
tactile,863413,3
vowed,863379,3
wannabe,863213,3
carnage,863190,3
skier,863046,3
mort,862532,3
creeks,862386,3
rattan,862064,3
coroner,861881,3
cray,861878,3
tiled,861822,3
hectic,861581,3
raiser,861493,3
sanger,861440,3
mullen,861397,3
lun,861305,3
snuff,861230,3
convene,861206,3
calmly,861072,3
repo,860967,3
dilute,860860,3
carta,860402,3
gaseous,860376,3
gloomy,860297,3
airbags,860142,3
retiree,859761,3
buckeye,859329,3
marques,858800,3
dinghy,858539,3
gnus,858386,3
clothed,858285,3
plummer,858241,3
hoya,858222,3
flied,858118,3
talon,858061,3
ped,857816,3
blowers,857636,3
laval,857420,3
sorcery,857364,3
abstain,857265,3
barring,857025,3
tid,856784,3
chakra,856752,3
crewe,856635,3
grassy,856550,3
aprons,856540,3
clumsy,856450,3
fielder,856041,3
sorta,855998,3
pounded,855854,3
ollie,855837,3
stint,855795,3
sarcasm,855288,3
colitis,855207,3
liang,854892,3
blogged,854866,3
uphill,854529,3
hassles,854443,3
maximus,854412,3
warmed,854320,3
parable,854274,3
jolt,854101,3
affords,854024,3
rhodium,853812,3
bumble,853616,3
sarcoma,852882,3
sniffer,852878,3
elects,852825,3
homie,852384,3
alpaca,852363,3
degrade,852281,3
flemish,852160,3
shred,851931,3
mailers,851914,3
conseil,851841,3
tented,851833,3
steamed,851680,3
skew,851662,3
aroused,851443,3
muni,851252,3
sieve,851108,3
reddish,850815,3
wye,850654,3
binge,850412,3
pleads,850104,3
cyst,849967,3
scissor,849814,3
goliath,849803,3
caprice,849643,3
mott,849625,3
hors,849560,3
horned,849509,3
jazzy,849457,3
fowl,849429,3
cations,848975,3
cohorts,848834,3
centos,848794,3
torsion,847556,3
rarity,847526,3
limbo,847468,3
shove,847364,3
sykes,847255,3
flake,847014,3
hating,846508,3
pate,846490,3
sewers,846440,3
spores,846417,3
shears,846047,3
mucho,846045,3
flutes,845896,3
minced,845695,3
ornate,844908,3
utilise,844792,3
midwife,844751,3
rollout,844429,3
snug,844329,3
coveted,844165,3
dirham,844154,3
myc,843956,3
moulded,843811,3
convict,843701,3
albumin,843629,3
tossing,843538,3
slade,842883,3
potable,842826,3
dumas,842623,3
jester,842423,3
recount,842385,3
orca,842212,3
mascara,842185,3
proline,842097,3
dearest,842074,3
nema,842041,3
nook,841950,3
wipers,841917,3
snoopy,841861,3
bowler,841643,3
unleash,841566,3
koss,841293,3
wiser,841127,3
gallant,841095,3
gon,840908,3
rotors,840598,3
bagels,840450,3
jeweler,840136,3
ostrich,839627,3
maud,839579,3
spline,839571,3
noni,839488,3
dido,839057,3
chou,838762,3
crue,838698,3
loo,838586,3
pallets,838429,3
uplink,838389,3
flung,838045,3
warlock,837920,3
breakup,837900,3
clovis,837893,3
fiche,837884,3
juror,837876,3
goggle,837713,3
railing,837646,3
banter,837592,3
awaken,837473,3
pigeons,837245,3
signify,837139,3
progeny,836764,3
grads,836760,3
alters,836752,3
fleets,836439,3
donut,836168,3
libido,836163,3
tackled,836117,3
shoals,835875,3
paseo,835840,3
clique,835775,3
rosy,835700,3
curran,835578,3
satanic,835363,3
torment,835075,3
mussels,835042,3
howl,834901,3
hobs,834729,3
eft,834657,3
hilltop,834355,3
tabor,834301,3
tenet,834143,3
acetyl,834126,3
boomer,834072,3
chute,834005,3
bohemia,833864,3
fonds,833672,3
bowes,833637,3
ogre,833396,3
pickles,833360,3
curses,833291,3
goss,833170,3
mulch,833160,3
marinas,832793,3
whine,832743,3
nus,832617,3
baud,831889,3
looming,831822,3
undies,831803,3
zo,831746,3
prepay,831707,3
sped,831623,3
ankles,831284,3
roo,831225,3
soulful,831148,3
mosques,830923,3
fouls,830765,3
fisk,830309,3
canes,830262,3
yogi,829863,3
skool,829401,3
alumina,829273,3
spiked,829239,3
evolves,829175,3
cru,829127,3
duffel,828727,3
strung,828473,3
hermit,828204,3
ary,828151,3
locates,828023,3
deepen,827936,3
pats,827514,3
mora,827473,3
analogs,827241,3
crease,827105,3
cantor,827009,3
wis,827005,3
ringers,826364,3
diced,826353,3
cartons,826215,3
impede,825677,3
clasps,825395,3
tilted,825316,3
vicar,825292,3
prank,825027,3
repent,824802,3
centrum,824340,3
kinks,824164,3
riddles,824133,3
pulpit,824005,3
marshes,823852,3
bellies,823818,3
dojo,823594,3
ambush,823531,3
palazzo,823331,3
heparin,823123,3
gait,822923,3
bonfire,822652,3
stiles,821755,3
refurb,821561,3
elicit,821500,3
plotter,821499,3
slapped,821476,3
bitten,821475,3
meek,821398,3
lind,821381,3
doodle,821153,3
arb,821147,3
dynamo,821005,3
stow,820763,3
eide,820678,3
summon,820528,3
lingua,820013,3
stacker,819913,3
forfeit,819806,3
paddles,819765,3
plasmas,819628,3
barbell,819496,3
loosen,819463,3
awk,819454,3
bibs,819379,3
sneaky,819351,3
smarts,819187,3
imputed,819115,3
cabs,818965,3
coached,818870,3
cheated,818815,3
willows,818438,3
hump,818286,3
delft,818200,3
grunge,817754,3
carney,817574,3
flipped,817365,3
fright,817153,3
harbors,817115,3
adorned,817078,3
decays,816962,3
glam,816946,3
cowgirl,816923,3
easing,816730,3
layoffs,816522,3
matures,816389,3
picket,816389,3
thrones,816386,3
eyre,816296,3
beet,816051,3
suing,816011,3
brine,816003,3
sneaker,815930,3
waning,815920,3
armoire,815525,3
queued,815362,3
sab,815338,3
piled,815240,3
twinkle,814811,3
fluff,814535,3
shifter,814520,3
supple,814347,3
geld,814215,3
unfit,814145,3
uttered,814010,3
tending,813856,3
shaggy,813846,3
ordeal,813617,3
pegs,813564,3
hernia,813497,3
anil,813282,3
flicker,813276,3
midsize,813235,3
operas,812910,3
beastie,812460,3
rouse,812361,3
appel,812311,3
yucca,812282,3
spiel,811922,3
shay,811914,3
hos,811756,3
briefed,811483,3
vas,811307,3
carcass,811220,3
gizmo,811158,3
scamp,810996,3
reprise,810286,3
meow,810281,3
zig,810033,3
lash,809951,3
ills,809854,3
arcane,809848,3
alu,809413,3
peavey,809165,3
pebbles,809090,3
ident,808896,3
sacked,808821,3
omen,808657,3
cysts,808464,3
stipend,808238,3
snorkel,808168,3
amin,808139,3
iridium,808103,3
toppers,807994,3
amulet,807959,3
isoform,807430,3
bombed,807277,3
daisies,807181,3
elt,807125,3
sorrows,807102,3
boobies,806401,3
pacs,805829,3
helms,805535,3
brig,805525,3
sherpa,805395,3
tuff,805372,3
coy,805301,3
ligands,805262,3
sorghum,805178,3
grouse,805156,3
pasted,804813,3
moths,804700,3
batavia,804448,3
evoke,804417,3
slotted,804346,3
fila,804290,3
decking,804252,3
nit,803690,3
coda,803385,3
cyanide,803269,3
assam,803070,3
mousse,802908,3
sog,802844,3
chiffon,802599,3
fanfare,802594,3
mapper,802564,3
archaic,802317,3
elevate,802256,3
palmyra,801644,3
foxes,801589,3
affixed,801075,3
ticking,800814,3
gully,800734,3
brill,800254,3
defy,800149,3
webbing,800065,3
thrush,799638,3
bribery,799623,3
smokes,799555,3
kettles,799237,3
ascend,799236,3
reverb,799031,3
kays,799027,3
nutmeg,798944,3
crit,798931,3
chained,798899,3
magnify,798801,3
gauss,798776,3
travail,798694,3
livres,798634,3
fiddler,798576,3
wrists,798287,3
severed,798281,3
mites,798205,3
rubric,798108,3
operand,798061,3
puddle,798026,3
agora,797585,3
macho,797523,3
sob,797503,3
reeve,797352,3
willful,797316,3
plough,797262,3
busting,796835,3
foss,796670,3
smelly,796103,3
hangar,795985,3
annexed,795870,3
umpire,795626,3
kilt,795500,3
carling,795298,3
buildup,795268,3
keyed,795167,3
esquire,795101,3
cryptic,795088,3
primus,795011,3
entrees,794851,3
corpora,794823,3
cholera,794749,3
jerks,794019,3
mise,793664,3
bullion,793602,3
hateful,793568,3
rata,793546,3
moline,793197,3
takers,793151,3
winkler,792793,3
walleye,792756,3
lemons,792745,3
bagel,792721,3
stratum,792612,3
wists,792363,3
lod,792188,3
felicia,792100,3
walkway,791729,3
cults,791725,3
whit,791698,3
coos,791674,3
amaze,791672,3
easel,791426,3
carer,791142,3
potion,791095,3
ovation,791068,3
paddock,791033,3
vino,790639,3
gable,790611,3
johnnie,790582,3
laced,790357,3
quill,790160,3
mares,789891,3
chaps,789805,3
lanai,789800,3
tendon,789636,3
chiral,789614,3
fermi,789613,3
bellows,789546,3
cuddly,789500,3
deceit,789420,3
joyous,789285,3
venting,789114,3
pricey,789080,3
shekel,789030,3
readout,788900,3
gunner,788624,3
dimes,788616,3
verso,788583,3
grossly,788099,3
cranky,788077,3
cleft,787981,3
bambi,787833,3
clog,787644,3
stabbed,787357,3
banding,787236,3
origami,787120,3
arf,787113,3
yeti,787113,3
awnings,787081,3
sill,787068,3
donates,786994,3
untrue,786470,3
hurried,786287,3
vacated,785708,3
ufos,785217,3
dura,785069,3
manatee,784958,3
larval,784870,3
drapes,784596,3
womans,784484,3
groin,784476,3
booted,784230,3
frat,784114,3
sens,783973,3
sprouts,783956,3
bower,783946,3
latte,783412,3
shopped,783241,3
muppet,782959,3
biggs,782849,3
puritan,782700,3
forearm,782319,3
seaport,782221,3
flashed,782215,3
longs,782210,3
repro,782095,3
buns,781861,3
deceive,781724,3
starved,781539,3
scorers,781526,3
sitcom,781513,3
dada,780782,3
hastily,780738,3
invader,780375,3
nils,779829,3
swain,779597,3
grumpy,779351,3
lain,779288,3
holm,779257,3
sirens,779211,3
mourn,779010,3
soften,778877,3
caters,778870,3
troupe,778742,3
girly,778626,3
orbiter,778331,3
thirdly,778310,3
keyless,778081,3
waite,777896,3
calico,777581,3
wrongs,777466,3
pores,777460,3
oiled,776472,3
sharpen,776397,3
tots,776366,3
blurb,776249,3
coined,775848,3
moray,775524,3
caveats,775459,3
birdie,775268,3
lanyard,775214,3
horst,775209,3
noses,775113,3
pagers,775102,3
corral,774830,3
hickey,774415,3
erode,774411,3
plunged,774276,3
reals,774273,3
defiant,774167,3
termite,774144,3
brisk,774000,3
lysine,773823,3
tors,773414,3
meath,773366,3
ponce,773276,3
perjury,773202,3
busters,773022,3
pronto,772727,3
vistas,772687,3
imager,772671,3
eerie,772484,3
hectare,772450,3
netball,772434,3
furl,772402,3
salaam,772146,3
jackass,772104,3
hogg,771751,3
sav,771612,3
exited,771601,3
crispy,771553,3
priory,771548,3
coffees,771495,3
sequin,771263,3
unis,771213,3
corpses,771075,3
wiping,771053,3
howling,770604,3
nozzles,770575,3
raisins,770569,3
turkeys,770482,3
pasting,770229,3
hora,770107,3
butyl,770092,3
shale,769742,3
varna,769723,3
muon,769372,3
caliper,769125,3
anode,768949,3
torts,768869,3
siting,768852,3
egress,768408,3
eroded,768360,3
crepe,768351,3
dum,768244,3
concave,767903,3
heresy,767790,3
armory,767773,3
snell,767608,3
avert,767435,3
oat,767422,3
guise,767344,3
vomit,767124,3
bongo,767108,3
afar,766928,3
ebb,766862,3
shaky,766843,3
bloke,766763,3
cess,766665,3
pennant,766635,3
nicest,766525,3
slalom,766320,3
necks,766318,3
calif,766201,3
levee,766160,3
lurker,766082,3
chews,765973,3
hoodies,765908,3
phony,765758,3
soles,765275,3
jetty,765224,3
luster,765041,3
overrun,765007,3
undone,765001,3
ings,764813,3
mee,764543,3
hitman,764527,3
uplift,764473,3
nukes,764161,3
guid,763997,3
inhabit,763992,3
rerun,763880,3
leas,763763,3
pleated,763707,3
digests,763468,3
perils,763414,3
jerky,763325,3
algo,763013,3
fora,762888,3
resists,762795,3
subdued,762612,3
codon,762548,3
pylori,762484,3
acidity,762392,3
welder,762199,3
tron,761622,3
gab,761419,3
fawn,761340,3
juicer,761216,3
echelon,761206,3
gabba,761144,3
narrows,761015,3
sensed,760898,3
baa,760809,3
queuing,760682,3
valuing,760278,3
argon,760267,3
hooray,760229,3
biotin,759942,3
salter,759826,3
morph,759670,3
marconi,759608,3
tantra,759417,3
thingy,759227,3
stetson,759072,3
accuses,758916,3
calibre,758866,3
nobles,758833,3
fumble,758520,3
discos,758519,3
robles,758412,3
proverb,758380,3
clams,758323,3
reis,758322,3
wiccan,758132,3
sess,758115,3
levies,758010,3
speck,757962,3
gutters,757721,3
priser,757661,3
rudder,757465,3
microns,757451,3
scares,757085,3
mahjong,756807,3
surpass,756552,3
flexi,756518,3
serra,755717,3
hideous,755404,3
abreast,755392,3
pompano,754755,3
tyrant,754753,3
skewed,754743,3
decency,754590,3
papal,754586,3
sprang,754483,3
palais,754450,3
teaming,754348,3
aromas,754291,3
duets,754275,3
glycine,754156,3
vee,754126,3
logins,753667,3
sadism,753627,3
plenum,753523,3
axioms,753280,3
labia,753273,3
sweaty,753121,3
mogul,753098,3
varnish,752945,3
rounder,752345,3
rectum,752288,3
perched,752206,3
scop,751566,3
sunroof,751495,3
etch,751420,3
bogart,751274,3
vials,751274,3
densely,750999,3
droit,750988,3
raffles,750961,3
teeny,750932,3
benthic,750456,3
carlin,750350,3
ure,750260,3
stoner,750035,3
repost,750029,3
decrees,749695,3
bisque,749555,3
solano,749467,3
redline,749194,3
grieve,749133,3
reigns,749095,3
wank,748736,3
flue,748601,3
solvers,748582,3
lucerne,748525,3
fiasco,748520,3
emir,748486,3
deacons,748430,3
tumours,748269,3
slings,748142,3
dwarfs,748098,3
tatu,748062,3
reins,747535,3
midgets,747506,3
sweats,745983,3
sensei,745762,3
mobs,745728,3
cris,745686,3
massa,745334,3
hidalgo,745148,3
anno,744751,3
aural,744671,3
lawless,744548,3
gout,744272,3
inhuman,744168,3
fag,743707,3
rubs,743664,3
bigfoot,743525,3
despise,743347,3
floated,743248,3
fresco,742977,3
rundown,742924,3
auteur,742886,3
custard,742881,3
gizmos,742625,3
mildew,742515,3
tombs,742507,3
frown,742356,3
accords,742249,3
steels,742066,3
privy,742055,3
feeble,741884,3
gentile,741856,3
oes,741714,3
loaders,741695,3
trouser,741623,3
annuals,741453,3
sepia,741438,3
valence,741315,3
droits,741186,3
brava,741156,3
gat,740844,3
unpack,740819,3
haw,740732,3
russel,740606,3
chianti,740058,3
hombres,740046,3
damper,739042,3
wagga,738631,3
bobs,738558,3
madman,738188,3
peering,738177,3
slumber,738023,3
bane,737796,3
rudd,737675,3
chipped,737567,3
pelvis,737554,3
potluck,737489,3
ane,737466,3
creamer,737189,3
forts,737169,3
fledged,736854,3
surat,736651,3
gunmen,736479,3
pollack,736042,3
hoyle,736006,3
arousal,735904,3
thaw,735810,3
vandals,735789,3
reo,735567,3
mammary,735293,3
garnish,735054,3
levis,734906,3
peeling,734906,3
blindly,734867,3
durant,734706,3
boi,734472,3
diddy,734427,3
rok,734170,3
phish,734148,3
oxo,733962,3
bene,733903,3
hah,733893,3
halibut,733860,3
fifties,733852,3
goody,733518,3
dugout,733159,3
oup,732968,3
eels,732927,3
shun,732826,3
alumnus,732688,3
fenders,732496,3
frisbee,732489,3
giggle,732371,3
seagull,732263,3
polos,732192,3
streaks,731843,3
bor,731700,3
jails,731402,3
casket,731278,3
dickey,731267,3
detour,731235,3
yorkers,730976,3
visibly,730759,3
defunct,730743,3
dioxin,730728,3
unveil,730688,3
brant,730649,3
layoff,730418,3
decoded,730276,3
shitty,730189,3
dodger,730179,3
tun,729783,3
kinship,729489,3
acuity,729449,3
popper,729308,3
blouses,729119,3
hemlock,728886,3
uncanny,728621,3
jab,728373,3
stork,728360,3
concede,728130,3
curated,728115,3
fallacy,727996,3
noxious,727668,3
tunic,727598,3
farce,727546,3
chants,727229,3
rhone,727024,3
lunatic,727014,3
howdy,726642,3
haggard,726438,3
reorder,726368,3
manger,726351,3
megs,725953,3
chills,725945,3
whack,725891,3
drone,725818,3
breezes,725599,3
godly,725475,3
spire,725421,3
edging,725390,3
cymbals,725139,3
salina,725106,3
emblems,725056,3
shroud,724966,3
aching,724865,3
stead,724786,3
recoil,724770,3
daze,724665,3
raisin,724623,3
bobcat,724471,3
jamming,724167,3
poisons,723921,3
trot,723756,3
zed,723574,3
wald,722797,3
mucosa,722682,3
misled,722408,3
mani,722180,3
stoney,722080,3
culprit,722061,3
wok,721724,3
canola,721609,3
slicing,721532,3
spiced,721294,3
cag,721061,3
nicks,721039,3
lighten,720932,3
pamper,720825,3
canteen,720738,3
shrug,720506,3
boils,720481,3
covey,720367,3
donne,720360,3
tabbed,720355,3
dials,719996,3
woof,719614,3
ominous,719585,3
misfits,719573,3
parlour,719479,3
quieter,719364,3
poking,719323,3
buyout,719257,3
replays,719212,3
caldera,718968,3
baseman,718950,3
techie,718888,3
tallest,718826,3
wrestle,718785,3
rectify,718616,3
ous,718372,3
aster,718311,3
davy,718258,3
snails,718131,3
mittens,718053,3
ferns,717875,3
curls,717837,3
ens,717319,3
cranial,717207,3
wrecked,717161,3
wince,717079,3
rushes,716600,3
deities,716578,3
wot,716416,3
melts,716330,3
trickle,716225,3
erratic,716141,3
cashing,716047,3
spousal,716004,3
abusers,715904,3
drifted,715718,3
mallard,715695,3
airman,715660,3
sabres,715329,3
corsets,715206,3
dowd,715198,3
wasps,715192,3
wham,715089,3
cyclin,714925,3
barm,714636,3
ryu,714507,3
mitre,714477,3
gyno,714401,3
tonnage,714382,3
corals,714311,3
mille,714163,3
histone,713949,3
opioid,713933,3
greener,713531,3
grudge,713383,3
helical,713286,3
fondue,713242,3
wetting,713009,3
bosom,712863,3
maniacs,712832,3
uncheck,712620,3
bales,712551,3
rapes,712505,3
remotes,712229,3
fascia,711549,3
fryers,711360,3
picky,711200,3
critter,711175,3
begs,711023,3
mooring,710930,3
expats,710862,3
bok,710569,3
busts,710437,3
lumen,710305,3
porters,710270,3
jagger,710230,3
forgery,710220,3
setups,710211,3
pereira,709810,3
mull,709728,3
ort,709723,3
jumble,709075,3
cognac,708950,3
wading,708872,3
gawker,708746,3
gagging,708679,3
imitate,708662,3
cyclist,708585,3
magneto,708487,3
crunchy,708304,3
bode,708009,3
sealant,708008,3
thorns,708005,3
roto,707851,3
mosaics,707414,3
pious,707407,3
basalt,707293,3
tonal,707113,3
urns,707007,3
unfolds,706998,3
brocade,706921,3
ashtray,706842,3
seaweed,706781,3
poco,706572,3
votive,706291,3
wafers,706243,3
kors,706218,3
modulo,706086,3
antler,706024,3
tarts,706018,3
desking,705878,3
babble,705693,3
niches,705555,3
quid,705406,3
tix,705348,3
hugging,705015,3
postman,704985,3
hikers,704921,3
cuties,704840,3
preheat,704559,3
rookies,704414,3
foggy,704386,3
shone,704369,3
leafy,704018,3
sigs,703750,3
jarhead,703745,3
matured,703391,3
dolor,703247,3
camels,702766,3
kilo,702703,3
shoebox,702425,3
lowdown,702375,3
trove,702353,3
eased,702343,3
slay,702325,3
deprive,702310,3
kremlin,702296,3
filer,702264,3
lusty,702157,3
buzzing,701772,3
dauphin,701702,3
arias,701697,3
steed,701658,3
kenner,701601,3
unites,701591,3
cleats,701439,3
millet,701394,3
invert,701338,3
grinned,700875,3
carats,700302,3
hasty,700024,3
gio,699874,3
nods,699860,3
dieses,699843,3
sumatra,699692,3
macular,699475,3
scrape,699467,3
chia,699409,3
prized,699404,3
hombre,699131,3
munch,699127,3
traitor,698922,3
clove,698870,3
chica,698851,3
widened,698758,3
preps,698730,3
mallet,698695,3
leech,698609,3
mylar,698551,3
giver,698546,3
equate,698365,3
elmwood,697674,3
parr,697446,3
ods,697397,3
nymph,697326,3
leno,697173,3
sida,697130,3
pajama,696776,3
toning,696570,3
fueling,696312,3
frail,696174,3
crayons,696127,3
tikes,696108,3
awfully,695995,3
arched,695888,3
curfew,695833,3
enlist,695738,3
bree,695686,3
corneal,695659,3
profane,695633,3
crusher,695578,3
riva,695575,3
swank,695208,3
robber,695207,3
roving,694802,3
drinker,694735,3
zas,694705,3
modeler,694542,3
linger,694372,3
fillet,694345,3
maar,694289,3
churn,694218,3
dork,694191,3
nimbus,694079,3
nog,693906,3
madre,693680,3
impart,693647,3
ags,693577,3
muted,693571,3
feats,693557,3
zzz,693209,3
millie,693078,3
nonzero,693060,3
touted,692690,3
kava,692548,3
sari,692213,3
hangman,692058,3
bumpy,692057,3
aleph,692035,3
sloping,691942,3
mitt,691902,3
masons,691447,3
surges,691328,3
unlucky,691119,3
yawn,691112,3
distort,690980,3
ketchup,690926,3
alimony,690884,3
viscous,690820,3
mun,690756,3
loosing,690534,3
piling,690226,3
soloist,690180,3
amine,689951,3
robbers,689884,3
carfax,689852,3
meng,689565,3
burley,689481,3
woofer,689321,3
lowland,689014,3
spake,688769,3
feud,688736,3
awoke,688520,3
parka,688453,3
unheard,688452,3
prune,688443,3
scouse,688392,3
cairn,688283,3
nomadic,688268,3
draco,688044,3
galena,687986,3
berks,687726,3
prolong,687609,3
knits,687393,3
kroon,687367,3
thinly,687257,3
bobo,687016,3
weaning,686970,3
arable,686899,3
brut,686829,3
alkali,686657,3
mowing,686481,3
nutty,686428,3
sever,686306,3
myeloma,686302,3
expend,686291,3
gist,686228,3
auntie,686225,3
afghans,686172,3
blames,686067,3
vividly,685942,3
merino,685519,3
stooges,685421,3
jello,685368,3
barium,685116,3
toric,685050,3
looting,684998,3
humming,684949,3
shearer,684835,3
exerted,684640,3
ohs,684292,3
titre,683909,3
tumbler,683888,3
adagio,683835,3
bonne,683697,3
sev,683579,3
flocks,683381,3
ranting,683328,3
erupted,683128,3
fling,682999,3
comrade,682880,3
piccolo,682432,3
lobo,682347,3
havens,682272,3
bushing,682067,3
zips,681530,3
raving,681070,3
lindy,680830,3
panzer,680717,3
soviets,680586,3
tweeter,680465,3
poncho,680428,3
choirs,680332,3
faerie,680250,3
stinger,679953,3
wreaths,679767,3
tact,679597,3
projet,679585,3
absorbs,679416,3
drier,679179,3
bothers,678994,3
parades,678980,3
cubicle,678968,3
rana,678929,3
avanti,678832,3
shoved,678693,3
invokes,678680,3
papaya,678666,3
cannons,678613,3
auger,678597,3
iconic,678475,3
sulfide,678464,3
rife,678405,3
gambit,678274,3
dales,678083,3
polled,677955,3
emptied,677794,3
jogger,677597,3
verity,677567,3
covent,677431,3
turret,677420,3
precede,677234,3
huts,677145,3
silo,677145,3
jodhpur,677076,3
domes,676815,3
tetanus,676716,3
caribe,676681,3
eras,676528,3
execs,676432,3
hiker,676389,3
wildest,676143,3
outlays,676122,3
zloty,676066,3
osmosis,675967,3
priming,675954,3
vowels,675898,3
soothe,675582,3
bock,675516,3
leary,675295,3
slurry,675229,3
tamper,675054,3
pugh,675025,3
beretta,674777,3
heathen,674664,3
unduly,674618,3
winger,674578,3
rigged,674484,3
fanning,673919,3
meu,673903,3
spurred,673818,3
logics,673802,3
wha,673618,3
coeds,673554,3
crumb,673404,3
guilder,673189,3
mend,673176,3
sealer,673127,3
sleazy,673126,3
onstage,672953,3
riel,672825,3
pinky,672775,3
mints,672742,3
capo,672218,3
yikes,672164,3
grate,672155,3
grilles,672094,3
mim,672065,3
demonic,671684,3
deduced,671465,3
mums,671177,3
burials,671030,3
armpit,670727,3
ratify,670714,3
mew,670699,3
ginkgo,670404,3
fiend,670385,3
drapery,670328,3
muzzle,670209,3
entrant,670173,3
vespa,669846,3
phasing,669837,3
lactate,669830,3
skeptic,669651,3
backlit,669646,3
slander,669482,3
basing,669209,3
baits,669063,3
onshore,669051,3
florals,669004,3
wicks,668862,3
toxics,668763,3
potions,668599,3
tern,668594,3
squirts,668573,3
watered,668362,3
lass,668332,3
fleas,668194,3
opting,668064,3
hauled,668036,3
taupe,668030,3
hookup,667786,3
recite,667761,3
dismay,666985,3
rota,666899,3
smelled,666832,3
jute,666652,3
heals,666561,3
prim,666550,3
groomed,666142,3
leaping,666113,3
sunken,666107,3
sliders,666098,3
pang,665803,3
swag,665733,3
reared,665694,3
mangas,665660,3
yap,665660,3
pyrex,665560,3
sedans,665446,3
sundry,664664,3
runes,664374,3
pique,664313,3
ents,664215,3
burrell,664083,3
quickie,664065,3
swore,663914,3
boreal,663788,3
trier,663496,3
flashy,663405,3
prowess,663380,3
dogwood,663309,3
signet,663285,3
qwerty,662907,3
manhood,662829,3
nephews,662609,3
devi,662406,3
memes,662337,3
opts,662207,3
wilco,662169,3
feudal,661772,3
padi,661555,3
basses,661302,3
boarded,661185,3
eon,661163,3
syllabi,661092,3
livre,660631,3
wikis,660621,3
mano,660493,3
uta,660374,3
yonkers,660092,3
fathom,660038,3
cools,659994,3
furs,659392,3
taskbar,659386,3
libero,659380,3
tet,659362,3
muppets,659288,3
extant,659214,3
unmask,659195,3
umpires,659165,3
chisel,659044,3
wayward,658772,3
legit,658762,3
redness,658742,3
ingo,658621,3
wands,658592,3
erasure,658545,3
fishy,658490,3
preamp,658453,3
pauses,658415,3
glimmer,658110,3
radars,657862,3
blooded,657681,3
mawr,657539,3
daw,657495,3
whim,657481,3
teddies,657456,3
upsilon,657441,3
sizable,657359,3
filmy,657205,3
timid,657204,3
weavers,656749,3
pied,656612,3
thyself,656608,3
chiller,656419,3
rooting,656335,3
barra,656133,3
nigh,656088,3
ales,656034,3
sump,655880,3
sucrose,655854,3
modesty,655467,3
banshee,655401,3
veils,655338,3
cajon,655061,3
zest,655010,3
fisheye,654623,3
wayside,654520,3
wich,654089,3
aerials,653913,3
summits,653897,3
stylist,653865,3
sprayer,653691,3
banc,653586,3
gliders,653558,3
corby,653551,3
barbed,653497,3
legions,653127,3
dona,653056,3
lustre,653026,3
hadith,653000,3
rav,652895,3
lobos,652655,3
wisp,652143,3
juicers,651885,3
sift,651805,3
ooze,651716,3
hangout,651555,3
amnesia,651098,3
bigotry,651095,3
leaky,650957,3
pagans,650545,3
actuate,650482,3
dinars,650398,3
capote,650297,3
molar,650262,3
fume,650207,3
afloat,650052,3
bruised,649995,3
dashes,649659,3
impeach,649609,3
atrophy,649500,3
bullpen,649496,3
mamas,649492,3
brag,649472,3
earls,649223,3
utopian,649210,3
confers,649197,3
hyped,648758,3
decrypt,648562,3
batik,648561,3
muff,648249,3
mam,648152,3
odour,648137,3
snag,648074,3
fringes,647924,3
plex,647886,3
forint,647794,3
nudism,647738,3
affirms,647629,3
gulch,647573,3
hoody,647288,3
moaned,647258,3
axles,647257,3
dildoes,646723,3
takeoff,646648,3
wiggle,646578,3
henna,646514,3
bribe,646492,3
propel,646427,3
yank,646395,3
shag,646319,3
verily,646173,3
doped,646161,3
ardent,646145,3
hitters,645933,3
wickets,645923,3
shimmer,645534,3
tremor,645479,3
loaned,645205,3
violins,645187,3
astute,645050,3
kuna,644892,3
logbook,644880,3
inflict,644706,3
rotates,644637,3
legible,644449,3
towed,644374,3
rescues,644336,3
auguste,644138,3
salted,644121,3
tiling,644082,3
waffles,643995,3
doubly,643982,3
brewed,643852,3
annexes,643849,3
lisle,643841,3
fiance,643815,3
vulture,643760,3
mislead,643671,3
ventral,643596,3
twa,643531,3
gunter,643434,3
retard,643417,3
canto,643291,3
welders,642723,3
sponges,642645,3
revered,642226,3
shingle,641972,3
timbers,641894,3
iguana,641679,3
glaring,641607,3
choker,641488,3
tilting,641484,3
mohr,641307,3
harass,641237,3
tunica,641138,3
hues,641113,3
aorta,641057,3
delve,640909,3
crimp,640746,3
lumps,640708,3
fished,640536,3
oregano,640532,3
drizzle,640385,3
boaters,640369,3
bracing,640265,3
meh,639766,3
remorse,639738,3
clout,639706,3
spacers,639630,3
jours,639577,3
wag,639468,3
feces,639441,3
fella,639391,3
bute,639368,3
metered,639193,3
cami,639025,3
hetero,638817,3
lucifer,638710,3
unholy,638652,3
lakh,638641,3
phage,638631,3
dulce,638505,3
lags,638410,3
hajj,638344,3
spat,638094,3
fatties,638062,3
inflows,637653,3
nubuck,637589,3
caving,637293,3
ices,637257,3
alkyl,637228,3
livery,637025,3
milieu,636367,3
hella,636259,3
injure,636129,3
esters,636043,3
medusa,635873,3
pagoda,635860,3
dosages,635845,3
primed,635804,3
keg,635769,3
recited,635754,3
hazmat,635574,3
ensued,635554,3
ahem,635512,3
justly,635498,3
throats,635484,3
barrage,635351,3
pis,635260,3
curled,635094,3
peeping,634909,3
dermal,634812,3
paces,634682,3
earners,634571,3
walnuts,634262,3
lashes,633924,3
coord,633526,3
conical,633510,3
mocking,633379,3
tricked,633300,3
raccoon,633241,3
cheaply,633136,3
allege,633028,3
draped,632982,3
subtly,632895,3
consort,632622,3
shad,632614,3
serrano,632561,3
niacin,632524,3
glyph,632257,3
unwired,631849,3
plumb,631703,3
tooled,631629,3
matchup,631565,3
kino,631373,3
chuckle,631276,3
unify,631185,3
rit,630833,3
briar,630788,3
wavy,630746,3
swapped,630736,3
stent,630695,3
moulds,630674,3
bloated,630335,3
pranks,630189,3
mantel,630116,3
crux,630081,3
armband,629940,3
belated,629847,3
stemmed,629826,3
lek,629740,3
winder,629454,3
junta,629394,3
shrunk,629377,3
crammed,629358,3
hatchet,629134,3
obit,629100,3
grout,628986,3
pastels,628711,3
creeper,628591,3
curie,628416,3
slag,628375,3
skit,628359,3
farmed,627899,3
hocking,627715,3
femoral,627670,3
zooming,627373,3
donny,627077,3
erick,626971,3
sado,626661,3
nuances,626064,3
knuckle,626011,3
kelp,625965,3
taker,625940,3
bastion,625778,3
tupelo,625495,3
gypsies,625473,3
batt,625435,3
watery,625163,3
submenu,625135,3
kwacha,625121,3
coiled,625071,3
sipping,625038,3
vamp,624910,3
janes,624883,3
sledge,624637,3
stepper,624580,3
gilded,624578,3
sages,624245,3
tropic,624139,3
marg,624095,3
iota,623590,3
helo,623481,3
realist,623441,3
midsole,623349,3
scorn,622924,3
whirl,622629,3
dop,622505,3
pervert,622485,3
retails,622432,3
circled,622289,3
withers,622279,3
sprout,622268,3
campos,622063,3
bunches,621858,3
bagged,621852,3
deviate,621562,3
hinds,621387,3
stinky,621254,3
atelier,620988,3
veneers,620852,3
tibia,620778,3
penned,620680,3
kiddie,620660,3
conte,620643,3
venturi,620615,3
cheered,620572,3
beanies,620377,3
bled,620251,3
seiten,619708,3
solace,619439,3
pesky,619402,3
moles,619237,3
salvia,619227,3
duma,618991,3
beacons,618822,3
stucco,618601,3
posada,618562,3
obits,618473,3
shams,618299,3
shawls,618290,3
pita,618153,3
bruises,618130,3
lor,617806,3
freebie,617797,3
spycam,617758,3
lowes,617732,3
bulimia,617339,3
intros,617326,3
ladybug,617279,3
slum,617168,3
ruffle,617143,3
bassoon,616967,3
knack,616898,3
rivet,616847,3
aggie,616732,3
tilly,616707,3
grunt,616546,3
talmud,616436,3
ezines,616130,3
oca,615984,3
doubted,615926,3
ravaged,615867,3
ailing,615697,3
obeyed,615636,3
eases,615614,3
ghostly,615565,3
crim,615516,3
mutiny,615416,3
foresee,615358,3
rations,615287,3
cornea,614968,3
minibar,614875,3
amis,614484,3
barware,614412,3
buffs,614179,3
doit,614034,3
triplet,613821,3
sonics,613745,3
risking,613699,3
lotta,613607,3
ingress,613315,3
barbers,613252,3
retires,613181,3
dengue,613129,3
duro,613120,3
shanks,613020,3
organza,612986,3
deduce,612968,3
bolted,612878,3
rabid,612676,3
probed,612535,3
funnies,612296,3
cumin,612220,3
pox,612191,3
hamlets,612171,3
setters,612145,3
pec,611912,3
payee,611882,3
jammed,611686,3
cymbal,611557,3
nosed,611383,3
shogun,611360,3
lovable,611002,3
quanta,610901,3
synapse,610878,3
airplay,610851,3
sawmill,610850,3
abram,610831,3
uppers,610789,3
sib,610749,3
pitman,610728,3
fuzz,610459,3
laces,610254,3
minima,610170,3
toil,610151,3
hugged,610040,3
flurry,609891,3
warmest,609811,3
capping,609654,3
hipster,609542,3
testis,609433,3
tigger,609354,3
aunts,609018,3
vapors,608939,3
gemma,608694,3
rupiah,608679,3
bullish,608644,3
hippy,608617,3
klik,608503,3
mutated,608283,3
strep,608154,3
roost,608008,3
amyloid,607679,3
tenets,607614,3
goff,607489,3
dialed,607455,3
garb,607429,3
mitts,606942,3
nappy,606925,3
fuchsia,606808,3
muscat,606795,3
queried,606763,3
crayon,606502,3
rotting,606382,3
ayres,606243,3
skippy,605968,3
sooners,605949,3
marque,605877,3
ditches,605732,3
evade,605626,3
bap,605536,3
pars,605500,3
loca,605462,3
rework,605413,3
coffs,605245,3
scourge,605240,3
twig,605227,3
lapis,605210,3
bandage,605193,3
detach,605182,3
webby,605178,3
footbed,605175,3
apogee,605076,3
mala,605068,3
worsen,605022,3
tankers,604915,3
cramped,604859,3
wept,604753,3
bes,604667,3
racking,604529,3
shunt,604152,3
rodeway,604117,3
synch,603920,3
patten,603919,3
allis,603850,3
sects,603808,3
mux,603697,3
enclave,603583,3
ingles,603102,3
senders,603095,3
steamy,602955,3
updater,602721,3
acetic,602572,3
unarmed,602459,3
dyeing,602404,3
tawny,602308,3
sconces,602285,3
thang,601478,3
layman,601070,3
bungee,601002,3
vellum,600914,3
stalks,600494,3
stanza,600482,3
mucus,600467,3
morons,600305,3
novices,600229,3
grasped,600185,3
pharos,600179,3
bequest,600153,3
beggars,599943,3
orgs,599836,3
florin,599783,3
quixote,599715,3
chaise,599684,3
dey,599591,3
rained,599532,3
timings,599523,3
merges,599509,3
trellis,599436,3
koa,599024,3
mythic,598878,3
marries,598788,3
echoing,598763,3
rund,598724,3
edgy,598685,3
tasked,598662,3
flips,598531,3
aptly,598371,3
liege,598284,3
useable,598152,3
nieces,598057,3
papyrus,597531,3
wiggles,597528,3
synths,597482,3
fop,597456,3
mobo,596983,3
bunn,596973,3
sheik,596893,3
pints,596841,3
girdle,596431,3
siamese,596411,3
veiled,596352,3
certs,596230,3
javelin,596077,3
bouncer,596061,3
phenol,595974,3
jigs,595902,3
stares,595840,3
byline,595807,3
bedlam,595688,3
yon,595677,3
entree,595667,3
desist,595578,3
piety,595389,3
embody,595383,3
petites,595347,3
gris,595329,3
crawled,595326,3
folate,595199,3
manitou,595043,3
soiled,594973,3
goofs,594965,3
connors,594890,3
dich,594830,3
froze,594804,3
plexus,594663,3
tian,594432,3
disarm,594302,3
sot,594289,3
merc,594280,3
tacit,594255,3
waring,594071,3
rallied,594035,3
quakers,594003,3
fams,593968,3
putters,593867,3
burg,593300,3
astray,593275,3
patios,593195,3
firebox,593165,3
hinted,593097,3
tuples,592947,3
gad,592912,3
modus,592874,3
sonatas,592757,3
bullies,592628,3
caustic,592242,3
rook,592238,3
emporia,592166,3
lemony,591827,3
basset,591680,3
limiter,591593,3
dah,591493,3
exiled,591466,3
pall,591376,3
pretext,591360,3
whisk,591308,3
flared,591294,3
artful,591043,3
eld,590912,3
margate,590644,3
unmet,590631,3
sez,590466,3
trig,590455,3
catawba,590386,3
ordinal,590170,3
moat,590169,3
caress,590047,3
hails,590036,3
gila,590020,3
swam,590013,3
downed,589997,3
mauve,589931,3
hazy,589765,3
twitch,589741,3
combed,589458,3
spore,589081,3
crept,588735,3
fibrous,588651,3
swamps,588604,3
hoof,588494,3
epistle,588449,3
acetone,588439,3
alanine,588422,3
exiles,588295,3
finesse,588192,3
nickels,587964,3
cour,587669,3
choctaw,587588,3
quarks,587246,3
reputed,587127,3
seduce,586830,3
bearers,586762,3
kimono,586714,3
guesses,586707,3
sharif,586651,3
courant,586440,3
moa,586245,3
canna,586192,3
potters,586134,3
frag,586002,3
hanged,585915,3
flatter,585847,3
dimmer,585447,3
sola,585411,3
uts,585381,3
dredge,585318,3
cordial,585191,3
punks,585036,3
dari,584871,3
patchy,584858,3
haters,584847,3
quarrel,584822,3
frith,584571,3
remixed,584468,3
hypoxia,584378,3
penile,584219,3
awa,584068,3
liqueur,584063,3
spokes,584032,3
pastime,583995,3
pursues,583983,3
bugle,583867,3
healers,583831,3
fours,583578,3
mullet,583341,3
devout,583135,3
actuary,583033,3
latches,582760,3
emitter,582685,3
yom,582525,3
pizzas,582245,3
trotter,581944,3
winders,581715,3
steen,581515,3
avion,581489,3
trop,581441,3
mortals,581270,3
vise,581219,3
comer,581184,3
tillage,580982,3
pere,580965,3
dae,580763,3
jackman,580704,3
lagged,580631,3
lasagna,580560,3
landers,580554,3
docu,580545,3
tapas,580527,3
hawker,580518,3
calla,580506,3
debuted,580254,3
lagging,580241,3
festa,580029,3
langer,580028,3
lute,579984,3
rosette,579959,3
sequels,579925,3
trumps,579462,3
pram,579211,3
twofold,579166,3
perc,578799,3
thwart,578726,3
potted,578679,3
chanson,578617,3
redox,578593,3
luau,578492,3
sitka,578381,3
goings,578232,3
brim,578190,3
clinch,578103,3
leprosy,578079,3
chum,578060,3
cometh,577974,3
fitter,577713,3
glut,577556,3
fasten,577472,3
goddamn,577357,3
bimbo,577216,3
daggers,577197,3
pleases,577183,3
moors,577097,3
tritium,576954,3
revolve,576832,3
choc,576769,3
waged,576479,3
waxed,576427,3
confine,576267,3
jaded,576218,3
mingle,576213,3
yardage,576154,3
neve,576117,3
enviro,576114,3
purify,575957,3
radii,575939,3
choked,575811,3
whereof,575793,3
pape,575722,3
wetsuit,575666,3
defying,575443,3
sacs,575432,3
outcast,575027,3
faraday,574988,3
oblong,574884,3
macabre,574859,3
wearer,574739,3
spotter,574725,3
hearsay,574382,3
roomy,574188,3
fanboy,574076,3
heros,574043,3
matting,573938,3
capers,573876,3
entice,573825,3
nears,573618,3
pah,573538,3
lasso,573529,3
soot,573490,3
mog,573487,3
yonder,573428,3
heretic,573176,3
cabana,573027,3
draught,572982,3
comical,572946,3
waiters,572903,3
gasped,572887,3
catwalk,572806,3
caverns,572761,3
boarder,572698,3
blurry,572668,3
minibus,572625,3
bumping,572620,3
greets,572428,3
ova,572242,3
waxes,572169,3
nats,572111,3
amplify,572038,3
whiz,571987,3
bevel,571985,3
coden,571963,3
seduced,571872,3
bonham,571740,3
cosplay,571731,3
dodgy,571643,3
thymus,571613,3
angrily,571493,3
belive,571451,3
croquet,571392,3
vacate,571365,3
neath,571177,3
burrito,570930,3
bonjour,570709,3
eyelid,570411,3
backers,570374,3
taming,570317,3
warlord,570147,3
snider,569966,3
barons,569865,3
bayes,569591,3
sucre,569392,3
affine,569258,3
woot,569172,3
obo,569159,3
stuffs,568879,3
blurbs,568853,3
ender,568591,3
coney,568494,3
ern,568446,3
shocker,568444,3
sowing,568345,3
frills,568246,3
wad,568187,3
ruining,568101,3
fung,568074,3
pinion,568048,3
yew,568000,3
roux,567980,3
haunts,567924,3
brawl,567755,3
heroism,567544,3
xenopus,567468,3
oblast,567121,3
saxony,567081,3
datos,567059,3
tain,567002,3
vane,566982,3
tum,566807,3
toluene,566731,3
tubal,566730,3
mane,566268,3
possum,566038,3
tonneau,566027,3
rosacea,565964,3
bayonet,565835,3
janitor,565779,3
kink,565510,3
holla,565475,3
reunite,565367,3
mohair,565343,3
chore,565322,3
steers,565315,3
juries,565211,3
nang,565067,3
gare,565042,3
crazed,564416,3
fondly,564334,3
whither,564313,3
sighs,564251,3
flipper,564088,3
eyeball,564079,3
flasks,563990,3
wifes,563949,3
phenyl,563947,3
telefax,563924,3
bossier,563701,3
rhea,563563,3
raided,563537,3
culvert,563434,3
spanner,563176,3
mises,563099,3
puri,562911,3
battled,562859,3
karts,562850,3
visors,562763,3
bonobo,562691,3
evokes,562522,3
spoils,562007,3
modena,561724,3
hasta,561700,3
sexist,561675,3
styrene,561584,3
alumnae,561573,3
triage,561450,3
sown,561441,3
protege,561434,3
beak,561383,3
settler,561352,3
rabble,561223,3
rung,561161,3
piped,560993,3
retour,560894,3
sconce,560741,3
ovaries,560629,3
daddies,560504,3
follies,560249,3
dells,560024,3
lactic,559889,3
cleanly,559873,3
unclean,559843,3
seizing,559841,3
katana,559797,3
boson,559775,3
milled,559693,3
geez,559306,3
anima,559141,3
meshes,559032,3
pud,559022,3
firsts,559005,3
ferrets,558993,3
enlight,558954,3
grotto,558927,3
wop,558906,3
twas,558866,3
loam,558710,3
buzzer,558420,3
rivets,558409,3
jeune,558399,3
leveled,558348,3
graces,558332,3
trams,558296,3
adheres,558200,3
rawhide,557948,3
downers,557935,3
knotted,557715,3
sorter,557591,3
misused,557511,3
octal,557500,3
betray,557182,3
fandom,556784,3
debacle,556654,3
argh,556652,3
bennet,556649,3
undress,556329,3
gauze,556178,3
gazed,555917,3
skips,555853,3
sodomy,555726,3
rut,555550,3
moira,555353,3
tenured,555349,3
acyl,555154,3
rumored,555054,3
amuse,554922,3
fixer,554896,3
foy,554765,3
haves,554576,3
romp,554517,3
grantor,554481,3
soares,554448,3
idiom,554390,3
tangle,554384,3
rah,554164,3
saggy,554140,3
merch,553953,3
upsets,553892,3
sceptre,553865,3
ket,553849,3
matinee,553768,3
plunder,553689,3
midweek,553652,3
maa,553630,3
rialto,553600,3
bustle,553596,3
trawl,553588,3
risers,553448,3
gamut,553397,3
czar,553393,3
inhaler,553285,3
refute,553232,3
spicer,552873,3
mush,552867,3
shudder,552841,3
parson,552694,3
firemen,552655,3
foal,552193,3
slinky,552098,3
pease,551869,3
oxy,551839,3
mixtape,551684,3
dreary,551606,3
tuxedos,551602,3
batters,551521,3
gogo,551506,3
crispin,551401,3
duffle,551355,3
horrid,551326,3
scraper,551301,3
dryness,551208,3
paras,551039,3
gophers,550942,3
noes,550899,3
relist,550898,3
dockers,550835,3
manta,550732,3
dost,550675,3
compo,550501,3
filet,550472,3
roos,550454,3
infidel,550445,3
volley,550438,3
carnal,550376,3
larceny,550282,3
versed,550146,3
cred,549898,3
lorry,549887,3
recaps,549885,3
fet,549806,3
opcode,549650,3
bridle,549609,3
revamp,549489,3
arista,549323,3
enfants,549165,3
unravel,548449,3
android,548244,3
galilee,548227,3
tiller,547999,3
orifice,547964,3
rubella,547935,3
hordes,547773,3
sapphic,547745,3
beryl,547615,3
targa,547379,3
leucine,547247,3
jobless,547242,3
cutout,547177,3
slashed,547151,3
noob,546822,3
goog,546720,3
zag,546660,3
garvey,546494,3
saute,546457,3
idyllic,546274,3
satchel,546210,3
peruse,546052,3
giggles,546025,3
revel,546018,3
alleys,545964,3
suture,545876,3
dof,545744,3
tice,545628,3
madly,545418,3
stiller,545339,3
loggers,545185,3
steeped,545166,3
whew,545112,3
gripe,545043,3
summa,545031,3
eyelids,544998,3
archers,544641,3
forbids,544611,3
disdain,544536,3
bribes,544178,3
kidnap,544164,3
syed,544013,3
forme,544011,3
sider,543665,3
mitral,543640,3
lowly,543486,3
daemons,543331,3
scant,543285,3
probs,543256,3
sorely,543086,3
elven,543019,3
pail,542968,3
enlaces,542901,3
flier,542812,3
mastiff,542726,3
mercado,542582,3
lum,542447,3
dahlia,542383,3
fico,542275,3
loin,542236,3
kor,542161,3
pirated,541893,3
leavers,541859,3
ravine,541765,3
pours,540889,3
napalm,540829,3
leer,540734,3
nave,540726,3
rez,540579,3
hows,540560,3
amity,540428,3
starve,540312,3
leek,540296,3
fid,540082,3
fronted,539979,3
picnics,539733,3
broiler,539610,3
lickers,539571,3
abscess,539538,3
skimpy,539449,3
memento,539411,3
tumbled,539245,3
drool,539170,3
sepsis,538965,3
choline,538818,3
trikes,538795,3
casas,538695,3
rouble,538678,3
semper,538522,3
sweeter,538443,3
mattie,538409,3
tallied,538377,3
saucers,538238,3
keying,538196,3
lupin,538085,3
eidos,538029,3
gondola,538006,3
spines,537700,3
reiter,537632,3
puss,537622,3
truffle,537610,3
taka,537576,3
beal,537553,3
flutter,537468,3
acumen,537435,3
hallo,537426,3
shiver,537359,3
shatter,537328,3
pickled,537175,3
chicos,537150,3
cliche,537105,3
tolar,537047,3
hades,536971,3
zonal,536783,3
maas,536742,3
civics,536690,3
chemo,536433,3
nuance,536418,3
rotator,536238,3
myosin,536215,3
carpool,536160,3
armpits,536022,3
levees,535147,3
slacker,535041,3
muses,535008,3
bandana,534893,3
oars,534885,3
padlock,534885,3
classed,534847,3
freer,534734,3
fennel,534724,3
smit,534539,3
solidly,534492,3
weaves,534416,3
chimera,534360,3
futons,534316,3
foaming,534246,3
tailors,534239,3
tassel,534111,3
leans,533946,3
fixings,533926,3
baffled,533868,3
tripoli,533655,3
fillets,533526,3
phoned,533497,3
dailies,533406,3
hoi,533312,3
foils,533300,3
retract,533226,3
moya,533207,3
buoys,532923,3
tinting,532889,3
burnie,532719,3
tait,532621,3
renown,532051,3
murky,532036,3
tongs,531760,3
cyborg,531731,3
yanks,531722,3
clot,531650,3
cabal,531622,3
beggar,531456,3
cuddle,531391,3
pard,531358,3
downer,531275,3
abelian,531258,3
mucous,530783,3
poked,530699,3
slashes,530627,3
dwarves,530545,3
pyro,530496,3
tye,530460,3
stinks,530420,3
artiste,530213,3
kemper,530107,3
slicer,529901,3
repose,529829,3
hasten,529792,3
risque,529634,3
earthy,529313,3
rabbis,529276,3
adored,529243,3
centaur,529060,3
rapist,529000,3
pinhole,528793,3
passe,528622,3
soya,528530,3
moz,528524,3
partake,528425,3
douche,528261,3
snooper,528147,3
rancher,527626,3
grocers,527586,3
vesting,527458,3
panache,527342,3
joes,527292,3
morn,527290,3
nob,527204,3
glug,527133,3
gnats,527105,3
solon,527040,3
detract,526815,3
sparky,526786,3
sysop,526687,3
pitted,526572,3
wrecks,526445,3
dares,526302,3
tems,526292,3
siesta,526110,3
pelagic,526004,3
cynic,525906,3
runways,525612,3
frowned,525610,3
raine,525576,3
sass,525529,3
bunbury,525472,3
tasking,525455,3
rout,525451,3
pus,525387,3
tweaked,525365,3
rubies,525361,3
hatched,525318,3
snappy,525121,3
opa,525110,3
trample,525057,3
colonic,525019,3
qin,524937,3
zircon,524912,3
caspase,524776,3
ploy,524632,3
magi,524549,3
wattage,524330,3
puke,524316,3
booms,524101,3
swipe,524034,3
upkeep,523744,3
pomeroy,523634,3
glee,523509,3
biliary,523440,3
resized,523228,3
yorkie,523218,3
forgets,523069,3
grapple,522941,3
inseam,522873,3
faves,522653,3
clays,522200,3
denier,522095,3
udo,522085,3
uncles,522032,3
soared,522016,3
qigong,521945,3
nestor,521921,3
fumbles,521802,3
nitrite,521790,3
mouser,521786,3
arti,521746,3
pesto,521625,3
whoops,521504,3
tanto,521483,3
violets,521391,3
nether,521363,3
helios,521342,3
monomer,521251,3
nomads,521242,3
coho,521165,3
ramble,521153,3
hexagon,521031,3
natura,520810,3
hams,520778,3
lubes,520715,3
idiotic,520570,3
parti,520451,3
erg,520108,3
tarpon,520099,3
bough,520067,3
hoot,520039,3
radix,520001,3
workmen,519975,3
nerf,519972,3
grist,519954,3
duster,519771,3
pronoun,519635,3
signer,519577,3
sloth,519428,3
steely,519388,3
pulleys,519294,3
sublets,519233,3
fates,519225,3
stews,519188,3
tacky,519106,3
antiwar,518947,3
drags,518855,3
relive,518779,3
sade,518768,3
shadowy,518730,3
liquors,518686,3
abalone,518562,3
creases,518489,3
nourish,518307,3
quirks,518148,3
bundy,518060,3
pina,518051,3
gingham,517865,3
teasers,517803,3
beveled,517750,3
plover,517710,3
mow,517690,3
solute,517518,3
mumps,517472,3
chasm,517410,3
haggis,517401,3
styli,517320,3
toolset,516897,3
bott,516827,3
ejected,516726,3
scribes,516413,3
leed,516306,3
browsed,516248,3
vive,516213,3
clem,516016,3
acutely,515934,3
profess,515888,3
razors,515834,3
masse,515818,3
legumes,515772,3
inflate,515640,3
worded,515624,3
quant,515573,3
fleshy,515537,3
poss,515378,3
sundown,515154,3
rasta,515109,3
ravel,515098,3
decoy,514956,3
balsam,514937,3
kale,514661,3
huck,514551,3
addy,514407,3
ehs,514375,3
outcry,514311,3
pecans,514201,3
grime,514156,3
juke,514099,3
cordon,514009,3
exo,513966,3
workday,513832,3
eared,513815,3
cutlass,513706,3
jinx,513630,3
rigor,513599,3
tics,513267,3
tsk,513082,3
gusto,512932,3
maidens,512909,3
humbly,512799,3
ugs,512737,3
langue,512557,3
footy,512263,3
joinery,512230,3
octagon,512182,3
equates,512180,3
azalea,512162,3
tacos,512088,3
dwelt,512083,3
halide,511816,3
genders,511585,3
jura,511523,3
harming,511509,3
insole,511475,3
hilly,511265,3
aisles,511227,3
slacks,511225,3
trusty,511192,3
sager,511124,3
fatally,511107,3
caged,511070,3
radium,510988,3
prawn,510828,3
phylum,510826,3
kon,510819,3
algal,510781,3
waging,510771,3
phenix,510567,3
rowdy,510507,3
popes,510461,3
bravely,510443,3
puffin,510270,3
shaper,510139,3
cheater,510063,3
tora,510054,3
leger,509988,3
torus,509986,3
cotta,509908,3
clogged,509657,3
raping,509457,3
leashes,509356,3
fido,509177,3
sounder,509167,3
thon,509072,3
stench,508722,3
chock,508651,3
cursing,508585,3
messier,508539,3
gravis,508518,3
emits,508331,3
flanges,508279,3
bowlers,508278,3
thefts,508153,3
keypads,508028,3
auld,507913,3
regress,507903,3
hao,507844,3
spanned,507808,3
polity,507689,3
pias,507672,3
celiac,507636,3
hough,507632,3
rappers,507215,3
cumulus,507081,3
reigned,507033,3
wanton,506943,3
airmen,506894,3
curio,506765,3
hookers,506732,3
amalgam,506720,3
locket,506690,3
aver,506675,3
gander,506552,3
voila,506278,3
savor,506115,3
darkly,506092,3
pleural,505955,3
dilated,505813,3
angered,505765,3
condone,505681,3
thermos,505376,3
garters,504865,3
adamant,504722,3
pontoon,504691,3
tableau,504587,3
anion,504530,3
numeral,504498,3
vernal,504458,3
tabby,504455,3
therm,504374,3
myeloid,504353,3
pugs,504309,3
rubicon,504277,3
sima,504171,3
hants,504165,3
tala,504032,3
kami,503825,3
frigate,503810,3
fanfic,503804,3
dazed,503682,3
harrier,503519,3
sited,503306,3
entrust,503276,3
tripled,503030,3
puffs,502996,3
burying,502926,3
chicano,502803,3
erasing,502708,3
fleer,502699,3
deuces,502610,3
fud,502583,3
cyclops,502531,3
gunfire,502511,3
cols,502374,3
keenly,502306,3
gourd,502106,3
groaned,502066,3
voicing,501969,3
fliers,501959,3
mons,501913,3
grouper,501815,3
negate,501814,3
defies,501766,3
moped,501534,3
bunkers,501465,3
ligase,501414,3
precast,501005,3
purest,500985,3
kelty,500637,3
jib,499948,3
bodice,499917,3
foray,499808,3
opiate,499790,3
caritas,499620,3
filly,499537,3
rhubarb,499529,3
milt,499484,3
ragtime,499380,3
vulva,499113,3
posey,499031,3
mayoral,498916,3
fortis,498896,3
tidings,498841,3
honeys,498804,3
dike,498600,3
silvery,498555,3
croton,498542,3
depots,498539,3
nodding,498441,3
jasmin,498340,3
libri,498310,3
amici,498099,3
bubbly,498054,3
nodal,497653,3
templar,497645,3
cedars,497358,3
aloft,497342,3
mated,497140,3
wart,497136,3
snooze,497075,3
kestrel,497006,3
prawns,496933,3
naps,496868,3
ruffled,496847,3
plums,496751,3
fairer,496708,3
hoppers,496700,3
prides,496383,3
trinket,496217,3
xray,496121,3
telly,496040,3
toyo,495927,3
slurp,495920,3
wishful,495862,3
trailed,495781,3
rogues,495745,3
expanse,495684,3
hippies,495633,3
preside,495621,3
pul,495593,3
arles,495534,3
kea,495514,3
oeuvres,495455,3
ahs,495451,3
neocon,495398,3
rudi,495322,3
mussel,495250,3
raines,495204,3
dso,495191,3
unruly,495055,3
stapler,495009,3
ozzie,494900,3
cutest,494845,3
hoon,494813,3
encased,494670,3
tempt,494586,3
etudes,494514,3
gurney,494513,3
gush,494498,3
bathe,494252,3
scarred,494189,3
ignited,494043,3
tew,493976,3
rootkit,493905,3
vrouw,493709,3
coronal,493704,3
tantric,493630,3
reif,493575,3
lifter,493542,3
ogle,493507,3
scrooge,493397,3
pula,493339,3
buss,493314,3
nagging,493272,3
hiss,493054,3
bellow,492951,3
girth,492919,3
millers,492846,3
titted,492831,3
clerics,492827,3
inlaid,492826,3
poppies,492826,3
busses,492807,3
notched,492786,3
yip,492531,3
pullout,492448,3
reeling,492289,3
rimming,492108,3
crests,492071,3
rennes,492071,3
molto,492050,3
loafers,491996,3
fuelled,491974,3
toffee,491876,3
squires,491801,3
insures,491741,3
slaying,491722,3
mahatma,491695,3
pippin,491563,3
frauds,491526,3
utes,491093,3
lobes,491048,3
winches,490997,3
hoaxes,490943,3
urb,490854,3
coals,490751,3
shader,490704,3
hic,490659,3
grafts,490594,3
moderne,490566,3
carina,490507,3
fon,490495,3
necked,490302,3
feasts,490244,3
teacup,490146,3
toques,489646,3
chapels,489542,3
rusk,489388,3
tryouts,489341,3
minions,489305,3
adapts,489293,3
brunt,489270,3
gory,489190,3
glens,489161,3
rodman,488900,3
iterate,488875,3
ember,488846,3
lyra,488780,3
vetoed,488671,3
proteus,488496,3
simian,488490,3
atmos,488481,3
apiece,488388,3
gammon,488354,3
islet,488105,3
ganglia,488078,3
headway,488012,3
friars,487835,3
maples,487774,3
cobble,487693,3
spode,487640,3
buzzard,487611,3
bony,487592,3
plunger,487501,3
halting,487495,3
cranks,487365,3
lowery,487328,3
moll,487169,3
burrow,487085,3
veranda,486976,3
cytosol,486945,3
motu,486895,3
hyphen,486821,3
hatches,486551,3
teased,486402,3
detain,486373,3
eyelets,486219,3
legals,486196,3
flatten,486144,3
savant,486069,3
leaded,486003,3
gulls,485882,3
sultry,485693,3
sinned,485674,3
balsa,485561,3
enduro,485249,3
caper,485193,3
givens,485183,3
mucosal,484978,3
lentils,484962,3
quack,484886,3
drape,484861,3
sharps,484734,3
grooms,484582,3
otters,484545,3
mews,484522,3
ousted,484515,3
snicket,484415,3
cask,484364,3
grocer,484332,3
auberge,484164,3
paprika,484128,3
chases,484101,3
mezzo,483806,3
novella,483623,3
brie,483604,3
diggers,483579,3
hither,483579,3
glances,483569,3
silos,483560,3
tyrants,483557,3
giddy,483433,3
creston,483199,3
oaths,483079,3
ripples,483042,3
maw,482918,3
tooltip,482873,3
druids,482755,3
oxen,482660,3
griddle,482453,3
nascent,482442,3
precept,482252,3
patina,482158,3
gibbon,481964,3
bums,481923,3
urchin,481596,3
woodman,481163,3
gravely,481149,3
errands,480940,3
hells,480906,3
cartes,480824,3
fes,480788,3
spasms,480606,3
mops,480596,3
uproar,480509,3
syrah,480410,3
savages,480392,3
craters,480374,3
mockery,480064,3
capa,480007,3
tenths,479914,3
quench,479869,3
passer,479850,3
broil,479526,3
hurrah,479525,3
epitaph,479386,3
trypsin,479224,3
bursary,479223,3
barges,479102,3
aro,479069,3
nota,479048,3
cacti,478989,3
bugaboo,478975,3
enfant,478631,3
chowder,478500,3
freaked,478445,3
curbs,478423,3
walrus,478325,4
mascots,477653,4
comedic,477496,4
fend,477494,4
apical,477483,4
jokers,477265,4
piglet,477253,4
crumble,477166,4
senza,476965,4
spatula,476864,4
cates,476810,4
gotcha,476745,4
drifter,476711,4
veer,476643,4
netted,476508,4
stardom,476402,4
dispel,476163,4
recs,475990,4
exotics,475902,4
jiffy,475865,4
immerse,475638,4
envious,475528,4
colic,475478,4
hirsute,475227,4
prelim,475130,4
fooling,475098,4
vaulted,474882,4
warms,474877,4
ectopic,474822,4
coulomb,474711,4
saucy,474568,4
masala,474454,4
masque,474421,4
gleaned,474339,4
flowery,474297,4
maki,474242,4
sunburn,474135,4
nips,474007,4
ciel,473913,4
elector,473844,4
kas,473827,4
fielded,473722,4
askew,473664,4
groan,473578,4
dusting,473535,4
touts,473474,4
shrines,473261,4
bridged,473249,4
toile,473077,4
sitcoms,473023,4
ukulele,472970,4
bracken,472890,4
couches,472833,4
girlie,472746,4
antes,472677,4
arduous,472353,4
slugger,472200,4
creeps,471980,4
fulcrum,471905,4
stoker,471905,4
gripped,471868,4
sama,471797,4
nymphs,471677,4
woohoo,471601,4
jurist,471278,4
devo,471277,4
ducky,471241,4
vestal,471189,4
bola,471188,4
debs,470875,4
sprites,470855,4
dashing,470775,4
shipman,470738,4
tiring,470655,4
abate,470646,4
carrick,470527,4
glob,470432,4
vig,470343,4
voids,470343,4
bellied,470283,4
ream,470230,4
decreed,470087,4
mossy,470059,4
droid,469988,4
ores,469988,4
addenda,469982,4
boll,469920,4
aris,469868,4
keyhole,469732,4
usages,469643,4
bowels,469523,4
shiatsu,469522,4
cornet,469412,4
unplug,469350,4
albergo,469345,4
porcine,469297,4
shim,469167,4
lyne,468974,4
lodger,468917,4
inshore,468908,4
clots,468861,4
reducer,468843,4
spina,468643,4
tremors,468572,4
brane,468538,4
apropos,468525,4
pitiful,468456,4
linings,468204,4
cortina,468042,4
ides,467979,4
arbiter,467969,4
chaco,467915,4
hater,467834,4
buoyant,467828,4
airtime,467809,4
expel,467751,4
tonk,467642,4
ecos,467632,4
gryphon,467632,4
minnow,467515,4
swoop,467481,4
gumbo,467464,4
neuter,467414,4
meister,467099,4
lated,467007,4
montero,466985,4
vitally,466855,4
mavis,466837,4
chatted,466621,4
lured,466613,4
hurling,466538,4
brevity,466461,4
epitope,466448,4
visage,466447,4
prickly,466367,4
graff,466226,4
whittle,466046,4
etat,466009,4
hecht,465975,4
elitist,465590,4
beheld,465526,4
manna,465463,4
soars,465187,4
gnat,465124,4
copycat,464952,4
denials,464654,4
adorn,464591,4
dorms,464581,4
pimps,464373,4
projets,464339,4
belles,464270,4
baffle,464207,4
pared,464171,4
albino,464045,4
slums,463980,4
burnet,463890,4
anklets,463796,4
impasse,463752,4
piloted,463722,4
pav,463656,4
amok,463652,4
sexism,463602,4
bouts,463473,4
arty,463410,4
murmur,463379,4
cotter,463297,4
squeaky,463254,4
zydeco,463146,4
attache,463095,4
bulging,463055,4
chemise,463035,4
epics,462834,4
smug,462795,4
dons,462565,4
awol,462384,4
bionic,462342,4
larva,462298,4
martel,462087,4
chroma,461863,4
growl,461820,4
gorges,461761,4
brash,461753,4
canons,461653,4
hydrate,461614,4
diurnal,461522,4
subways,461437,4
tui,461356,4
fader,461088,4
ragga,461003,4
bugger,460782,4
lats,460627,4
roebuck,460565,4
typhoid,460452,4
afghani,460287,4
haulers,460203,4
slits,460082,4
imaged,459971,4
yule,459944,4
orcs,459759,4
hoss,459733,4
scallop,459709,4
crusty,459667,4
chard,459373,4
singlet,459327,4
lugs,459108,4
drones,459091,4
kiddies,459083,4
minster,459048,4
fanart,458985,4
sully,458846,4
bate,458739,4
instill,458692,4
lifes,458659,4
inept,458533,4
pert,458376,4
camped,458286,4
fraught,458277,4
droplet,458139,4
slowest,458071,4
revises,457941,4
parlay,457915,4
divan,457821,4
coexist,457780,4
tsar,457529,4
tripped,457346,4
strewn,457329,4
rubles,457166,4
belling,457154,4
snark,457068,4
copious,456992,4
cade,456953,4
tremble,456746,4
papas,456613,4
thump,456603,4
ghi,456594,4
lah,456593,4
wining,456558,4
alluded,456532,4
sojourn,456479,4
zippers,456393,4
decaf,456390,4
caloric,456201,4
sleuth,455844,4
neem,455774,4
surging,455706,4
cosh,455678,4
lop,455673,4
greased,455655,4
kain,455585,4
minas,455535,4
willed,455479,4
yoghurt,455313,4
bruin,455296,4
magpie,455274,4
simp,455138,4
robbing,455109,4
dimer,455104,4
dewar,454917,4
docked,454895,4
burp,454884,4
capes,454767,4
oms,454710,4
salvo,454555,4
twigs,454542,4
epitome,454485,4
nicol,454397,4
degas,454377,4
gastro,454345,4
joked,454255,4
breaths,454250,4
fared,454064,4
fleck,454043,4
clough,453689,4
unlink,453576,4
wert,453509,4
flix,453387,4
flanked,453371,4
cusp,453355,4
homers,453331,4
primacy,453321,4
pointy,453231,4
eyeing,453009,4
bade,452907,4
mists,452867,4
carmine,452762,4
stover,452683,4
revs,452579,4
maha,452561,4
wombat,452511,4
zippy,452440,4
odeon,452374,4
inhale,452342,4
dreamt,452328,4
arpa,452186,4
goers,452132,4
chipper,452119,4
infosec,452071,4
fiancee,452051,4
yolk,451960,4
rhyming,451894,4
lichen,451869,4
lapsed,451859,4
boos,451556,4
stroked,451540,4
gallop,451480,4
cull,451434,4
barrio,451342,4
buggies,451334,4
zacks,451312,4
speedup,451286,4
ewe,451269,4
kennett,451100,4
cranium,451073,4
politic,450955,4
mitotic,450696,4
slugs,450646,4
sug,450640,4
caries,450329,4
pleaser,450237,4
miter,450148,4
talkie,449995,4
loy,449994,4
mingled,449958,4
rafts,449911,4
gamepad,449900,4
metazoa,449888,4
maul,449820,4
longed,449757,4
shelved,449746,4
rammed,449732,4
wailing,449707,4
shrugs,449662,4
polyps,449623,4
avast,449613,4
moans,449401,4
buffets,449336,4
eaves,449278,4
marred,449165,4
poetics,448919,4
entitle,448784,4
alibi,448710,4
relayed,448666,4
ahoy,448637,4
jellies,448630,4
airlift,448594,4
hashes,448382,4
nuff,448300,4
hain,448126,4
nodules,448117,4
pikes,448113,4
tunable,448052,4
haar,448028,4
meager,448017,4
plucked,447904,4
rippers,447672,4
discord,447668,4
infield,447615,4
peels,447468,4
preterm,447455,4
stances,447323,4
hashing,447280,4
gere,447230,4
voiture,447196,4
thrower,446982,4
prana,446960,4
trike,446953,4
reread,446905,4
funnier,446842,4
stormed,446837,4
gifting,446696,4
esse,446649,4
iodide,446635,4
fistula,446587,4
acca,446562,4
censure,446519,4
carbine,446513,4
credo,446499,4
femur,446209,4
bushy,445882,4
gul,445834,4
grits,445581,4
porches,445466,4
glorify,445339,4
lineman,445307,4
cleaver,445286,4
overuse,445152,4
haulage,445011,4
poms,444947,4
forza,444920,4
nettle,444867,4
golem,444797,4
conifer,444777,4
fateful,444650,4
eyelet,444636,4
beeswax,444558,4
kitsch,444502,4
scand,444490,4
sprints,444422,4
insular,444404,4
lagoons,444322,4
faked,444208,4
banyan,444158,4
affix,444121,4
quirk,444069,4
blinks,443978,4
sawing,443953,4
tellers,443893,4
yelp,443822,4
herding,443801,4
hopped,443771,4
gree,443748,4
functor,443629,4
obe,443549,4
halcyon,443548,4
gyro,443542,4
bowing,443518,4
sabha,443494,4
cogent,443481,4
cantina,443393,4
luge,443334,4
mollie,443043,4
nef,443003,4
hiya,442947,4
nappies,442925,4
sundial,442756,4
tufted,442698,4
flaky,442666,4
preamps,442626,4
gestalt,442556,4
chorale,442301,4
tiaras,442197,4
flite,442097,4
jammer,442040,4
cyclase,441900,4
adonis,441770,4
domed,441740,4
morro,441702,4
gelding,441608,4
deva,441595,4
panes,441440,4
nympho,441412,4
cooktop,441300,4
medics,441194,4
gip,441133,4
tagline,440889,4
chambre,440843,4
dainty,440819,4
beater,440786,4
crackle,440735,4
treks,440547,4
zante,440514,4
splices,440479,4
rete,440390,4
akita,440387,4
planks,440108,4
belcher,439904,4
spirals,439874,4
plumes,439760,4
heme,439639,4
beets,439436,4
betta,439416,4
repel,439316,4
emmet,439231,4
lumina,439175,4
pali,439163,4
onerous,438989,4
litas,438897,4
hakim,438778,4
puree,438733,4
stott,438727,4
bonny,438690,4
haddock,438655,4
cosine,438469,4
pyjamas,438435,4
swath,438339,4
argosy,438107,4
copilot,438051,4
phobias,437937,4
stumps,437875,4
clouded,437827,4
sear,437507,4
rouen,437498,4
bighorn,437496,4
gimmick,437392,4
fouled,437268,4
wiretap,437213,4
moniker,437097,4
welling,436971,4
prods,436798,4
incite,436636,4
divulge,436545,4
wardens,436487,4
guarani,436396,4
tampon,436381,4
easels,436375,4
elkhorn,436181,4
ventana,436162,4
sublet,436128,4
peaking,436112,4
harem,435962,4
fussy,435961,4
cals,435899,4
seltzer,435896,4
deluge,435867,4
goodie,435706,4
gor,435619,4
gaby,435559,4
fluted,435525,4
egos,435414,4
pry,435315,4
venison,435283,4
shoal,435185,4
basking,435166,4
pinging,435141,4
smears,435079,4
pare,435031,4
exons,434997,4
reseal,434934,4
coopers,434890,4
biota,434729,4
axon,434606,4
bord,434410,4
heady,434375,4
legge,434372,4
yorks,434368,4
deploys,434289,4
celts,434287,4
pols,434285,4
bathed,434234,4
spooner,434167,4
fives,433791,4
lipoic,433565,4
hoard,433375,4
lading,433103,4
gert,433054,4
crocus,432755,4
viol,432219,4
creamed,432170,4
tarp,432152,4
meson,431998,4
cherub,431887,4
lieder,431865,4
straws,431806,4
puny,431761,4
nannies,431751,4
senna,431701,4
leben,431631,4
miso,431592,4
spelt,431427,4
barks,431387,4
nerdy,431324,4
dodging,431231,4
browned,431118,4
artic,431117,4
bowser,430821,4
fizz,430801,4
cringe,430734,4
karoo,430707,4
unearth,430700,4
hookups,430662,4
gazelle,430517,4
gauche,430455,4
minion,430438,4
sheesh,430388,4
harpers,430381,4
drivel,430281,4
tendons,430221,4
foci,430193,4
thrives,430165,4
drab,430049,4
keck,430033,4
roared,430026,4
unwise,430010,4
stifle,429863,4
refuges,429640,4
rousing,429577,4
knelt,429464,4
devour,429402,4
petting,429286,4
ope,428831,4
glues,428787,4
roaster,428706,4
warring,428681,4
arouse,428589,4
wobble,428530,4
ticked,428480,4
purged,428302,4
bagless,428213,4
prez,428112,4
fated,427996,4
parsers,427785,4
hauler,427704,4
halts,427571,4
yerba,427538,4
kuta,427533,4
sayers,427310,4
cinch,427247,4
flak,426989,4
cubed,426932,4
yuck,426912,4
upholds,426887,4
inroads,426805,4
dinky,426751,4
boasted,426750,4
divo,426705,4
stirs,426699,4
donkeys,426693,4
honed,426659,4
etna,426398,4
synchro,426350,4
chutney,426268,4
averse,426255,4
afield,426227,4
casein,426157,4
mishap,426099,4
lackey,426050,4
quod,426040,4
labors,426032,4
normals,425977,4
sonnets,425962,4
scrum,425870,4
musing,425810,4
lopes,425806,4
inquest,425781,4
snipe,425778,4
hapless,425702,4
fett,425699,4
ably,425590,4
mirza,425445,4
hitches,425347,4
beaux,425302,4
gunman,425254,4
shrinks,425178,4
fib,425079,4
indexer,425063,4
ail,425046,4
lalique,424853,4
jeez,424832,4
redd,424785,4
phoning,424757,4
spacey,424676,4
legato,424383,4
agarose,424352,4
badass,424262,4
blaise,424149,4
lard,423971,4
singly,423662,4
fusing,423603,4
abuser,423584,4
sevens,423530,4
litho,423435,4
thane,423334,4
hypo,423308,4
salve,423303,4
hadron,423289,4
grates,423264,4
fissure,423147,4
curtail,423138,4
transom,423077,4
talker,423068,4
mils,423015,4
vitesse,422984,4
winks,422977,4
playset,422868,4
bestow,422835,4
enraged,422721,4
hulls,422721,4
blotter,422687,4
sitters,422564,4
clamped,422242,4
friar,422181,4
creased,422078,4
trapper,421993,4
pygmy,421975,4
slanted,421739,4
plagues,421732,4
jota,421646,4
adipose,421623,4
potting,421578,4
progs,421499,4
surged,421458,4
blume,421456,4
natured,421322,4
tana,421320,4
woolly,421282,4
blemish,421165,4
bushels,420992,4
tapers,420957,4
swab,420847,4
rind,420816,4
boombox,420809,4
pansy,420775,4
evicted,420612,4
tabla,420412,4
dingo,420174,4
burl,419979,4
digress,419880,4
beaker,419744,4
fetuses,419730,4
arcades,419680,4
baggy,419677,4
jeweled,419665,4
heist,419629,4
repaint,419619,4
spastic,419555,4
dickie,419540,4
quiver,419536,4
cutouts,419474,4
coronet,419407,4
taverns,419377,4
arcsec,419241,4
wield,419233,4
adage,419158,4
getter,419132,4
mimics,419090,4
coombs,419048,4
wetter,418975,4
conjure,418831,4
rote,418762,4
morel,418685,4
adrift,418628,4
enabler,418510,4
stings,418444,4
budge,418361,4
ilk,418335,4
ose,418334,4
tenge,418326,4
herbals,418314,4
silks,418180,4
sequins,418136,4
chasers,418093,4
fringed,417959,4
citric,417854,4
liaise,417854,4
goblins,417803,4
nitride,417752,4
kneel,417602,4
excels,417366,4
cig,417355,4
caveman,417307,4
masts,417163,4
garret,417139,4
otitis,416956,4
ruse,416853,4
eatery,416832,4
peony,416831,4
culled,416654,4
nucleon,416638,4
muss,416545,4
hideout,416479,4
calcite,416460,4
gunshot,416430,4
spud,416363,4
mang,416306,4
lense,416227,4
batty,416010,4
zealous,415992,4
ocarina,415945,4
camus,415924,4
croc,415866,4
moduli,415753,4
payoffs,415713,4
defrost,415601,4
elms,415540,4
bongs,415527,4
twine,415457,4
feta,415401,4
meteors,415401,4
peres,415387,4
suk,415330,4
geist,415207,4
sarees,415135,4
diction,415105,4
hoists,415021,4
reentry,414911,4
granola,414723,4
ferrite,414604,4
agape,414471,4
lampoon,413978,4
firming,413846,4
annular,413826,4
ikon,413729,4
drifts,413492,4
chalice,413313,4
recode,413242,4
onus,413208,4
prefect,413178,4
sweetly,413131,4
cleave,413105,4
flimsy,413104,4
statins,413100,4
kingpin,412903,4
bedded,412781,4
comte,412474,4
cham,412458,4
graced,412408,4
vermeil,412380,4
ultimo,412378,4
silage,412339,4
bilge,412304,4
moraine,412277,4
sunbelt,412184,4
chewy,412145,4
grins,412096,4
chewed,412087,4
busby,412048,4
cheep,411919,4
pasha,411571,4
corrie,411537,4
scour,411478,4
dueling,411450,4
galant,411364,4
fallow,411349,4
reshape,411334,4
leapt,411241,4
gainers,411176,4
widower,411097,4
riyal,411050,4
taffy,411033,4
purging,411014,4
scaring,410897,4
strider,410767,4
hyp,410705,4
jackal,410696,4
bier,410564,4
igneous,410539,4
lull,410517,4
rinsed,410475,4
bitmaps,410454,4
bogged,410320,4
bey,410167,4
tempera,410153,4
lacing,410077,4
mystics,410033,4
teapots,410009,4
rif,409974,4
neb,409963,4
fresher,409870,4
boho,409831,4
boney,409772,4
brows,409717,4
lino,409687,4
skimmer,409676,4
technic,409670,4
gats,409615,4
sketchy,409557,4
tiffin,409476,4
pacer,409457,4
gung,409403,4
steered,409302,4
bitty,409188,4
shew,409117,4
lapses,409096,4
dwells,409046,4
kahuna,408943,4
shrewd,408929,4
micros,408868,4
flack,408860,4
tonite,408785,4
distros,408743,4
lidar,408629,4
whatnot,408619,4
crass,408565,4
jot,408537,4
adland,408465,4
biotic,408405,4
eugenia,408321,4
taro,408233,4
crowder,408163,4
mangled,408156,4
staunch,408111,4
shaven,408061,4
ruleset,408042,4
viscose,408041,4
manhunt,407992,4
pavers,407976,4
fez,407957,4
elks,407945,4
euchre,407876,4
quarts,407855,4
mitosis,407838,4
yells,407816,4
tutu,407764,4
paisa,407754,4
vocab,407673,4
lacs,407645,4
wraith,407494,4
fone,407479,4
crores,407471,4
nimble,407439,4
biggie,407386,4
durst,407334,4
skylark,407115,4
brazen,407026,4
brahma,406950,4
prion,406900,4
pipers,406808,4
butane,406680,4
angers,406673,4
inked,406603,4
raps,406520,4
jigsaws,406478,4
licht,406129,4
bodega,405885,4
dockets,405828,4
ered,405799,4
carle,405785,4
bungie,405681,4
objet,405664,4
buyback,405611,4
gigolo,405599,4
hag,405406,4
pion,405380,4
sliver,405379,4
leptin,405378,4
bummer,405356,4
dunning,405329,4
grinch,405323,4
impure,405021,4
rumba,404980,4
wry,404923,4
spunk,404915,4
pinning,404893,4
raisers,404824,4
alms,404660,4
stung,404657,4
retort,404546,4
anemone,404268,4
ninjas,404173,4
incase,404142,4
weeding,403855,4
regula,403854,4
evasive,403806,4
syrups,403791,4
smirk,403780,4
chiles,403764,4
ancora,403747,4
pausing,403730,4
grands,403644,4
replete,403555,4
geos,403386,4
glories,403317,4
prelims,403312,4
pawnee,403293,4
mandala,403237,4
bristle,403221,4
terrors,403174,4
oblige,403041,4
nonfarm,402968,4
anklet,402960,4
visite,402904,4
panacea,402851,4
vibrate,402841,4
toads,402717,4
deflect,402699,4
liber,402617,4
chakras,402603,4
samara,402594,4
unsung,402578,4
lossy,402399,4
mitogen,402388,4
stumped,402232,4
raya,402218,4
cramp,402123,4
sodom,402032,4
naam,401957,4
tryout,401892,4
pandas,401671,4
appease,401600,4
furlong,401576,4
erlang,401495,4
arie,401370,4
shovels,401241,4
conus,401144,4
coches,401081,4
mico,401046,4
mouthed,401042,4
moxie,401036,4
biff,401013,4
gills,400858,4
braids,400804,4
aways,400767,4
fugue,400733,4
milder,400716,4
carman,400547,4
speer,400248,4
lathes,400177,4
hoary,400092,4
penne,400010,4
corse,400005,4
swot,399844,4
andante,399804,4
overtly,399755,4
ronde,399731,4
tubulin,399626,4
beamed,399614,4
omer,399555,4
scraped,399518,4
chagrin,399509,4
panning,399369,4
wasabi,399345,4
vill,399335,4
tickled,399084,4
sparing,398984,4
heifers,398978,4
wanders,398925,4
dumbass,398636,4
sateen,398569,4
birr,398515,4
restful,398476,4
pinched,398260,4
granule,398200,4
purport,398178,4
marten,398018,4
ageless,397982,4
bleep,397961,4
gama,397929,4
sills,397916,4
howler,397864,4
hardtop,397862,4
carded,397849,4
lipo,397834,4
swaying,397626,4
igloo,397625,4
ambler,397622,4
firmer,397460,4
arcana,397391,4
backhoe,397275,4
mako,397061,4
noyes,397014,4
rakes,396996,4
trashed,396985,4
rath,396947,4
lobbies,396944,4
burgh,396862,4
coldest,396845,4
proviso,396805,4
bazooka,396794,4
gerbera,396793,4
dikes,396736,4
rescind,396627,4
asps,396585,4
dato,396495,4
glides,396434,4
dioxins,396367,4
allot,396325,4
cwm,396152,4
bibb,396151,4
gymnast,396135,4
mote,396065,4
forceps,396058,4
hurled,395950,4
adjoint,395908,4
vesta,395855,4
jacky,395853,4
wold,395807,4
splint,395756,4
llamas,395708,4
boas,395573,4
touchy,395417,4
rafters,395400,4
decoys,395208,4
pariah,395153,4
meaty,395095,4
gages,395070,4
zapata,395065,4
artis,394835,4
egret,394773,4
jordans,394715,4
piney,394672,4
blitzer,394362,4
ruc,394347,4
framers,394344,4
humbled,394224,4
radiate,394175,4
fellas,394142,4
leaved,394060,4
attains,393916,4
gallus,393911,4
idem,393908,4
efs,393842,4
auk,393838,4
oocytes,393790,4
hark,393694,4
filers,393581,4
scones,393322,4
blunder,393255,4
belted,393046,4
keds,393043,4
ananda,393030,4
jud,392966,4
aves,392914,4
baal,392763,4
felon,392714,4
deen,392690,4
nacho,392622,4
thud,392615,4
antlers,392543,4
powwows,392444,4
weds,392268,4
reaping,392252,4
dumbest,392202,4
prowler,392195,4
epos,392172,4
sizzle,392168,4
piet,392040,4
dredged,391967,4
fifths,391727,4
carport,391648,4
dubbing,391643,4
wayback,391534,4
swims,391399,4
perk,391391,4
zander,391377,4
spasm,391339,4
daybed,390916,4
rimes,390910,4
firs,390859,4
naga,390765,4
cobbler,390680,4
heinous,390588,4
dusky,390563,4
kultur,390557,4
manhole,390540,4
eroding,390478,4
shutout,390281,4
loaves,390262,4
proms,390236,4
heeled,390189,4
quibble,390149,4
mosh,390103,4
reeder,389916,4
cheery,389870,4
gluon,389852,4
curbing,389839,4
harshly,389827,4
feisty,389800,4
rump,389760,4
etoile,389657,4
slush,389608,4
mutton,389582,4
blinked,389492,4
selva,389472,4
aphis,389447,4
snuggle,389398,4
zigzag,389370,4
batten,389308,4
lough,389229,4
trios,389195,4
dragoon,389124,4
modi,389093,4
merrily,389000,4
vouch,388963,4
pompey,388915,4
wether,388837,4
gales,388808,4
larynx,388698,4
griffon,388656,4
exabyte,388311,4
perdue,388304,4
ceasing,388177,4
meeker,388120,4
vela,387971,4
eyelash,387907,4
gob,387903,4
beamer,387886,4
clicker,387832,4
gipsy,387772,4
ruddy,387590,4
academe,387561,4
fjord,387543,4
obeying,387442,4
gunners,387440,4
pent,387392,4
gosling,387391,4
mishaps,387195,4
fouling,387085,4
basso,387021,4
dusted,386992,4
sago,386986,4
inlets,386963,4
fords,386914,4
mutter,386744,4
litters,386718,4
brothel,386713,4
rive,386682,4
shelled,386610,4
chitty,386567,4
tabu,386510,4
ataxia,386506,4
sancho,386460,4
gawk,386426,4
planing,386394,4
abysmal,386384,4
termini,386363,4
bourse,386311,4
denture,386154,4
fourths,386090,4
jetsons,386054,4
wagoner,385819,4
axons,385758,4
minding,385680,4
raia,385582,4
bizarro,385571,4
catnip,385342,4
sorel,385306,4
boned,385216,4
seta,385171,4
tonka,385134,4
hock,385004,4
renews,384730,4
junky,384718,4
lowing,384615,4
bullied,384567,4
hardman,384547,4
dirge,384505,4
bluish,384449,4
pusher,384445,4
tingle,384422,4
gnostic,384408,4
heft,384376,4
parlors,384271,4
typist,384224,4
bruise,384157,4
scottie,384093,4
pons,384083,4
fistful,384077,4
staffer,384057,4
dames,384012,4
lewd,383789,4
runny,383747,4
thither,383717,4
rebuke,383708,4
reorg,383689,4
swayed,383673,4
dupe,383659,4
bogs,383605,4
vesicle,383498,4
gauging,383288,4
lipase,383285,4
seamen,383243,4
censors,383020,4
voyeurs,382922,4
edict,382916,4
boyhood,382892,4
campion,382794,4
shrew,382770,4
foals,382728,4
sculpt,382720,4
cased,382486,4
gurl,382446,4
prays,382397,4
nonce,382363,4
fervent,382358,4
lemme,382355,4
tosh,382191,4
loup,382190,4
likened,382135,4
hydride,381971,4
pele,381922,4
plage,381780,4
kilns,381759,4
karst,381676,4
dongs,381527,4
mirth,381439,4
serre,381425,4
pauper,381351,4
brooms,381179,4
livable,380971,4
ushered,380920,4
kilts,380643,4
instep,380632,4
septum,380582,4
piezo,380481,4
escudo,380479,4
petter,380433,4
adenine,380426,4
lysis,380378,4
pastas,380338,4
kiley,380275,4
alexia,380180,4
checkup,380177,4
mignon,380125,4
rani,380001,4
ionized,379919,4
thorax,379763,4
warship,379728,4
parses,379727,4
saic,379712,4
rattles,379574,4
trophic,379471,4
reversi,379452,4
marvels,379445,4
booby,379438,4
quetzal,379413,4
homing,379320,4
conch,379190,4
weevil,379116,4
morgue,379053,4
kickers,379041,4
juggle,378788,4
yeshiva,378762,4
spect,378697,4
ards,378684,4
corny,378659,4
errant,378618,4
heifer,378574,4
earthen,378562,4
uplands,378500,4
operon,378228,4
noose,378201,4
recur,378119,4
howes,378115,4
surfed,378094,4
steins,378073,4
babu,378056,4
shivers,378012,4
smitten,377979,4
rarest,377751,4
takin,377723,4
rashes,377607,4
averted,377577,4
equated,377457,4
swig,377455,4
clocked,377405,4
camas,377315,4
looser,377268,4
grrl,377227,4
bookie,377222,4
skewers,377212,4
lauded,377194,4
pais,377177,4
zooms,377094,4
miocene,377022,4
steeple,376906,4
nailing,376821,4
peptic,376674,4
tannins,376642,4
penance,376603,4
nim,376352,4
risked,376315,4
bowled,376291,4
pearly,376135,4
ilia,376119,4
halal,376059,4
noll,376025,4
kirsch,376007,4
charted,375896,4
islets,375849,4
looted,375671,4
parkin,375624,4
wagers,375520,4
ravioli,375470,4
walling,375420,4
jointed,375370,4
heyday,375267,4
topsoil,375243,4
isomers,375224,4
lemans,375196,4
beaming,375163,4
dore,375160,4
koha,375147,4
chooser,375095,4
taint,375008,4
bugging,374786,4
nomic,374700,4
chine,374606,4
crier,374599,4
collab,374568,4
protea,374531,4
bunt,374480,4
lipper,374407,4
hamza,374290,4
nappa,374107,4
fete,374097,4
beset,373969,4
chested,373855,4
swede,373827,4
hoke,373790,4
ramen,373754,4
adoptee,373680,4
livers,373616,4
plowing,373366,4
glassy,373340,4
riddled,373315,4
mimosa,373297,4
shrill,373280,4
hryvnia,373265,4
halved,373264,4
vatu,373228,4
swedes,373191,4
utensil,372981,4
puller,372971,4
volk,372942,4
glows,372911,4
dinning,372735,4
misfit,372695,4
ladle,372653,4
asides,372586,4
pinks,372544,4
rusted,372521,4
teg,372470,4
guan,372344,4
pows,372280,4
ballon,372246,4
keeler,372239,4
surly,372213,4
sonne,372095,4
mistral,372040,4
zeroes,372036,4
admirer,372023,4
seco,372004,4
divisor,372000,4
cleat,371970,4
shite,371932,4
candor,371814,4
casco,371797,4
olivet,371788,4
vibrio,371747,4
yaw,371549,4
sabin,371546,4
searing,371488,4
wigwam,371467,4
bustier,371260,4
drugged,371256,4
glebe,371095,4
motte,371048,4
gnomes,370965,4
marbled,370621,4
mocked,370189,4
holler,370166,4
duns,370139,4
fain,370139,4
cabrio,370133,4
guanine,370118,4
hae,370110,4
brews,369926,4
cruelly,369913,4
tapioca,369877,4
furrow,369863,4
fewest,369766,4
drowsy,369658,4
cashew,369590,4
bushel,369571,4
cypher,369524,4
cursive,369486,4
forties,369368,4
examen,369253,4
pips,369243,4
ghastly,369241,4
tongued,369241,4
succumb,369186,4
kell,369126,4
bolero,369109,4
bru,369057,4
dumber,368781,4
insoles,368764,4
starlet,368763,4
earner,368734,4
sirs,368668,4
zoomed,368630,4
groupie,368615,4
laminar,368577,4
forked,368566,4
cowards,368468,4
camber,368461,4
cowl,368295,4
captors,368233,4
fils,368166,4
laity,368163,4
gutted,368098,4
arming,368059,4
grr,368018,4
morrell,368013,4
amassed,368010,4
slat,367951,4
hales,367827,4
rutter,367809,4
felons,367661,4
soyuz,367639,4
maes,367578,4
mandi,367548,4
dearth,367476,4
homies,367435,4
tarmac,367402,4
goon,367344,4
sais,367278,4
decors,367120,4
minicom,366959,4
rickey,366931,4
swells,366890,4
beefy,366863,4
pica,366840,4
skits,366784,4
tog,366725,4
taut,366635,4
charade,366594,4
bobbin,366558,4
rugrats,366513,4
doings,366404,4
bursa,366398,4
lites,366325,4
welds,366291,4
dumper,366236,4
arriba,366173,4
spiny,366114,4
silken,366083,4
wahoo,366081,4
anagram,366073,4
fogdog,366028,4
bazar,365968,4
kola,365880,4
clung,365864,4
seepage,365854,4
hie,365793,4
mondial,365685,4
bist,365682,4
maxis,365513,4
poppers,365503,4
dods,365481,4
rapists,365374,4
seabed,365349,4
rectory,365174,4
avo,365166,4
multum,365057,4
diptera,365004,4
iliad,364994,4
graze,364990,4
looped,364956,4
myelin,364887,4
drucken,364866,4
hangul,364702,4
currant,364691,4
afoot,364417,4
oddity,364391,4
nids,364385,4
woken,364304,4
aphids,364268,4
hotly,364264,4
puffed,364221,4
buda,364186,4
crustal,364082,4
hackman,364078,4
seduces,364020,4
tempore,363993,4
sawdust,363857,4
leaped,363773,4
embers,363751,4
analyte,363677,4
peseta,363656,4
glitz,363646,4
kewl,363640,4
heil,363615,4
bidi,363611,4
snob,363501,4
ballets,363479,4
stave,363443,4
vertu,363403,4
sordid,363401,4
snowing,363369,4
bleeds,363231,4
crud,363064,4
shins,362796,4
coms,362783,4
outro,362765,4
avenge,362682,4
sportif,362671,4
punts,362615,4
sora,362608,4
yarrow,362597,4
fickle,362596,4
polices,362450,4
cursus,362445,4
dogging,362445,4
quai,362396,4
rotunda,362388,4
duce,362308,4
crick,362258,4
faintly,362237,4
dubbo,361978,4
cava,361830,4
wacker,361808,4
piu,361747,4
zapper,361686,4
roping,361600,4
decked,361415,4
choppy,361375,4
gos,361251,4
sedge,361236,4
tine,361149,4
vandal,361110,4
romper,361105,4
dweller,361086,4
bitumen,361068,4
nolo,361066,4
rummy,360935,4
paleo,360921,4
nimrod,360876,4
spliced,360814,4
finca,360811,4
gunning,360745,4
beards,360739,4
tadpole,360723,4
canter,360684,4
berserk,360627,4
leis,360584,4
racy,360461,4
stoop,360440,4
curvy,360365,4
facile,360297,4
coerced,360223,4
billets,360198,4
bein,360116,4
sneeze,360023,4
somber,359970,4
gans,359949,4
shards,359933,4
advices,359771,4
coffers,359758,4
whimsy,359758,4
awry,359631,4
jeeps,359631,4
celt,359610,4
lode,359547,4
spay,359534,4
rages,359354,4
iceman,359331,4
clumps,359320,4
pegged,359296,4
tithe,359291,4
bhangra,359201,4
deposed,359186,4
ketone,359153,4
glazer,359152,4
forsake,359114,4
baboon,359080,4
swamped,359056,4
ensues,359038,4
tenuous,359011,4
toke,358951,4
elated,358902,4
lentil,358846,4
albedo,358798,4
backer,358798,4
angora,358752,4
stuffy,358727,4
cocky,358614,4
depress,358559,4
beano,358497,4
clings,358431,4
kitties,358285,4
scape,358228,4
hubris,358069,4
idler,358013,4
waiving,358002,4
swirls,357995,4
dampers,357988,4
dawned,357979,4
seidel,357802,4
dumbo,357766,4
bayard,357497,4
slaps,357339,4
yag,357323,4
farrow,357256,4
spate,357156,4
semis,357039,4
dingle,357021,4
madge,356968,4
gleam,356949,4
relaxes,356768,4
kis,356717,4
halos,356716,4
malaise,356541,4
postdoc,356523,4
biceps,356518,4
hydrant,356496,4
naw,356441,4
rococo,356319,4
presser,356180,4
chamois,355905,4
metis,355814,4
urethra,355798,4
seared,355754,4
tinged,355742,4
kilos,355739,4
koji,355678,4
scran,355642,4
leeward,355612,4
tamer,355602,4
amines,355539,4
tugrik,355469,4
faking,355374,4
masa,355073,4
risotto,355064,4
sixers,354868,4
clef,354825,4
dak,354800,4
anaemia,354533,4
trice,354532,4
jungles,354498,4
permian,354494,4
shreds,354376,4
woah,354222,4
boxcar,354186,4
aviso,354132,4
pounder,354131,4
kronor,354110,4
archway,354090,4
oversaw,353920,4
loudest,353909,4
moy,353834,4
pilar,353742,4
cinder,353693,4
viaduct,353677,4
pelt,353623,4
laurels,353616,4
wadi,353564,4
trekker,353476,4
glyphs,353430,4
thorp,353392,4
aligns,353338,4
stile,353280,4
xenia,353193,4
nadir,353146,4
recoup,353144,4
naught,353091,4
warhead,353055,4
prisms,352979,4
debby,352940,4
coinage,352863,4
endgame,352824,4
planer,352674,4
gavel,352668,4
paoli,352581,4
defray,352565,4
dimming,352388,4
zealots,352378,4
weighty,352373,4
goof,352334,4
oeuvre,352291,4
appro,352278,4
sahib,352239,4
gasping,352190,4
idiocy,352181,4
revisor,352050,4
senor,352047,4
profs,352040,4
foams,351933,4
dotcom,351847,4
pendent,351828,4
klezmer,351771,4
edifice,351673,4
facia,351671,4
vermin,351663,4
ischia,351470,4
ankh,351458,4
incurs,351436,4
feist,351412,4
spitz,351048,4
lobbied,351022,4
splat,350981,4
gallium,350971,4
teil,350938,4
sorbet,350904,4
snows,350890,4
steeper,350882,4
sharia,350779,4
topiary,350778,4
buttery,350719,4
cronies,350709,4
ager,350684,4
bogey,350651,4
kana,350640,4
pipette,350622,4
soundly,350612,4
wicking,350553,4
dank,350541,4
zany,350516,4
austral,350496,4
taks,350421,4
weakens,350417,4
rebs,350387,4
lariat,350338,4
redraw,350239,4
gena,350063,4
loti,349864,4
nitty,349781,4
mages,349589,4
trifle,349545,4
pooping,349343,4
emerg,349219,4
toga,349106,4
shaikh,349072,4
milken,348956,4
berths,348829,4
retake,348798,4
keto,348769,4
marengo,348742,4
quiche,348728,4
resales,348717,4
maduro,348690,4
neocons,348523,4
bellini,348493,4
undoing,348466,4
vying,348440,4
cassava,348424,4
pooch,348386,4
gripper,348358,4
glace,348348,4
negated,348331,4
puns,348285,4
adios,348221,4
purview,348215,4
hilt,348212,4
bosque,348184,4
fatwa,347937,4
eulogy,347889,4
maca,347771,4
babbitt,347638,4
stade,347571,4
whims,347565,4
hew,347543,4
pombe,347525,4
roan,347407,4
nags,347402,4
gallows,347324,4
devotee,347290,4
fabled,347260,4
prolly,347236,4
fangs,347216,4
smelter,347194,4
wily,347116,4
rabat,347104,4
wiles,347101,4
devs,347072,4
ensue,347067,4
manmade,347061,4
conto,347030,4
jaffa,347022,4
sagging,347009,4
statics,346995,4
puja,346977,4
sybil,346919,4
cupcake,346823,4
pekin,346788,4
defied,346779,4
errand,346755,4
yeoman,346735,4
slimy,346686,4
raggedy,346658,4
coerce,346617,4
annexe,346514,4
sobbing,346430,4
muslin,346419,4
hugger,346409,4
prequel,346398,4
shekels,346318,4
dodo,346253,4
torr,346252,4
thorny,345963,4
ponders,345945,4
bork,345755,4
sealers,345751,4
erratum,345669,4
earbud,345590,4
foxtrot,345544,4
testes,345509,4
borer,345460,4
oriole,345395,4
clump,345355,4
reusing,345347,4
mensa,345320,4
shiner,345282,4
chal,345278,4
rhesus,345267,4
thrusts,345131,4
givers,345100,4
faraway,345040,4
lune,345033,4
tarps,344956,4
ostomy,344928,4
sena,344915,4
ingest,344905,4
gazebos,344879,4
sirloin,344853,4
abounds,344806,4
salutes,344792,4
tilde,344748,4
potash,344742,4
lapping,344713,4
midis,344574,4
kaw,344552,4
wyvern,344270,4
muffled,344261,4
inlays,344239,4
lockets,344202,4
whitey,344144,4
foiled,344142,4
brin,344131,4
flocked,344049,4
dialers,344001,4
modded,343993,4
skids,343992,4
roselle,343985,4
tether,343977,4
skeet,343898,4
toucan,343861,4
brahman,343698,4
pulsing,343623,4
obligor,343616,4
matcher,343609,4
listbox,343590,4
heralds,343530,4
lessors,343443,4
prowl,343421,4
karats,343399,4
amiable,343390,4
urinal,343195,4
taber,342966,4
hinders,342924,4
tubers,342912,4
cloner,342890,4
otaku,342874,4
hoyas,342866,4
jerked,342767,4
opulent,342718,4
mots,342694,4
dimly,342692,4
waders,342595,4
squall,342590,4
hass,342556,4
rya,342539,4
chokes,342433,4
cinque,342212,4
bowery,342185,4
outlier,342120,4
naira,342118,4
fervor,342039,4
exotica,341998,4
scooped,341961,4
bijou,341954,4
reefer,341873,4
exerts,341870,4
nym,341813,4
idling,341794,4
lepton,341749,4
cursory,341712,4
razer,341675,4
batsman,341602,4
hymen,341598,4
cogs,341581,4
refuted,341426,4
stevia,341385,4
talc,341339,4
penises,341329,4
velvety,341254,4
ternary,341120,4
teeming,341066,4
panting,340695,4
comers,340660,4
romaine,340512,4
barca,340426,4
forgo,340426,4
tacks,340393,4
lunacy,340313,4
signers,340299,4
loathe,340224,4
earbuds,340179,4
centra,339994,4
brats,339931,4
huddle,339922,4
aah,339838,4
adenoma,339838,4
lakhs,339793,4
truancy,339715,4
taxicab,339692,4
midlife,339624,4
coughs,339604,4
rooter,339548,4
widener,339532,4
faery,339469,4
pye,339429,4
onetime,339415,4
gating,339402,4
widens,339335,4
poise,339263,4
ringed,339148,4
bagging,339054,4
huddled,339047,4
duchy,339003,4
malacca,338940,4
rong,338885,4
telcos,338866,4
carrion,338853,4
infill,338778,4
etude,338721,4
plantar,338586,4
braced,338518,4
braised,338515,4
knut,338491,4
gaunt,338487,4
burk,338433,4
spigot,338430,4
nailer,338408,4
coupes,338332,4
lettre,338172,4
pollute,338167,4
charing,338155,4
pomp,337970,4
pretzel,337914,4
warping,337905,4
noms,337839,4
spew,337669,4
riba,337665,4
pronged,337552,4
baring,337522,4
jacked,337488,4
tartar,337438,4
rioja,337348,4
rejoin,337343,4
etats,337234,4
hup,337209,4
bifida,337201,4
snipers,337174,4
gosport,337152,4
rubrics,337111,4
harken,337086,4
crawls,336980,4
suave,336960,4
greaves,336923,4
gulp,336923,4
lurk,336918,4
smudge,336879,4
tulle,336799,4
gabby,336756,4
pend,336581,4
patties,336511,4
grav,336295,4
micky,336259,4
gambier,336192,4
bosh,336119,4
smeared,336066,4
herder,335972,4
outfall,335955,4
parasol,335916,4
concurs,335886,4
farting,335851,4
atopic,335774,4
culling,335765,4
stingy,335740,4
zealot,335714,4
toot,335690,4
gooey,335656,4
devotes,335590,4
manet,335542,4
shanti,335530,4
vigour,335480,4
zea,335427,4
snares,335412,4
kondo,335378,4
schnell,335367,4
bidet,335335,4
snot,335248,4
didst,335242,4
mortars,335242,4
ductile,335239,4
carex,335219,4
wither,335215,4
schloss,335015,4
mandir,334932,4
seamed,334904,4
calmed,334820,4
tryp,334796,4
ake,334734,4
pisses,334681,4
roch,334662,4
vipers,334637,4
taster,334583,4
arbors,334460,4
punters,334365,4
dropper,334330,4
manos,334298,4
wack,334282,4
hurl,334231,4
kendo,334180,4
dory,334147,4
krypton,334131,4
nary,334106,4
chucky,334037,4
bushman,333996,4
forego,333942,4
ricotta,333807,4
humidor,333769,4
broiled,333717,4
tangy,333638,4
insides,333603,4
farina,333581,4
gant,333565,4
tricity,333561,4
cutaway,333552,4
defraud,333504,4
toothed,333484,4
artsy,333481,4
bygone,333433,4
cliches,333429,4
wilds,333381,4
golds,333197,4
mache,333122,4
exhale,333048,4
likable,333004,4
brads,332940,4
altars,332874,4
grebe,332810,4
standup,332780,4
flexion,332777,4
kinsman,332756,4
ibex,332704,4
blobs,332665,4
footers,332656,4
payed,332515,4
orbs,332407,4
mutable,332351,4
sputnik,332291,4
mela,332101,4
rondo,332097,4
coffins,332093,4
piste,332028,4
cashed,331974,4
ushers,331973,4
barfly,331910,4
whoop,331753,4
cacao,331714,4
weta,331665,4
soggy,331525,4
annoys,331360,4
rackets,331323,4
ducted,331289,4
crisps,331278,4
heiress,331210,4
linac,331196,4
dressy,331155,4
godhead,331050,4
shyness,330980,4
pickers,330937,4
angelus,330890,4
momento,330837,4
mosher,330752,4
frayed,330676,4
woolen,330586,4
cuticle,330584,4
repos,330574,4
pimples,330532,4
shorted,330490,4
razz,330478,4
spunky,330478,4
readies,330426,4
litany,330367,4
fairest,330345,4
nutter,330293,4
larder,330243,4
syncing,330241,4
beret,330199,4
obelisk,329988,4
claret,329947,4
golly,329846,4
shahid,329697,4
canzoni,329593,4
wakeman,329577,4
wobbly,329523,4
denning,329479,4
mottled,329195,4
plu,329174,4
zing,329159,4
snips,329153,4
lockup,329124,4
tosses,329112,4
sangha,328941,4
publics,328930,4
scrip,328826,4
unlocks,328720,4
throng,328670,4
toed,328663,4
crump,328553,4
rinsing,328529,4
preempt,328500,4
shunned,328497,4
resold,328488,4
cyclo,328470,4
wipeout,328421,4
loring,328334,4
turnip,328276,4
willey,328200,4
crushes,328146,4
berber,328091,4
gusset,328084,4
mince,328039,4
banish,328029,4
mibs,328021,4
fino,328002,4
punting,327997,4
frets,327989,4
scab,327970,4
schism,327944,4
tidbit,327832,4
jemima,327787,4
dogged,327646,4
dogtown,327617,4
fermion,327592,4
fluor,327545,4
pinyin,327377,4
vara,327339,4
tein,327323,4
hunch,327195,4
messes,327162,4
topple,327077,4
phew,327052,4
pungent,327011,4
waives,326966,4
reboots,326915,4
fanzine,326796,4
techies,326549,4
canvass,326522,4
radish,326496,4
tabula,326274,4
baiting,326177,4
sunspot,326104,4
retype,326058,4
spurt,325911,4
elation,325901,4
wail,325861,4
cowbell,325751,4
rater,325717,4
crag,325657,4
feller,325654,4
disa,325590,4
tranche,325549,4
enmity,325547,4
sanctum,325541,4
mazes,325527,4
souter,325436,4
boater,325221,4
weirdo,325197,4
tass,325180,4
mong,325059,4
farts,325011,4
racked,324889,4
stapled,324757,4
fancied,324708,4
spoilt,324636,4
logoff,324577,4
strode,324522,4
agen,324497,4
crafter,324435,4
anise,324336,4
grainy,324326,4
giggled,324279,4
siri,324174,4
titular,323843,4
rebbe,323839,4
swears,323831,4
pinup,323824,4
surah,323774,4
trapeze,323700,4
extents,323681,4
spams,323676,4
sunbird,323631,4
paring,323609,4
damning,323558,4
humbug,323395,4
ailment,323256,4
homely,323224,4
sharpie,323182,4
currier,323075,4
taproot,323062,4
dinero,322924,4
dixit,322848,4
shoving,322832,4
menthol,322824,4
eves,322799,4
webzine,322703,4
swabs,322684,4
minx,322604,4
prise,322565,4
simba,322561,4
subnets,322429,4
mensch,322422,4
froggy,322368,4
bagpipe,322308,4
terns,322293,4
cocked,322191,4
dribble,322187,4
raged,322172,4
hosta,322160,4
inkjets,322075,4
gobble,322005,4
lazar,321985,4
mythos,321954,4
colloid,321935,4
hiked,321931,4
defrag,321909,4
breech,321860,4
oxidant,321825,4
umbra,321800,4
pyrite,321759,4
drunks,321756,4
branes,321751,4
kidder,321643,4
parquet,321589,4
vint,321577,4
amply,321480,4
damask,321405,4
batted,321390,4
spits,321273,4
emotive,321269,4
papacy,321266,4
thimble,321166,4
racists,321146,4
ablaze,321096,4
spotty,321064,4
lech,321052,4
tannoy,321021,4
nettie,321006,4
thawed,320884,4
dens,320578,4
loafer,320516,4
skydive,320491,4
quin,320452,4
retinol,320447,4
fairing,320353,4
swisher,320225,4
hotspur,320155,4
phare,320138,4
fjords,320132,4
loony,320048,4
bookbag,320005,4
squier,319925,4
collate,319919,4
tink,319815,4
purr,319799,4
duped,319795,4
nits,319774,4
vena,319681,4
bund,319651,4
invades,319643,4
oust,319635,4
rumps,319557,4
dipper,319525,4
talkers,319489,4
sockeye,319470,4
inane,319343,4
byways,319329,4
becket,319297,4
bluntly,319112,4
assayed,319104,4
bask,319041,4
corky,318993,4
berk,318987,4
derail,318983,4
goblets,318872,4
touting,318853,4
crappie,318824,4
loto,318810,4
kore,318808,4
yolks,318800,4
clonal,318766,4
famille,318720,4
digoxin,318704,4
spook,318653,4
amped,318536,4
divi,318509,4
diorama,318409,4
amazes,318375,4
fie,318365,4
snags,318312,4
prater,318221,4
olden,318215,4
rego,318196,4
hod,318155,4
enders,318125,4
gripes,317957,4
tatar,317945,4
spiffy,317745,4
curiae,317724,4
acker,317695,4
lyase,317653,4
nuanced,317640,4
rattled,317595,4
basse,317589,4
tramway,317486,4
slayers,317431,4
faceoff,317421,4
reapply,317394,4
dampen,317216,4
snowmen,317184,4
llano,317161,4
yuk,317091,4
rhizome,317069,4
digicam,316933,4
reedy,316918,4
ceded,316917,4
imbued,316860,4
amide,316773,4
bureaux,316700,4
sleds,316641,4
wreak,316442,4
planta,316431,4
leotard,316395,4
looper,316080,4
gash,315928,4
bloat,315923,4
impeded,315914,4
pompous,315897,4
kiwis,315840,4
subvert,315806,4
seder,315708,4
dita,315643,4
muscled,315634,4
pht,315523,4
mous,315399,4
callas,315271,4
takings,315261,4
triplex,315241,4
mouton,315162,4
cameos,315114,4
casings,315098,4
sparkly,314741,4
sputum,314687,4
peeler,314500,4
repeals,314335,4
dubs,314179,4
ducting,314045,4
configs,314038,4
fantom,313942,4
alpacas,313854,4
erf,313847,4
powdery,313829,4
vlog,313772,4
diverge,313759,4
radian,313691,4
juried,313547,4
geyser,313513,4
kylix,313497,4
untamed,313377,4
taser,313105,4
zoot,313061,4
bolo,313054,4
gib,313026,4
shoddy,313015,4
mended,312722,4
notches,312682,4
abject,312620,4
riveted,312475,4
kismet,312378,4
drafter,312335,4
chav,312325,4
conga,312319,4
deejay,312270,4
agave,312239,4
hookah,312028,4
pitting,311903,4
aby,311870,4
ethers,311822,4
fittest,311689,4
tarnish,311663,4
isthmus,311647,4
anas,311544,4
feu,311393,4
treads,311379,4
zilla,311318,4
mayday,311257,4
aal,311213,4
barista,311187,4
honing,311152,4
beeps,311081,4
deftly,311024,4
raucous,311021,4
curios,310977,4
hairpin,310975,4
toasts,310966,4
litmus,310956,4
greys,310921,4
odes,310891,4
tootsie,310841,4
blushed,310822,4
saddest,310788,4
spools,310783,4
medico,310782,4
grinds,310771,4
exempts,310749,4
batgirl,310684,4
coulee,310620,4
bugged,310616,4
wench,310447,4
perrier,310336,4
bolded,310326,4
ribose,310314,4
bacs,310291,4
lefties,310260,4
faggot,310229,4
bloomer,310218,4
barrows,310203,4
kyat,310183,4
sarong,310132,4
lumped,310084,4
scribed,310027,4
borrows,310018,4
frigid,309996,4
butters,309969,4
armrest,309958,4
woollen,309955,4
musick,309927,4
ashram,309843,4
impairs,309746,4
carafe,309735,4
enteric,309728,4
pawns,309696,4
marimba,309626,4
peachy,309577,4
hotlink,309508,4
myopia,309370,4
winded,309370,4
manuka,309353,4
rambles,309327,4
diatoms,309303,4
blunts,309279,4
interne,309264,4
dawning,309187,4
caplets,309131,4
quint,309126,4
wingers,309061,4
klang,309031,4
sempre,309014,4
wane,308932,4
yukos,308917,4
trachea,308912,4
loins,308897,4
numbing,308782,4
midge,308737,4
collet,308674,4
glial,308665,4
flirty,308617,4
osmotic,308383,4
eggers,308355,4
clothe,308351,4
knitter,308351,4
swelled,308324,4
belting,308322,4
snipes,308302,4
staked,308188,4
rigidly,308159,4
oyez,308150,4
simile,308148,4
phalanx,308142,4
sloped,308121,4
melba,308005,4
baller,307991,4
sifting,307984,4
milos,307933,4
rivas,307895,4
bream,307756,4
meander,307722,4
groans,307720,4
canker,307701,4
poof,307682,4
perkin,307659,4
keener,307658,4
audios,307618,4
turion,307602,4
boba,307518,4
busily,307426,4
poached,307394,4
hailing,307363,4
slumped,307211,4
gluing,307201,4
captor,307186,4
fads,307178,4
imago,307167,4
orcas,307125,4
grazed,307080,4
joules,307069,4
jakes,307048,4
thrived,307039,4
colibri,306975,4
ascribe,306862,4
stalked,306832,4
deluded,306770,4
nitrile,306737,4
gens,306724,4
kyu,306709,4
oped,306688,4
samp,306636,4
doon,306598,4
labored,306577,4
tete,306550,4
smacks,306534,4
troughs,306500,4
soca,306384,4
piscine,306353,4
sented,306329,4
betas,306327,4
skilful,306269,4
basta,306217,4
biofuel,306200,4
bolder,306156,4
omits,306112,4
endures,306111,4
xylene,306027,4
selle,305996,4
commer,305915,4
sweety,305908,4
girder,305846,4
hote,305835,4
bismuth,305764,4
intents,305708,4
ovum,305631,4
pruned,305557,4
lantana,305537,4
wedded,305508,4
lashed,305492,4
shriver,305460,4
penna,305448,4
lith,305446,4
whaler,305342,4
ricks,305248,4
heald,305244,4
smacked,305187,4
trusses,305177,4
sleet,305148,4
zoster,305037,4
nies,305002,4
grooved,304997,4
playas,304899,4
dene,304848,4
intitle,304773,4
alcove,304771,4
woolsey,304751,4
wale,304722,4
tripple,304665,4
ungodly,304649,4
felling,304614,4
landes,304431,4
hazing,304414,4
hout,304355,4
ois,304334,4
perce,303918,4
drips,303778,4
abbe,303739,4
saree,303706,4
montes,303659,4
exemple,303655,4
skyway,303606,4
polis,303594,4
botched,303572,4
fille,303542,4
soapy,303519,4
savin,303518,4
microbe,303438,4
pled,303410,4
necktie,303341,4
huis,303310,4
tardy,303140,4
matron,303110,4
seaward,303086,4
crunk,303067,4
ciphers,303025,4
nibble,302987,4
fleeces,302579,4
pecker,302561,4
adopter,302441,4
decayed,302419,4
sauteed,302310,4
panini,302276,4
dhamma,302256,4
oddball,302091,4
harps,302084,4
hedged,302075,4
fap,302034,4
minter,301929,4
tapeta,301886,4
viceroy,301862,4
slaw,301756,4
powter,301650,4
yellows,301593,4
boner,301402,4
driller,301397,4
mummies,301396,4
pretest,301342,4
trowel,301297,4
mand,301294,4
nabs,301255,4
beseech,301253,4
deps,301238,4
hitched,301204,4
doobie,301126,4
mair,301055,4
smelt,301053,4
porns,301027,4
renin,300995,4
yearn,300957,4
benzyl,300951,4
stiffs,300891,4
whig,300874,4
enchant,300839,4
austere,300808,4
earths,300756,4
cowhide,300731,4
plumage,300727,4
tenors,300697,4
tugs,300661,4
rapier,300644,4
haughty,300598,4
kef,300574,4
opiates,300537,4
salami,300521,4
cadaver,300424,4
eme,300375,4
meld,300270,4
lyre,300168,4
yawning,300130,4
paged,300118,4
prunes,300117,4
buller,300104,4
erupt,300083,4
redone,300082,4
mallow,300040,4
duress,300034,4
airshow,299929,4
bub,299865,4
attuned,299850,4
herons,299841,4
raiding,299817,4
deft,299809,4
banger,299806,4
kwanza,299779,4
doable,299775,4
ramming,299639,4
cariboo,299637,4
loris,299596,4
kandy,299591,4
husk,299495,4
strappy,299365,4
sodas,299348,4
reenter,299288,4
inboard,299263,4
dobro,299212,4
caboose,299167,4
quatre,299147,4
fitters,299114,4
plats,299052,4
stoked,299039,4
cements,298928,4
hick,298899,4
boudoir,298896,4
glades,298840,4
daman,298839,4
crutch,298836,4
rioting,298819,4
amylase,298678,4
honk,298573,4
mamie,298552,4
upped,298533,4
unpaved,298405,4
dinette,298183,4
turners,298183,4
dimples,298063,4
turd,298037,4
bandar,298026,4
trine,297941,4
lav,297904,4
hessian,297886,4
ardour,297836,4
hing,297818,4
levant,297794,4
hiller,297692,4
favs,297543,4
sty,297523,4
haji,297489,4
belay,297360,4
petunia,297354,4
sleaze,297276,4
cuss,297222,4
lomas,297206,4
gremlin,297178,4
slats,297172,4
sundae,297154,4
vina,297100,4
lifters,297063,4
rhinos,297047,4
leeway,296990,4
offends,296941,4
lumpy,296904,4
wisest,296854,4
shackle,296852,4
kabuki,296825,4
zin,296797,4
itemize,296790,4
ging,296763,4
splints,296676,4
airship,296641,4
galls,296535,4
cesium,296530,4
yippee,296524,4
ammon,296510,4
unary,296481,4
bede,296472,4
heave,296454,4
cud,296395,4
siphon,296335,4
scandic,296314,4
ums,296267,4
aviary,296266,4
rarer,296244,4
trundle,296192,4
hushed,296114,4
cadres,296110,4
ahold,295977,4
dobra,295948,4
pout,295935,4
snook,295873,4
cognate,295863,4
mire,295839,4
coven,295821,4
markka,295777,4
mores,295725,4
flushes,295708,4
restate,295663,4
bice,295645,4
elegy,295636,4
sanded,295619,4
bouvier,295568,4
godless,295551,4
sloop,295505,4
birders,295321,4
brazing,295257,4
medias,295223,4
taunt,295148,4
aphid,295138,4
ick,295133,4
nett,295120,4
hinting,295098,4
venter,295097,4
omicron,295083,4
maggot,295075,4
bailiff,295036,4
cums,294994,4
houser,294937,4
lettres,294911,4
myrrh,294893,4
infuse,294883,4
chaff,294863,4
defaced,294843,4
pampers,294820,4
showy,294798,4
emcee,294621,4
moorish,294619,4
bobbing,294574,4
machete,294538,4
pathos,294432,4
smartly,294415,4
isms,294401,4
laments,294376,4
spied,294373,4
menorah,294368,4
roused,294305,4
aloof,294291,4
snore,294125,4
charred,294077,4
validly,293910,4
rematch,293872,4
chutes,293812,4
unsound,293719,4
hatter,293707,4
linsey,293658,4
stents,293651,4
takeout,293635,4
silty,293612,4
bearish,293528,4
sorrel,293520,4
reverie,293486,4
phonon,293453,4
callous,293411,4
jingles,293394,4
erk,293380,4
oom,293380,4
saps,293343,4
kats,293303,4
duper,293268,4
machi,293238,4
gainer,293223,4
shiv,293199,4
ochre,293192,4
quell,292803,4
karas,292764,4
capitan,292723,4
balk,292719,4
caw,292692,4
softens,292629,4
flanged,292608,4
posit,292597,4
sinuses,292591,4
amputee,292575,4
clary,292452,4
undying,292298,4
stubble,292285,4
caddies,292270,4
amie,292258,4
knesset,292200,4
mughal,292180,4
splines,292159,4
coords,292039,4
uptight,291990,4
actives,291970,4
doodles,291941,4
hatters,291905,4
hye,291859,4
sark,291856,4
soothes,291727,4
beluga,291630,4
compels,291609,4
succes,291554,4
diatom,291428,4
bobsled,291423,4
legume,291345,4
redial,291337,4
damsel,291200,4
duomo,291121,4
phos,291093,4
decorum,291058,4
hommes,291054,4
taffeta,291016,4
robs,290924,4
haro,290827,4
lenient,290798,4
dined,290743,4
idly,290705,4
statin,290561,4
rimmed,290543,4
nichts,290379,4
hyphens,290342,4
efflux,290287,4
orang,290223,4
hijab,290111,4
magus,290097,4
medulla,290083,4
moored,290077,4
burks,290057,4
peered,290025,4
cedi,290020,4
bores,289979,4
pooja,289973,4
bonito,289876,4
meri,289873,4
zeolite,289718,4
scrappy,289669,4
maxims,289635,4
stromal,289574,4
cama,289570,4
silex,289557,4
fere,289534,4
jezebel,289533,4
vireo,289521,4
reverts,289395,4
purine,289355,4
frolic,289348,4
gites,289297,4
cassia,289291,4
lamina,289244,4
umber,289235,4
goths,289217,4
bimini,289202,4
ewes,289200,4
toppled,289200,4
mending,289190,4
areal,289091,4
reruns,289050,4
plazas,289008,4
hurtful,289005,4
witney,288899,4
gast,288876,4
roasts,288677,4
downy,288639,4
tach,288593,4
kudzu,288577,4
sif,288576,4
strayer,288562,4
erupts,288455,4
swarms,288429,4
chives,288208,4
oratory,288206,4
wingnut,288159,4
altezza,288121,4
septal,288025,4
sprains,288007,4
hander,287948,4
lemur,287912,4
growled,287897,4
terse,287692,4
masjid,287661,4
nebulae,287590,4
utile,287546,4
brak,287545,4
waxy,287502,4
trite,287494,4
fisted,287488,4
gentler,287476,4
vex,287473,4
shard,287428,4
infects,287417,4
loos,287375,4
mien,287370,4
hanky,287363,4
squats,287331,4
nicad,287230,4
stubby,287176,4
visto,287086,4
impaled,287083,4
forays,287082,4
flanks,286991,4
sickly,286991,4
bitwise,286950,4
curbed,286884,4
retest,286883,4
diesels,286814,4
banjos,286765,4
geodesy,286736,4
kiddy,286716,4
valuers,286701,4
pitfall,286614,4
rede,286605,4
minder,286525,4
orator,286521,4
pinata,286477,4
mopeds,286473,4
abet,286436,4
steppe,286262,4
plowed,286245,4
sires,286232,4
lingers,286185,4
kerb,286112,4
lempira,285925,4
roque,285897,4
recast,285859,4
bursar,285837,4
dowel,285802,4
chaste,285769,4
bards,285757,4
bestial,285747,4
restock,285724,4
lineups,285616,4
buddhas,285559,4
oozing,285552,4
curd,285491,4
bookish,285480,4
subdue,285479,4
raking,285465,4
gillies,285377,4
stags,285274,4
bowyer,285225,4
capi,285197,4
pylon,285153,4
grommet,285109,4
bez,285026,4
ruckus,284978,4
seedy,284954,4
barf,284937,4
sturt,284766,4
wetness,284746,4
bindery,284687,4
bycatch,284653,4
tantrum,284612,4
juiced,284583,4
flexing,284489,4
tracers,284446,4
awakens,284351,4
amoeba,284346,4
duvets,284281,4
sortie,284213,4
caret,284139,4
withal,284116,4
methoxy,284007,4
barman,283994,4
bromine,283945,4
rampart,283939,4
facades,283890,4
mourns,283761,4
conceit,283744,4
ferric,283744,4
needful,283742,4
piso,283713,4
aircon,283702,4
locusts,283697,4
thatch,283678,4
bambini,283637,4
emboss,283630,4
meiosis,283587,4
parra,283456,4
doty,283418,4
grunts,283400,4
thicket,283399,4
prying,283196,4
rascals,283177,4
blip,283120,4
bast,283052,4
stocker,283048,4
rudely,283006,4
vichy,282961,4
icky,282901,4
weeps,282891,4
quoth,282770,4
lacuna,282635,4
lutein,282627,4
combe,282561,4
birdies,282545,4
queers,282516,4
toit,282387,4
apres,282360,4
radians,282336,4
flaring,282319,4
yanked,282274,4
preload,282066,4
testa,282061,4
minted,282017,4
lye,282007,4
ditty,281979,4
kula,281957,4
anthro,281871,4
skiff,281833,4
doss,281816,4
lectin,281713,4
gummy,281705,4
hight,281662,4
varia,281539,4
rebar,281535,4
sows,281460,4
toney,281449,4
tilapia,281386,4
faut,281382,4
satoshi,281264,4
rayne,281257,4
slasher,281219,4
oxfords,281155,4
brough,281149,4
witter,280978,4
grafted,280953,4
holo,280930,4
propped,280904,4
staking,280806,4
sisal,280742,4
bedouin,280676,4
fancies,280626,4
peeves,280612,4
accuser,280605,4
minos,280507,4
animas,280380,4
yagi,280328,4
sultans,280284,4
finches,280095,4
sensi,280091,4
basques,280083,4
mullahs,279909,4
lowball,279893,4
citron,279885,4
clave,279866,4
grosses,279835,4
tacked,279815,4
oilseed,279776,4
stiffer,279758,4
pokes,279744,4
slates,279730,4
andros,279699,4
allelic,279622,4
hunky,279599,4
birdman,279521,4
tipsy,279464,4
atria,279451,4
layette,279438,4
sagas,279405,4
cels,279374,4
cress,279364,4
timbre,279225,4
clasped,279205,4
scrotum,279205,4
pecking,279202,4
grieved,279113,4
tallies,279069,4
sniping,279032,4
enteral,279020,4
lumpkin,278875,4
ficus,278867,4
acquis,278714,4
wimp,278652,4
reliefs,278614,4
tassels,278582,4
lig,278581,4
culpa,278558,4
whiter,278534,4
froth,278469,4
regalia,278447,4
peerage,278441,4
derma,278422,4
wats,278372,4
taboos,278343,4
storied,278342,4
verbena,278322,4
funder,278287,4
doublet,278224,4
typeset,278099,4
boning,278049,4
mosses,278049,4
marl,277956,4
subside,277927,4
moos,277925,4
jarring,277463,4
wattle,277461,4
stoles,277383,4
tuan,277360,4
tubby,277187,4
guar,277177,4
glioma,277163,4
oryx,277144,4
tinsel,277040,4
coburg,277027,4
adverb,277019,4
mumbled,276990,4
commis,276983,4
mired,276967,4
yams,276959,4
breve,276955,4
mut,276922,4
prunus,276913,4
lazily,276858,4
cattery,276849,4
rona,276842,4
jeepers,276825,4
foliar,276821,4
fae,276817,4
rinks,276753,4
raver,276658,4
cuesta,276644,4
cantata,276582,4
ates,276572,4
hakeem,276560,4
ween,276549,4
lowveld,276402,4
nachos,276379,4
eres,276376,4
hillier,276352,4
shandy,276348,4
smote,276278,4
diploid,276263,4
googled,276225,4
toggles,276108,4
rend,276063,4
axion,276049,4
bolus,275931,4
calving,275924,4
yad,275903,4
offside,275879,4
castes,275707,4
jee,275665,4
massif,275637,4
shrike,275618,4
kine,275575,4
dairies,275533,4
biogas,275411,4
mushy,275321,4
plunges,275294,4
servos,275265,4
dozer,275217,4
aseptic,275138,4
darken,275055,4
defamer,275024,4
dowry,275011,4
shapers,274981,4
gouging,274752,4
adieu,274747,4
acyclic,274652,4
fulfils,274518,4
snuck,274495,4
rufiyaa,274483,4
mitten,274462,4
campy,274413,4
thar,274331,4
dalasi,274326,4
rots,274227,4
awash,274221,4
heriot,274219,4
rood,274179,4
barbs,274090,4
repress,274024,4
moiety,273909,4
clift,273901,4
steeply,273833,4
darned,273769,4
ampere,273740,4
peeking,273702,4
locum,273698,4
denser,273673,4
dud,273654,4
lignin,273589,4
gushers,273550,4
debits,273454,4
skimmed,273453,4
lassie,273417,4
spewing,273406,4
mads,273404,4
erasers,273344,4
loreal,273331,4
ints,273266,4
pumice,273213,4
stator,273178,4
combing,273176,4
dovecot,273166,4
payor,273084,4
indium,273038,4
gumball,272984,4
aback,272920,4
deepens,272902,4
blather,272886,4
griff,272880,4
scaly,272847,4
heaped,272836,4
correa,272821,4
esker,272809,4
oracles,272602,4
untied,272575,4
quince,272529,4
palmtop,272463,4
oka,272432,4
glint,272373,4
hansel,272304,4
daylily,272287,4
cranked,272176,4
sango,272080,4
stoic,272080,4
montane,271996,4
mineola,271970,4
chub,271882,4
bens,271877,4
alums,271859,4
piecing,271859,4
quarto,271837,4
vang,271715,4
helices,271563,4
cheval,271548,4
brindle,271470,4
creeds,271460,4
thro,271435,4
outrun,271425,4
vibs,271425,4
amiss,271389,4
benders,271249,4
alco,271231,4
taurine,271159,4
shanty,271114,4
voided,271023,4
rapping,271010,4
kish,270918,4
diehard,270874,4
carbo,270809,4
ahi,270786,4
livid,270785,4
geezer,270732,4
hares,270712,4
swivels,270613,4
pokey,270609,4
bravado,270559,4
ravings,270553,4
bestill,270540,4
grecian,270406,4
smite,270393,4
alist,270374,4
sarin,270347,4
dado,270289,4
saddled,270257,4
chump,270215,4
crusts,270189,4
tibial,270178,4
trawler,270147,4
bifocal,270078,4
loge,270000,4
wuz,269748,4
unsold,269701,4
opined,269671,4
scoot,269666,4
binning,269653,4
falter,269624,4
chatty,269620,4
sura,269461,4
pataca,269457,4
sachets,269432,4
ingle,269023,4
titres,268999,4
scalpel,268971,4
faeries,268969,4
fascias,268910,4
occam,268903,4
hyena,268889,4
wedlock,268858,4
daffy,268813,4
styler,268807,4
dooce,268785,4
soph,268776,4
obtuse,268754,4
caudal,268726,4
sextet,268708,4
sternly,268675,4
chanted,268671,4
blurs,268623,4
savour,268503,4
stabs,268482,4
lupine,268376,4
gourde,268295,4
gelato,268289,4
lusk,268218,4
softest,268187,4
sniffed,268185,4
lurks,268163,4
klick,268102,4
babbler,268093,4
tenses,268030,4
spooks,267985,4
pyrene,267959,4
prefab,267946,4
rewrote,267831,4
cann,267773,4
larch,267733,4
yeasts,267717,4
teched,267698,4
wais,267662,4
whet,267569,4
sics,267520,4
pahs,267461,4
situs,267454,4
buffing,267409,4
physio,267393,4
boles,267384,4
aline,267309,4
seizes,267285,4
thebes,267168,4
doer,267068,4
byway,266973,4
pleat,266830,4
aphasia,266763,4
seep,266750,4
cohosh,266740,4
icicles,266703,4
fescue,266663,4
flamed,266596,4
godsend,266577,4
peds,266553,4
doorman,266548,4
rubbers,266537,4
swoosh,266535,4
subsea,266274,4
injures,266230,4
pigtail,266208,4
nitrox,266198,4
reloads,266166,4
strays,266160,4
foetus,266141,4
punter,266101,4
dollies,266031,4
indicia,266009,4
excised,265993,4
swash,265955,4
damped,265851,4
forlorn,265714,4
tanga,265576,4
clank,265523,4
whacked,265500,4
tite,265495,4
metical,265436,4
marts,265406,4
leaner,265392,4
slimmer,265211,4
locos,265108,4
batons,265075,4
flava,265029,4
ruble,265028,4
socials,264932,4
yohimbe,264895,4
oses,264724,4
gawd,264723,4
poon,264687,4
calmer,264639,4
passers,264606,4
brier,264521,4
coves,264469,4
screech,264240,4
fetches,264162,4
damme,264150,4
clobber,264022,4
noddy,263991,4
paltry,263983,4
threes,263880,4
fanfics,263826,4
mids,263822,4
doers,263783,4
sods,263778,4
tremolo,263753,4
goulash,263733,4
beckons,263641,4
filo,263538,4
blimp,263458,4
loopy,263368,4
leal,263361,4
turban,263349,4
goonies,263289,4
ruffles,263270,4
gaiters,263221,4
fug,263203,4
zebras,263150,4
nulla,263140,4
cleve,263089,4
chomp,263066,4
scoped,263031,4
curving,262992,4
allium,262962,4
humpty,262958,4
tankard,262925,4
toasty,262852,4
amorous,262783,4
shaders,262762,4
weaned,262699,4
scenics,262691,4
dryland,262677,4
pectin,262610,4
grumble,262526,4
wronged,262517,4
rosin,262173,4
musics,262158,4
labours,262114,4
webapps,262113,4
flatly,262105,4
harsher,262073,4
tipper,262072,4
raga,262020,4
ecru,261997,4
pickin,261896,4
wilts,261805,4
gulag,261761,4
macaw,261749,4
aryl,261723,4
alight,261720,4
epochs,261714,4
genial,261630,4
langues,261625,4
snowed,261587,4
jager,261574,4
cachet,261569,4
fortify,261545,4
cherubs,261460,4
canzone,261390,4
opals,261351,4
salix,261339,4
tolling,261245,4
fleury,261226,4
kooks,261188,4
sista,261188,4
pumper,261170,4
dived,261166,4
bucking,261147,4
baffles,261121,4
obverse,261117,4
infamy,261115,4
dapper,261108,4
belfry,261063,4
elysian,261048,4
baldy,261017,4
odious,260947,4
crocs,260943,4
plier,260940,4
loner,260915,4
wheres,260858,4
sutures,260850,4
cycled,260689,4
cobbled,260646,4
haj,260642,4
imparts,260515,4
joggers,260504,4
quilter,260498,4
orgias,260489,4
sobs,260489,4
zouk,260476,4
luminal,260430,4
thawing,260403,4
writs,260366,4
strang,260329,4
hovered,260311,4
stunted,260292,4
jobe,260190,4
purl,260145,4
banal,260129,4
rears,260073,4
portico,260070,4
holme,260062,4
broads,260053,4
namaste,260051,4
excites,260012,4
weasels,260008,4
placard,260002,4
archi,260000,4
lolly,259984,4
deport,259896,4
lox,259880,4
lemmas,259859,4
slammer,259858,4
karmic,259849,4
inking,259848,4
jitters,259789,4
vier,259680,4
dobbins,259634,4
perusal,259627,4
delves,259619,4
guava,259541,4
tomo,259519,4
bosons,259490,4
shh,259490,4
callan,259476,4
cloaked,259462,4
clade,259453,4
lichens,259436,4
fresnel,259403,4
carters,259341,4
titling,259317,4
baillie,259310,4
sawn,259284,4
sunfish,259275,4
facies,259269,4
bellman,259168,4
holed,259059,4
pliable,258993,4
bacula,258935,4
mantua,258917,4
wimpy,258895,4
chucks,258842,4
lucite,258684,4
muds,258660,4
rafter,258635,4
dissect,258612,4
gies,258590,4
hexane,258590,4
blazes,258573,4
olivine,258437,4
snout,258314,4
goodly,258309,4
bigot,258267,4
gestapo,258231,4
bramble,258217,4
dalles,258211,4
hollies,258197,4
rimmer,258169,4
enacts,258158,4
goons,258119,4
amu,258070,4
titer,258055,4
canasta,258027,4
tooting,257942,4
borgo,257924,4
scalars,257811,4
anthill,257729,4
balding,257706,4
lather,257706,4
quasars,257703,4
strayed,257639,4
quakes,257618,4
shaykh,257601,4
paves,257565,4
gapped,257564,4
pastes,257512,4
gerbil,257476,4
webwork,257469,4
plucker,257428,4
hiccups,257405,4
silvers,257398,4
fini,257377,4
jurists,257373,4
cloaks,257367,4
finial,257306,4
glazes,257306,4
posses,257255,4
perches,256992,4
candler,256968,4
scrapes,256952,4
tole,256837,4
warthog,256795,4
vetting,256784,4
fifi,256772,4
goalies,256714,4
joiners,256658,4
balms,256614,4
mantras,256596,4
remade,256566,4
grisly,256550,4
figural,256530,4
piscina,256296,4
tramps,256251,4
kleenex,256244,4
winkle,256194,4
mesons,256174,4
wooly,256170,4
irate,256072,4
wean,255995,4
sitar,255993,4
pushy,255990,4
brogan,255900,4
omelet,255897,4
alberts,255889,4
sheaf,255879,4
quired,255877,4
folios,255805,4
juju,255786,4
lazuli,255781,4
gora,255775,4
dictum,255760,4
thorium,255728,4
lorries,255705,4
ledges,255668,4
roars,255578,4
catlin,255576,4
swindle,255565,4
bilbo,255543,4
candied,255439,4
scaler,255390,4
dingy,255349,4
gabber,255325,4
frieze,255319,4
dink,255268,4
clunky,255237,4
horas,255233,4
poodles,255182,4
yuppie,255173,4
caz,255087,4
lotte,255085,4
duals,255075,4
nene,255049,4
azide,254983,4
rands,254831,4
baryon,254821,4
sunnah,254699,4
stim,254646,4
lanas,254590,4
unboxed,254559,4
truer,254461,4
limes,254454,4
devore,254415,4
wrecker,254366,4
sullen,254239,4
kraut,254150,4
kosmos,254114,4
upstart,254079,4
refocus,254029,4
crouse,253994,4
reams,253943,4
beeper,253941,4
remakes,253930,4
imps,253895,4
pupa,253862,4
quays,253791,4
sequent,253753,4
retries,253752,4
donnas,253746,4
suds,253711,4
gams,253684,4
rallye,253672,4
wailers,253608,4
forbade,253563,4
woofers,253552,4
pieced,253496,4
oocyte,253480,4
arching,253463,4
okra,253449,4
gourds,253363,4
worsted,253351,4
acorns,253274,4
slung,253265,4
rowers,253214,4
bren,253195,4
tock,253188,4
selecta,253165,4
vagrant,253141,4
hatha,253103,4
empties,253020,4
bight,253016,4
dominos,252969,4
noh,252952,4
fells,252935,4
decibel,252929,4
josephs,252921,4
morgen,252920,4
dormer,252870,4
stasis,252846,4
pythons,252842,4
barrios,252837,4
panics,252784,4
tucks,252616,4
arnica,252603,4
embarks,252590,4
talons,252543,4
dualism,252446,4
pounce,252361,4
panier,252325,4
pipa,252296,4
ables,252284,4
oxbow,252273,4
dually,252262,4
gest,252252,4
calyx,252215,4
valour,252201,4
suid,252117,4
pene,252099,4
factoid,252089,4
ragdoll,251987,4
weenie,251931,4
coram,251898,4
snub,251783,4
tweedy,251747,4
arrayed,251728,4
raff,251662,4
stamper,251629,4
hissing,251593,4
jojoba,251541,4
azo,251512,4
prat,251507,4
outcrop,251502,4
haps,251491,4
dims,251470,4
intrude,251464,4
topmost,251464,4
opioids,251425,4
behest,251363,4
kells,251349,4
wacko,251238,4
scarpa,251180,4
agee,251173,4
resto,251173,4
charmer,251171,4
uke,251126,4
lipped,251118,4
infirm,251101,4
pontiff,251099,4
derm,251089,4
copay,251088,4
quagga,251030,4
menage,251026,4
scabies,250864,4
napping,250819,4
momenta,250751,4
sten,250722,4
bouton,250698,4
wingman,250649,4
pails,250638,4
burly,250632,4
derecho,250625,4
divest,250500,4
mange,250483,4
dings,250449,4
abated,250433,4
poplin,250399,4
jaap,250362,4
tiniest,250302,4
mowed,250292,4
caskets,250237,4
mofo,250191,4
auroral,250165,4
urinate,250163,4
lyceum,250078,4
harlot,250065,4
ravages,250052,4
foobar,249956,4
unlined,249928,4
humanly,249857,4
abiotic,249854,4
causa,249786,4
evert,249660,4
peddler,249606,4
helio,249588,4
nuthin,249554,4
fayre,249513,4
glared,249455,4
leeks,249429,4
adverbs,249422,4
hobbits,249371,4
mikado,249316,4
lusts,249268,4
gunned,249196,4
throes,249165,4
crowbar,249090,4
equipe,249083,4
blots,249068,4
sov,249017,4
nettles,248995,4
sunray,248980,4
scud,248971,4
raked,248939,4
cruised,248855,4
lashing,248838,4
theism,248823,4
gaudy,248813,4
tabling,248717,4
swoon,248694,4
captcha,248625,4
floater,248608,4
troika,248534,4
recluse,248513,4
stoning,248405,4
blacker,248383,4
aspires,248326,4
isotype,248316,4
brainy,248252,4
sops,248241,4
dees,248228,4
patted,248108,4
frosh,248077,4
kebab,248067,4
cloture,248020,4
calculi,247902,4
victors,247819,4
revels,247758,4
sugary,247749,4
droves,247699,4
wiseguy,247653,4
slur,247649,4
rew,247554,4
bookman,247512,4
phrased,247451,4
puddles,247430,4
yeahs,247417,4
penner,247383,4
ambit,247267,4
pardons,247232,4
rigg,247143,4
defuse,247134,4
whisker,247102,4
ghoul,247064,4
rigors,247044,4
boobed,247018,4
clack,246726,4
lotsa,246642,4
whiff,246582,4
blokes,246481,4
latched,246471,4
spawns,246441,4
maile,246432,4
uric,246402,4
cravers,246383,4
clashed,246307,4
holdall,246306,4
harpoon,246248,4
reining,246243,4
sombre,246150,4
hearse,246067,4
bootcut,245949,4
roamed,245948,4
caulk,245944,4
tilts,245809,4
fatter,245660,4
limba,245623,4
deflate,245571,4
cannery,245544,4
mannose,245527,4
gaucho,245510,4
chasse,245389,4
crepes,245312,4
borel,245222,4
senile,245190,4
cobwebs,245178,4
tusk,245115,4
hellish,245094,4
dree,245013,4
hominid,244937,4
claro,244919,4
ugliest,244889,4
trumped,244775,4
sain,244686,4
cran,244657,4
graver,244634,4
keratin,244622,4
flees,244621,4
blocs,244531,4
torrid,244508,4
tilbury,244368,4
hutches,244337,4
engrave,244313,4
bauxite,244266,4
barrack,244214,4
dorr,244166,4
gouache,244105,4
twee,243974,4
ech,243962,4
pluses,243935,4
myopic,243928,4
sayer,243924,4
lysates,243901,4
snugly,243854,4
tarry,243850,4
fevers,243817,4
joule,243810,4
tuber,243798,4
eocene,243782,4
muddled,243754,4
codons,243680,4
evoking,243615,4
hoarse,243572,4
vexed,243525,4
curries,243494,4
delos,243468,4
slinger,243461,4
cliques,243428,4
delving,243417,4
mallets,243386,4
floored,243271,4
micra,243254,4
haggle,243239,4
plied,243191,4
midline,243185,4
beaters,243173,4
sik,243122,4
twang,243118,4
implode,243071,4
ombre,243069,4
phonic,242991,4
stagger,242948,4
crusted,242937,4
gantry,242918,4
sontag,242833,4
fou,242815,4
turrets,242628,4
calms,242513,4
acharya,242503,4
slither,242416,4
juggler,242411,4
obeys,242408,4
mockup,242390,4
worsens,242383,4
stifled,242375,4
formica,242315,4
urinals,242267,4
samsara,242202,4
ceil,242065,4
voile,242035,4
rach,241971,4
teases,241939,4
lioness,241895,4
shoo,241831,4
orfs,241773,4
scythe,241758,4
kilim,241699,4
layed,241694,4
heaving,241658,4
geyer,241654,4
ghazi,241650,4
homily,241648,4
pensive,241591,4
paschal,241557,4
fum,241555,4
upshot,241551,4
showoff,241546,4
dib,241496,4
sifted,241445,4
rufous,241411,4
sate,241366,4
whorl,241096,4
cowling,241047,4
ferment,241036,4
busier,241006,4
phenom,240916,4
aurelia,240915,4
yar,240912,4
warmup,240894,4
thinned,240806,4
foodie,240802,4
flapper,240798,4
aircrew,240757,4
seabird,240721,4
hoisted,240689,4
gouge,240551,4
auteurs,240517,4
chirp,240510,4
plast,240505,4
wastage,240502,4
dimmed,240448,4
mommies,240431,4
yore,240405,4
bulges,240364,4
scurry,240322,4
growths,240318,4
gyrus,240316,4
ganja,240308,4
halve,240290,4
poh,240262,4
ump,240262,4
iwi,240224,4
outbox,240113,4
tamed,239956,4
kati,239918,4
toting,239884,4
fiends,239877,4
garbled,239858,4
stroker,239826,4
tallow,239819,4
anions,239808,4
rower,239796,4
zaman,239727,4
tickers,239671,4
introns,239662,4
dimmers,239642,4
unkind,239629,4
misread,239614,4
affiche,239543,4
aunty,239524,4
spoofs,239492,4
paucity,239491,4
oba,239450,4
snafu,239431,4
parm,239181,4
fabs,239171,4
shaul,239120,4
albee,239116,4
horsey,239073,4
thumper,238941,4
prams,238922,4
eerily,238910,4
unicom,238840,4
slouch,238836,4
amulets,238826,4
xed,238810,4
cargoes,238753,4
biopic,238720,4
eyebeam,238711,4
eddies,238694,4
monad,238651,4
joists,238629,4
disobey,238624,4
alumna,238563,4
oke,238553,4
bandy,238539,4
chromed,238483,4
slop,238463,4
mase,238462,4
shits,238365,4
savoury,238344,4
humvee,238316,4
irises,238227,4
cleaved,238140,4
kitbag,238098,4
snide,238032,4
blarney,237895,4
nickle,237869,4
magnate,237838,4
pillage,237831,4
teeter,237797,4
satis,237793,4
gadfly,237774,4
weer,237681,4
nims,237649,4
scruffy,237621,4
barony,237594,4
dusts,237576,4
vibrato,237564,4
bozo,237549,4
caddie,237531,4
ejector,237528,4
gruff,237505,4
buxom,237464,4
isomer,237448,4
votives,237421,4
tampons,237419,4
musty,237343,4
curable,237322,4
guineas,237306,4
droids,237261,4
swerve,237144,4
pandit,237124,4
lector,237111,4
brisket,237076,4
vuln,236958,4
capris,236932,4
ramping,236915,4
vegans,236914,4
plummet,236907,4
deplete,236898,4
casuals,236760,4
bambino,236535,4
tubules,236495,4
frailty,236450,4
tangier,236438,4
ouguiya,236365,4
prewar,236361,4
bateau,236318,4
ragweed,236266,4
vetiver,236203,4
reopens,236162,4
boxwood,236086,4
cassis,236084,4
stentor,236032,4
twos,236031,4
prover,235995,4
salwar,235885,4
broking,235828,4
berm,235818,4
sacral,235781,4
hake,235760,4
oot,235743,4
bizzy,235736,4
knead,235592,4
lamas,235575,4
wilful,235573,4
twisty,235565,4
gaol,235518,4
erudite,235484,4
wester,235476,4
bitchy,235362,4
tarn,235337,4
rebut,235254,4
sprain,235008,4
platen,234931,4
rother,234902,4
vidual,234793,4
chisels,234786,4
phoneme,234736,4
unde,234683,4
abides,234643,4
spoofed,234581,4
strove,234520,4
talkies,234514,4
stutter,234439,4
wels,234372,4
fundy,234370,4
reticle,234314,4
copter,234306,4
bonkers,234275,4
coups,234254,4
verdant,234186,4
secrete,234136,4
segue,234120,4
dotty,234104,4
twirl,234072,4
phot,234058,4
ingot,234052,4
fags,233985,4
mimeo,233985,4
noo,233938,4
lounger,233936,4
beadle,233906,4
ginn,233847,4
cockney,233845,4
guppy,233792,4
penning,233784,4
gammons,233772,4
nodule,233764,4
paella,233696,4
signa,233687,4
coley,233644,4
handoff,233624,4
leeches,233606,4
choco,233557,4
convoys,233546,4
ospreys,233528,4
shapely,233421,4
rooks,233375,4
telia,233234,4
mullah,233203,4
wheelie,233197,4
preemie,233192,4
spayed,233188,4
isos,233135,4
homey,233113,4
refiner,233029,4
tourer,232982,4
glean,232952,4
sayed,232940,4
icicle,232868,4
hooves,232862,4
bhat,232799,4
hotdog,232784,4
galleon,232762,4
eten,232663,4
ketones,232647,4
priors,232643,4
chafing,232631,4
rami,232629,4
betrays,232516,4
sunroom,232510,4
leng,232498,4
inwards,232455,4
regroup,232435,4
wanker,232298,4
scammed,232271,4
soiling,232240,4
mura,232168,4
germane,232103,4
jacobus,232103,4
chimps,232080,4
voxel,232056,4
awl,232039,4
kaizen,232026,4
mourned,232015,4
frisky,231840,4
missa,231828,4
woodcut,231807,4
bogle,231716,4
racoon,231557,4
poppa,231519,4
thickly,231504,4
cistern,231498,4
fibrin,231453,4
phaeton,231430,4
dinos,231419,4
purists,231351,4
tare,231343,4
caliph,231318,4
speedos,231305,4
funnels,231261,4
pasty,231237,4
westie,231232,4
gaga,231181,4
cuffed,231174,4
tumult,231143,4
curate,231095,4
donned,231065,4
vixens,231033,4
tarsus,231027,4
paver,231018,4
shoji,231018,4
amazons,230809,4
saft,230792,4
shoulda,230740,4
canines,230677,4
strobes,230652,4
scudder,230543,4
bhakti,230490,4
truest,230371,4
ghouls,230277,4
snitch,230239,4
felled,230183,4
tinned,230168,4
feis,230145,4
flay,230123,4
patter,230084,4
agios,230082,4
commie,230073,4
seinen,230069,4
beanbag,230049,4
riad,230045,4
ovals,230020,4
bootie,229983,4
snarky,229892,4
bummed,229833,4
ashraf,229787,4
crone,229759,4
sidecar,229736,4
wintry,229697,4
bilayer,229616,4
skeeter,229588,4
sols,229540,4
pubes,229514,4
fess,229502,4
tical,229501,4
anemic,229485,4
matts,229482,4
thunk,229475,4
beals,229428,4
texting,229377,4
laver,229347,4
shamed,229340,4
cartels,229319,4
eluded,229306,4
peeks,229261,4
milter,229246,4
hots,229153,4
squelch,229096,4
banzai,229034,4
creel,228934,4
sett,228888,4
delis,228848,4
bereft,228746,4
seaway,228683,4
vitriol,228670,4
vestry,228589,4
rumbles,228523,4
ascites,228440,4
febrile,228433,4
mercies,228429,4
fosse,228402,4
ilex,228354,4
manilla,228344,4
globin,228334,4
taille,228298,4
whee,228271,4
thrall,228235,4
barked,228211,4
airfoil,228184,4
lignite,228144,4
scorned,228104,4
stull,228078,4
thicken,228030,4
kak,227967,4
fides,227901,4
chur,227894,4
blazed,227890,4
cupped,227866,4
maimed,227838,4
jor,227788,4
morphed,227780,4
dernier,227720,4
pater,227685,4
meno,227665,4
mused,227635,4
petrel,227617,4
puffing,227598,4
shays,227563,4
wielded,227562,4
buhl,227479,4
lavage,227460,4
castors,227453,4
hymnal,227316,4
finials,227283,4
gandy,227271,4
trestle,227251,4
skank,227091,4
souffle,227083,4
rebus,227042,4
spiking,226980,4
axonal,226975,4
vinyls,226954,4
mulling,226925,4
sighing,226896,4
awed,226844,4
pergola,226838,4
shrank,226834,4
cupping,226814,4
garbo,226734,4
pineal,226734,4
awn,226727,4
inti,226711,4
luger,226711,4
toyland,226614,4
earache,226560,4
foamy,226531,4
budgie,226512,4
upping,226476,4
knolls,226466,4
ionizer,226448,4
unwell,226447,4
wedged,226428,4
evading,226376,4
lurid,226354,4
herm,226322,4
hansa,226295,4
idee,226260,4
lunt,226259,4
twit,226195,4
deltas,226183,4
pampa,226170,4
futsal,226155,4
benet,226135,4
striper,226124,4
shhh,226099,4
redfish,226069,4
gite,226057,4
cubism,226011,4
mulls,225977,4
anelli,225924,4
grice,225915,4
shrimps,225900,4
stirrup,225827,4
flopped,225728,4
subtext,225686,4
solas,225662,4
looters,225649,4
narc,225597,4
stuffer,225587,4
glucan,225531,4
hoots,225519,4
curlew,225465,4
minnows,225442,4
giardia,225430,4
salsas,225415,4
coffret,225410,4
whiny,225341,4
thaler,225332,4
ruck,225261,4
briskly,225219,4
humoral,225164,4
huffy,225112,4
snazzy,225088,4
qubit,225029,4
subplot,225009,4
kina,224955,4
ingrown,224942,4
husker,224889,4
bests,224868,4
acro,224862,4
affront,224833,4
baileys,224811,4
outturn,224805,4
djembe,224710,4
tinge,224709,4
vining,224679,4
ripstop,224675,4
scuff,224673,4
moguls,224670,4
murmurs,224661,4
slog,224660,4
quips,224626,4
gleaner,224576,4
lapped,224543,4
pecs,224457,4
ridings,224352,4
clawed,224327,4
chokers,224272,4
nona,224266,4
warzone,224226,4
mna,224205,4
nabbed,224175,4
tanager,224141,4
winsome,224127,4
capsid,224126,4
equaled,224054,4
gasses,224024,4
flog,223990,4
emerita,223933,4
longbow,223907,4
loran,223906,4
quills,223866,4
topi,223864,4
beni,223860,4
erases,223847,4
oud,223832,4
cruse,223824,4
scalper,223817,4
evens,223759,4
tartans,223746,4
mutha,223687,4
grayish,223657,4
haring,223617,4
wildman,223572,4
ruffin,223523,4
deni,223460,4
ethane,223433,4
puffer,223429,4
wile,223391,4
homered,223347,4
iolite,223317,4
recline,223240,4
fluvial,223165,4
muffs,223133,4
telos,223130,4
chums,223080,4
candela,223075,4
heeded,223046,4
jell,223013,4
whammy,222999,4
collard,222978,4
sachet,222944,4
drakes,222879,4
whatcha,222878,4
rouser,222833,4
vetted,222818,4
titers,222805,4
typists,222788,4
tomes,222783,4
ledgers,222770,4
shriek,222723,4
posits,222720,4
faecal,222700,4
yakuza,222695,4
rehabs,222669,4
deicide,222648,4
yous,222646,4
bungle,222636,4
probit,222594,4
crozier,222560,4
soliton,222536,4
pokers,222421,4
cropper,222371,4
pisos,222360,4
groping,222356,4
cabanas,222229,4
miser,222219,4
tagger,222158,4
shoring,222118,4
medians,221968,4
mutate,221940,4
asunder,221892,4
statist,221884,4
qualms,221869,4
sheaves,221723,4
polemic,221653,4
armoury,221465,4
duds,221438,4
phlox,221261,4
hubcaps,221220,4
stilts,221196,4
haptic,221185,4
starks,221125,4
knocker,221120,4
roofed,221098,4
jinn,221073,4
sakes,221028,4
gur,221008,4
storeys,221008,4
jure,220984,4
sherbet,220980,4
instal,220910,4
vernier,220905,4
jolley,220875,4
cahiers,220820,4
hotbed,220701,4
tepid,220695,4
breaded,220686,4
gusher,220655,4
slurs,220561,4
doula,220543,4
hemmed,220531,4
malate,220491,4
pomfret,220472,4
nibbles,220385,4
cornice,220372,4
smock,220361,4
musket,220316,4
sired,220280,4
sooty,220245,4
tannery,220245,4
buckled,220229,4
kindled,220137,4
cubby,220112,4
porky,220042,4
bourg,219928,4
spinoff,219921,4
biofilm,219899,4
repute,219852,4
faeces,219830,4
oos,219813,4
covet,219812,4
debe,219786,4
deet,219749,4
mony,219737,4
rimless,219688,4
wistful,219671,4
twinkie,219660,4
admires,219638,4
moronic,219631,4
hissed,219599,4
kipp,219546,4
goji,219539,4
tirade,219531,4
sellout,219473,4
prongs,219408,4
fumbled,219406,4
soh,219358,4
raters,219350,4
lancers,219258,4
gyros,219254,4
marsala,219183,4
upsurge,219004,4
peewee,219000,4
minty,218953,4
conger,218768,4
tugging,218763,4
fissile,218743,4
heckler,218743,4
garuda,218709,4
xenium,218706,4
unease,218653,4
barret,218624,4
parkers,218591,4
vidalia,218464,4
roemer,218458,4
loons,218446,4
whippet,218392,4
chicane,218312,4
rime,218262,4
feedlot,218258,4
gamelan,218209,4
cuddy,218200,4
cored,217931,4
goad,217883,4
parle,217836,4
satori,217822,4
upturn,217814,4
muddle,217792,4
sansa,217784,4
gau,217780,4
levites,217769,4
sheared,217649,4
unaided,217618,4
bladed,217581,4
bailed,217579,4
curried,217574,4
clapped,217546,4
squishy,217490,4
boggle,217376,4
exudes,217341,4
recede,217329,4
paks,217287,4
dears,217282,4
shamans,217266,4
swanky,217254,4
sterol,217208,4
smocked,217203,4
spry,217147,4
objets,217143,4
faulted,217142,4
mastic,217140,4
maggots,217122,4
bongos,217120,4
tints,217070,4
waver,217064,4
caning,217036,4
snagged,217005,4
salut,216986,4
docent,216956,4
conic,216832,4
bares,216791,4
manors,216789,4
strum,216746,4
caraway,216706,4
earshot,216665,4
omens,216634,4
sailer,216587,4
rheum,216585,4
vanes,216576,4
batsmen,216530,4
turbos,216479,4
smoot,216470,4
brule,216438,4
eights,216431,4
sappy,216405,4
coughed,216304,4
filial,216234,4
mocks,216156,4
thiamin,216106,4
tugboat,216091,4
hythe,216045,4
borage,216034,4
slewing,216029,4
deanery,216020,4
kibbutz,216011,4
regnum,215912,4
midrash,215882,4
natty,215845,4
newb,215798,4
fars,215797,4
commode,215790,4
posers,215764,4
sneaks,215712,4
adoring,215653,4
trodden,215645,4
huskers,215598,4
debited,215564,4
diktat,215558,4
reaped,215554,4
pinko,215529,4
elude,215496,4
grok,215479,4
tripe,215448,4
cicada,215440,4
saguaro,215436,4
gault,215308,4
enjoin,215226,4
boyish,215198,4
coot,215187,4
becks,215169,4
neared,215133,4
cobras,215114,4
claes,215104,4
reaming,215103,4
saran,215052,4
bento,215039,4
bromo,215016,4
dench,215000,4
carvers,214941,4
liven,214914,4
aniline,214896,4
decodes,214797,4
spilt,214786,4
dunks,214757,4
grater,214742,4
maun,214741,4
peyote,214736,4
rigour,214573,4
oxalate,214507,4
evinced,214503,4
jabs,214494,4
aristo,214493,4
afresh,214382,4
freesia,214310,4
taal,214293,4
muskie,214282,4
rosser,214268,4
bunks,214252,4
ducked,214236,4
situate,214206,4
feria,214175,4
loomed,214107,4
oink,214048,4
clamor,214037,4
devises,214035,4
hond,213958,4
ditched,213957,4
dyne,213934,4
pews,213867,4
reseda,213837,4
peeve,213790,4
ume,213735,4
gutsy,213692,4
ulu,213538,4
whalers,213530,4
wrester,213473,4
smuggle,213470,4
nooks,213440,4
accrues,213417,4
wud,213395,4
gallet,213366,4
hiccup,213341,4
selah,213338,4
titania,213319,4
flavin,213302,4
plasmon,213231,4
pascual,213228,4
nickles,213173,4
shyly,213165,4
stewed,213127,4
scone,213031,4
stowed,212982,4
pidgin,212948,4
squeal,212939,4
brae,212919,4
ducking,212902,4
throb,212889,4
scorch,212879,4
chavs,212867,4
duels,212809,4
cellist,212738,4
rusting,212635,4
slicker,212619,4
bolling,212598,4
hemmer,212536,4
falsify,212477,4
kalam,212453,4
swagger,212443,4
flicked,212430,4
arbour,212376,4
hadrons,212303,4
hellcat,212298,4
shims,212293,4
mandrel,212147,4
valine,212102,4
actinic,212056,4
tellin,211953,4
offload,211879,4
ponchos,211828,4
detours,211823,4
peps,211789,4
bravest,211775,4
crevice,211751,4
miler,211732,4
dimers,211676,4
skeins,211623,4
evict,211591,4
semple,211581,4
hummus,211521,4
foxtail,211519,4
forges,211503,4
jots,211479,4
loosed,211447,4
madcap,211443,4
neigh,211412,4
hypoxic,211395,4
unsub,211302,4
crabby,211263,4
burlap,211178,4
rescuer,211155,4
propyl,211081,4
bris,211005,4
equips,210912,4
balmy,210906,4
hele,210904,4
epithet,210839,4
blonds,210818,4
elution,210742,4
camphor,210728,4
ruddock,210604,4
koto,210589,4
ursa,210562,4
pern,210561,4
dozier,210542,4
comings,210531,4
crinkle,210413,4
causey,210409,4
edibles,210404,4
kamala,210377,4
tearful,210307,4
betwixt,210303,4
purpura,210281,4
actuals,210245,4
massed,210210,4
toots,210204,4
dyspnea,210184,4
zesty,210124,4
shires,210101,4
mantels,210098,4
stomper,210057,4
sorties,209959,4
revives,209924,4
suitors,209916,4
forking,209903,4
wiggly,209887,4
plop,209870,4
sleight,209824,4
murry,209712,4
tricot,209698,4
shutoff,209687,4
skirted,209602,4
kirkman,209594,4
bigots,209590,4
daybook,209576,4
reckons,209552,4
puzzler,209514,4
canny,209480,4
fainted,209474,4
concho,209371,4
rifts,209369,4
beaty,209357,4
fleshed,209343,4
winking,209323,4
wallaby,209288,4
vroom,209222,4
taiga,209181,4
hovers,209168,4
grossed,209087,4
cottons,209058,4
baguio,209020,4
mulled,208941,4
dazzled,208930,4
inborn,208927,4
consuls,208886,4
ould,208886,4
newness,208815,4
ascetic,208813,4
khalifa,208782,4
russet,208769,4
rumen,208759,4
specie,208752,4
defi,208739,4
deoxy,208737,4
mechs,208732,4
gilder,208663,4
krill,208654,4
patella,208631,4
skein,208604,4
tans,208599,4
reflow,208595,4
morphs,208579,4
slicers,208578,4
mettle,208525,4
moldy,208515,4
bulger,208505,4
placket,208483,4
matin,208467,4
formate,208387,4
insets,208386,4
seis,208364,4
lysate,208305,4
bigoted,208294,4
formers,208284,4
lilacs,208266,4
levying,208243,4
oriel,208095,4
nines,208082,4
buoyed,208050,4
malady,208016,4
baw,207959,4
brahmin,207872,4
taverna,207857,4
mashup,207854,4
tempers,207853,4
quinine,207834,4
olefin,207789,4
parkas,207726,4
grog,207689,4
fester,207608,4
retards,207517,4
mell,207457,4
saintly,207451,4
aught,207367,4
unban,207262,4
nonfat,207259,4
helmer,207255,4
narco,207216,4
grubby,207166,4
wooing,207146,4
diethyl,207115,4
hippos,207102,4
moonlit,207004,4
melange,206979,4
hoopla,206946,4
gules,206933,5
corks,206732,5
lithia,206715,5
demoted,206682,5
nullify,206637,5
plows,206634,5
refines,206574,5
infarct,206563,5
aborts,206439,5
waker,206432,5
envied,206413,5
chins,206390,5
coring,206369,5
runt,206329,5
rezone,206321,5
nursed,206293,5
squirm,206247,5
althea,206081,5
trippy,206032,5
lote,206030,5
rance,206006,5
sacking,205985,5
clapper,205968,5
driest,205963,5
settee,205963,5
upswing,205874,5
flaunt,205865,5
saxe,205816,5
dasher,205780,5
gunnery,205774,5
perms,205764,5
reaver,205753,5
tryst,205722,5
cede,205707,5
tash,205704,5
callus,205657,5
shifty,205583,5
fossa,205501,5
snorted,205453,5
upwind,205437,5
teem,205420,5
nymphos,205391,5
fitment,205367,5
lemming,205345,5
appends,205325,5
laminin,205325,5
cotes,205184,5
buttock,205064,5
ergodic,205038,5
retrace,205030,5
lurch,204983,5
jetway,204947,5
allee,204946,5
bonk,204916,5
oor,204910,5
splurge,204888,5
bombard,204887,5
magpies,204885,5
missus,204858,5
hashed,204846,5
quash,204823,5
diable,204821,5
dox,204797,5
hokey,204777,5
swirled,204767,5
darted,204760,5
vag,204756,5
warlike,204756,5
colons,204720,5
duos,204711,5
fretted,204701,5
begonia,204693,5
salto,204639,5
smits,204616,5
gauged,204607,5
dieters,204593,5
suet,204581,5
pulver,204455,5
roaches,204408,5
nought,204395,5
taha,204322,5
sinker,204304,5
lich,204208,5
dux,204200,5
eggnog,204199,5
pulsars,204152,5
cording,204138,5
scepter,204111,5
scrapie,204079,5
enticed,204071,5
schmuck,204019,5
mufti,204002,5
gasps,203961,5
exclaim,203941,5
rehash,203931,5
greve,203902,5
enlace,203869,5
goel,203820,5
septa,203819,5
clavier,203805,5
purist,203788,5
nanos,203719,5
spars,203700,5
dished,203697,5
frise,203691,5
corned,203685,5
howls,203629,5
spink,203615,5
inky,203613,5
sneer,203583,5
curia,203518,5
allay,203474,5
honoree,203394,5
octavo,203379,5
kir,203371,5
bailout,203304,5
bicolor,203247,5
decry,203238,5
annulus,203227,5
newtons,203210,5
luring,203145,5
hewn,203110,5
whisked,203086,5
flirts,202987,5
alga,202974,5
witted,202961,5
yow,202916,5
coldly,202821,5
signore,202821,5
envoys,202787,5
staves,202728,5
grouchy,202666,5
gummi,202615,5
sizer,202590,5
mobster,202575,5
riviere,202556,5
avowed,202530,5
gusty,202515,5
oodles,202506,5
bafta,202503,5
brazier,202480,5
archon,202427,5
docile,202388,5
spycams,202377,5
buttle,202348,5
vole,202319,5
cantons,202309,5
wrights,202293,5
subito,202277,5
refi,202252,5
tangles,202240,5
sucky,202236,5
parador,202231,5
meanest,202221,5
refutes,202204,5
sexier,202190,5
mudge,202164,5
hollows,202137,5
decile,202130,5
mumble,202090,5
maries,202037,5
minimax,202033,5
oppress,201953,5
ecce,201934,5
usury,201906,5
lynchet,201871,5
redes,201864,5
coverup,201855,5
vizier,201808,5
nostril,201758,5
impedes,201747,5
roadie,201746,5
gue,201687,5
smalls,201676,5
hooch,201647,5
ands,201638,5
alway,201600,5
surmise,201587,5
blanch,201559,5
rabi,201534,5
mugger,201472,5
syne,201469,5
crewed,201435,5
groomer,201433,5
saluted,201427,5
siler,201368,5
polenta,201258,5
anonym,201150,5
sabers,201133,5
steno,201103,5
octaves,201067,5
emanate,201024,5
capex,200971,5
rummage,200967,5
plies,200925,5
makings,200837,5
ductal,200747,5
weems,200613,5
leper,200592,5
boh,200588,5
animus,200550,5
dimple,200542,5
noblest,200522,5
supine,200507,5
foram,200416,5
squint,200402,5
vitals,200318,5
oldie,200255,5
tater,200207,5
khakis,200185,5
bobbins,200175,5
splenic,200097,5
goe,200069,5
scanty,199977,5
tankini,199959,5
maxed,199945,5
marmite,199931,5
hemming,199863,5
defiled,199832,5
eke,199770,5
triceps,199763,5
neonate,199712,5
laymen,199674,5
roofers,199587,5
deadman,199556,5
combats,199547,5
aquaria,199506,5
drench,199471,5
legibly,199362,5
benj,199285,5
cupola,199250,5
puna,199240,5
canst,199219,5
flan,199218,5
muons,199181,5
closers,199129,5
lunge,199129,5
minuet,199114,5
spouts,199060,5
glided,199024,5
swale,198985,5
axed,198982,5
ripoff,198960,5
socs,198948,5
jags,198865,5
largos,198863,5
rollup,198653,5
spammed,198651,5
hosed,198644,5
soleus,198628,5
doormat,198594,5
rives,198588,5
areolas,198511,5
celadon,198496,5
wex,198461,5
timpani,198449,5
fanned,198426,5
wagging,198396,5
wrens,198351,5
farrier,198307,5
tenon,198272,5
wetted,198272,5
mumm,198166,5
quip,198143,5
novae,198124,5
ballers,198121,5
yager,198064,5
polyp,197981,5
granary,197962,5
whitish,197836,5
melanin,197833,5
wallop,197728,5
doy,197706,5
leaver,197700,5
blacked,197675,5
dowsing,197567,5
refit,197564,5
dosed,197560,5
boite,197551,5
bookies,197528,5
oaf,197487,5
shod,197441,5
befall,197417,5
figment,197373,5
anodes,197361,5
wearily,197359,5
tapu,197333,5
foyle,197311,5
glazier,197297,5
playpen,197242,5
anchovy,197241,5
pucks,197236,5
mallee,197221,5
earings,197177,5
sammie,197141,5
hotshot,197123,5
padma,197103,5
sunland,197084,5
kerns,197073,5
linseed,197058,5
dels,196970,5
trogon,196954,5
dodged,196951,5
lectern,196773,5
trapt,196767,5
finned,196662,5
looses,196618,5
bloods,196575,5
odours,196553,5
mongrel,196536,5
shoujo,196518,5
hashish,196464,5
iffy,196420,5
meagre,196347,5
mopping,196302,5
chintz,196209,5
ouija,196199,5
slink,196197,5
kiva,196139,5
lineal,196130,5
gainful,196122,5
aldrin,196105,5
droll,196087,5
lessees,196038,5
whimper,195901,5
spinel,195869,5
callout,195850,5
endow,195844,5
paua,195844,5
incised,195777,5
razed,195746,5
elicits,195743,5
invents,195639,5
wantage,195525,5
manus,195513,5
tasker,195511,5
tenfold,195510,5
sokol,195506,5
bluefin,195505,5
jammers,195490,5
scoured,195477,5
pretax,195474,5
bushido,195463,5
layaway,195456,5
gelder,195446,5
knotty,195433,5
pilsner,195433,5
chancel,195252,5
klutz,195206,5
lamprey,195186,5
waka,195118,5
washout,195075,5
ironed,195063,5
bluesy,195060,5
darshan,195007,5
pigskin,194996,5
retold,194917,5
photog,194909,5
embeds,194889,5
volant,194823,5
airwave,194803,5
fusions,194750,5
joist,194739,5
tapper,194724,5
cornett,194723,5
naphtha,194695,5
trin,194680,5
saki,194667,5
oversea,194656,5
girdles,194548,5
fizzy,194519,5
gympie,194512,5
mongo,194449,5
offal,194416,5
smithy,194407,5
dawns,194371,5
bannock,194356,5
mungo,194356,5
staid,194345,5
crating,194323,5
ferrule,194321,5
ignites,194315,5
wove,194314,5
pithy,194285,5
enrolls,194213,5
shirk,194196,5
gratin,194174,5
opcodes,194157,5
pangs,194132,5
fulness,194107,5
oof,193930,5
majored,193766,5
calkins,193701,5
bronzes,193674,5
knell,193672,5
baywood,193611,5
startle,193590,5
smashes,193543,5
erector,193530,5
exalt,193526,5
oon,193520,5
gobi,193497,5
bide,193344,5
suitor,193343,5
cichlid,193324,5
awardee,193320,5
rooming,193240,5
russe,193236,5
spiller,193234,5
bevy,193230,5
bearcat,193183,5
creche,193174,5
excimer,193126,5
nori,193117,5
cashews,193108,5
liana,193039,5
wisps,193038,5
opossum,193023,5
ghibli,192992,5
tickles,192967,5
outdraw,192935,5
urbane,192915,5
lurkers,192843,5
sardine,192796,5
meshing,192755,5
stupor,192738,5
sexing,192729,5
unfiled,192688,5
aimless,192672,5
parfait,192636,5
flit,192601,5
oaten,192579,5
pleats,192575,5
accede,192573,5
measly,192537,5
cuddles,192458,5
sorters,192443,5
sangria,192384,5
turnips,192357,5
burbs,192323,5
zingy,192302,5
laker,192269,5
toho,192238,5
bahadur,192211,5
ower,192195,5
sextant,192186,5
stomped,192179,5
swampy,192143,5
toko,192140,5
wast,192122,5
donning,192083,5
durum,192040,5
planers,192032,5
lustful,191933,5
guano,191918,5
doms,191910,5
poz,191876,5
grandad,191866,5
rebuked,191859,5
elance,191834,5
buyouts,191799,5
phenols,191717,5
presage,191709,5
boars,191697,5
afore,191691,5
dour,191669,5
kegs,191654,5
nosy,191580,5
rade,191533,5
camisa,191507,5
soli,191428,5
tidying,191374,5
smokies,191367,5
maypole,191320,5
begat,191296,5
liftoff,191295,5
keir,191288,5
datura,191228,5
ule,191226,5
stably,191204,5
ripen,191197,5
lensing,191183,5
piglets,191137,5
cinq,191099,5
lifers,191062,5
mongers,191059,5
gibsons,191057,5
brawn,191036,5
wyn,190988,5
ouster,190969,5
greases,190961,5
aether,190931,5
laika,190917,5
pacts,190899,5
morgans,190862,5
boatman,190748,5
sardar,190718,5
woulda,190614,5
negates,190595,5
putts,190514,5
alls,190374,5
syncope,190277,5
freshen,190253,5
tugged,190233,5
outdone,190191,5
sternum,190180,5
iguanas,190133,5
detest,190119,5
hamming,190093,5
paraded,190039,5
cuatro,189974,5
stipe,189957,5
scapes,189877,5
inbuilt,189871,5
nipper,189790,5
whirled,189771,5
reclame,189748,5
dabs,189741,5
passim,189712,5
enlists,189701,5
posy,189674,5
jovial,189613,5
fugazi,189578,5
bagger,189540,5
nailers,189519,5
doody,189463,5
blaring,189416,5
engined,189386,5
meddle,189363,5
tomboy,189348,5
aliyah,189298,5
spooler,189285,5
heaping,189251,5
googles,189215,5
oration,189199,5
grunted,189198,5
benzoyl,189090,5
batts,189079,5
wampum,189071,5
sutras,189060,5
quine,188997,5
canard,188969,5
vite,188952,5
batched,188939,5
sunna,188874,5
posited,188828,5
winked,188798,5
rube,188724,5
flyby,188696,5
carn,188687,5
pennine,188627,5
wring,188579,5
fiestas,188568,5
bogue,188533,5
erst,188515,5
scurvy,188500,5
comodo,188486,5
wargame,188473,5
lehr,188451,5
wouldst,188397,5
stilt,188393,5
lenten,188382,5
coarser,188295,5
pavan,188282,5
markups,188281,5
ghee,188266,5
pattie,188218,5
gramps,188199,5
shimmy,188186,5
miz,188130,5
challis,188112,5
raws,188106,5
seeps,188076,5
aliquot,188075,5
bisson,188031,5
rueda,188021,5
outsell,188006,5
regains,187989,5
slims,187926,5
lessens,187911,5
vend,187884,5
warners,187837,5
faw,187818,5
taunts,187804,5
ripened,187719,5
madrona,187710,5
roped,187674,5
bani,187653,5
clang,187651,5
pivots,187625,5
bandsaw,187597,5
toenail,187584,5
glowed,187534,5
waltzes,187505,5
sunlit,187476,5
attests,187446,5
parched,187436,5
stanzas,187374,5
rigger,187373,5
tonsils,187310,5
djinn,187307,5
asexual,187294,5
gaggle,187271,5
coble,187245,5
orgia,187239,5
breese,187213,5
saris,187170,5
kindest,187118,5
lakin,187040,5
sistas,186982,5
bonnets,186967,5
paneled,186963,5
bared,186940,5
sciatic,186936,5
anta,186861,5
sheaths,186841,5
callow,186826,5
edicts,186791,5
jugular,186760,5
pimple,186745,5
humus,186734,5
bemused,186694,5
hacksaw,186683,5
bashed,186652,5
confide,186636,5
sweeten,186636,5
macaque,186614,5
abut,186583,5
tannin,186567,5
lauds,186539,5
palmers,186521,5
outcall,186482,5
chilies,186460,5
boughs,186455,5
spender,186438,5
dermis,186285,5
sprigs,186253,5
animes,186234,5
eons,186229,5
nookie,186149,5
luff,186032,5
stymie,186030,5
virago,186018,5
chicory,186015,5
subsoil,185994,5
thresh,185965,5
chablis,185934,5
pales,185911,5
unifies,185911,5
teat,185890,5
dais,185879,5
snooty,185869,5
elitism,185857,5
foetal,185854,5
helicon,185850,5
zep,185820,5
carwash,185785,5
hearken,185784,5
blain,185777,5
tachyon,185770,5
pinole,185710,5
felts,185685,5
braless,185684,5
patting,185657,5
mocs,185651,5
tykes,185622,5
congas,185608,5
niobium,185566,5
pith,185526,5
eaux,185513,5
solus,185496,5
gaff,185486,5
folie,185419,5
traumas,185406,5
frock,185379,5
kaboom,185350,5
biro,185336,5
doilies,185329,5
robbin,185324,5
dusters,185314,5
psyched,185303,5
fuming,185296,5
coppin,185275,5
chattel,185270,5
wrest,185267,5
gnosis,185242,5
powwow,185239,5
runic,185207,5
butlers,185183,5
framer,185115,5
paddled,185074,5
trisomy,185064,5
inkling,185057,5
vigils,185029,5
dented,185024,5
garcons,185016,5
abies,185002,5
shute,184885,5
timon,184883,5
mola,184879,5
ramblas,184872,5
arbutus,184865,5
pardee,184803,5
darting,184791,5
raunch,184790,5
copes,184788,5
tripper,184766,5
recto,184754,5
ashen,184747,5
chug,184716,5
blunted,184671,5
pushers,184656,5
maddock,184648,5
thiol,184641,5
snarl,184639,5
echt,184592,5
skewer,184586,5
pained,184584,5
looker,184565,5
ramjet,184565,5
laud,184546,5
buts,184535,5
mezz,184466,5
wos,184398,5
nub,184392,5
peddle,184369,5
goer,184361,5
phang,184350,5
limping,184268,5
contrat,184196,5
utters,184186,5
panned,184179,5
jann,184177,5
peed,183966,5
anionic,183950,5
faders,183919,5
archaea,183898,5
forages,183858,5
riffle,183850,5
volante,183829,5
noisily,183764,5
fluence,183756,5
weise,183705,5
fiz,183547,5
waned,183450,5
punky,183430,5
sulu,183395,5
pucker,183384,5
razzle,183318,5
wearers,183293,5
kemps,183278,5
finis,183173,5
beastly,183146,5
psst,183143,5
rishi,183120,5
letdown,183073,5
matrons,183071,5
brotha,183045,5
ghazal,183042,5
fah,182938,5
arcanum,182867,5
bods,182840,5
mose,182703,5
specks,182699,5
moti,182688,5
leggy,182670,5
solanum,182635,5
dere,182601,5
suntan,182600,5
kaolin,182555,5
halon,182546,5
buckler,182540,5
peal,182510,5
shazam,182501,5
fincas,182480,5
adroit,182395,5
belies,182354,5
flyover,182331,5
duckie,182251,5
nulls,182242,5
lorimer,182216,5
baas,182208,5
caved,182199,5
corns,182185,5
faring,182183,5
melding,182166,5
poopy,182153,5
pinkish,182141,5
blurted,182137,5
merited,182097,5
beatnik,182052,5
oolong,182052,5
repack,182046,5
udon,182038,5
shellac,181983,5
wushu,181964,5
datums,181958,5
helluva,181921,5
dados,181878,5
bocce,181807,5
amass,181774,5
effigy,181596,5
nott,181594,5
sheva,181594,5
miri,181585,5
bestest,181571,5
saloons,181503,5
meiotic,181495,5
shaves,181468,5
broach,181442,5
scuttle,181331,5
iliac,181298,5
arete,181243,5
rougher,181233,5
aliased,181204,5
techy,181185,5
aghast,181144,5
yas,181119,5
raiment,181107,5
spiky,181090,5
disused,181083,5
vetter,181071,5
stooped,181062,5
carbons,181056,5
bogan,181052,5
sumac,181045,5
dower,181025,5
ricin,181022,5
wordy,180947,5
reheat,180925,5
kif,180922,5
molt,180871,5
coir,180860,5
bolting,180812,5
fixated,180805,5
skelter,180786,5
reeks,180768,5
forgave,180759,5
cors,180519,5
bogie,180493,5
roading,180479,5
apso,180454,5
biomes,180453,5
jaunt,180434,5
wallow,180353,5
anally,180344,5
agers,180316,5
cereus,180201,5
homeric,180188,5
atma,180157,5
biplane,180085,5
brunet,180059,5
spier,180057,5
barrens,180036,5
lifeway,180012,5
wifey,179979,5
cubits,179927,5
outlast,179907,5
frothy,179872,5
ummah,179861,5
kook,179854,5
bigg,179743,5
geckos,179731,5
dangles,179559,5
biller,179554,5
lolz,179525,5
rares,179474,5
bagh,179421,5
adduced,179408,5
oleic,179394,5
nobs,179343,5
mangle,179307,5
alludes,179288,5
onesie,179243,5
footie,179193,5
lectins,179120,5
shined,179120,5
precis,179117,5
realign,179060,5
dalle,178986,5
rapped,178981,5
nigella,178980,5
octyl,178952,5
dearing,178924,5
tailing,178923,5
imams,178887,5
walkout,178876,5
hurray,178854,5
tensors,178811,5
freon,178783,5
dicky,178722,5
amoral,178691,5
hoppy,178655,5
pharynx,178645,5
limbic,178571,5
oedema,178570,5
dishing,178563,5
gorse,178549,5
louse,178544,5
burro,178515,5
majlis,178461,5
fons,178451,5
vespers,178450,5
lobelia,178436,5
belleek,178422,5
vats,178420,5
urchins,178416,5
kinesis,178393,5
flexed,178374,5
ileum,178356,5
bassi,178307,5
implore,178285,5
kindle,178220,5
pricks,178211,5
roker,178208,5
emption,178186,5
viator,178181,5
tithes,178175,5
dragnet,178136,5
sipped,178126,5
hedonic,178108,5
trod,178038,5
coff,178026,5
betcha,177998,5
rodeos,177996,5
wans,177949,5
ordo,177916,5
rima,177889,5
vivace,177865,5
mals,177851,5
milked,177843,5
doucet,177791,5
kameez,177790,5
scoff,177728,5
nape,177716,5
stater,177675,5
domine,177626,5
sluice,177575,5
rundle,177570,5
maser,177541,5
musky,177529,5
mangoes,177518,5
furor,177433,5
lancing,177427,5
craves,177364,5
soiree,177346,5
bhavan,177340,5
enslave,177289,5
grimly,177227,5
espouse,177210,5
oomph,177199,5
casks,177165,5
cogito,177151,5
cabled,177147,5
spongy,177129,5
monger,177097,5
storer,177096,5
ricker,177019,5
sumpter,176894,5
pinder,176859,5
wader,176850,5
hols,176817,5
sixes,176765,5
subarea,176688,5
bitters,176664,5
dirhams,176664,5
trem,176617,5
avarice,176609,5
nong,176568,5
yuko,176564,5
hanuman,176532,5
rustle,176503,5
exciter,176455,5
flexo,176393,5
airgun,176390,5
thrips,176331,5
rost,176308,5
carnet,176283,5
frere,176281,5
pilcher,176256,5
bezels,176231,5
insipid,176224,5
biasing,176218,5
reh,176194,5
holiest,176158,5
vainly,176085,5
compote,176079,5
tikka,176038,5
blatt,176015,5
pansies,176007,5
acceded,176005,5
dregs,175993,5
millage,175950,5
foresaw,175866,5
anker,175826,5
malign,175821,5
udder,175766,5
oye,175728,5
muggle,175711,5
hunched,175656,5
buzzed,175653,5
telecon,175651,5
pickets,175642,5
soothed,175609,5
finfish,175595,5
vins,175578,5
floured,175469,5
herders,175374,5
pinner,175353,5
pueblos,175351,5
snead,175337,5
tenable,175251,5
asana,175243,5
jumbled,175236,5
pembina,175208,5
leva,175180,5
scolded,175152,5
fetters,175123,5
tokamak,175116,5
indole,175083,5
sewed,175012,5
tup,174992,5
eluted,174968,5
tushy,174958,5
samadhi,174937,5
crofts,174922,5
silesia,174895,5
tipster,174859,5
monopod,174847,5
rubel,174810,5
tercel,174792,5
diluent,174738,5
redden,174735,5
pinatas,174732,5
fizzle,174728,5
gae,174695,5
sobbed,174690,5
omnium,174671,5
syphon,174667,5
sagrada,174605,5
surest,174605,5
bribed,174593,5
bopper,174590,5
diddle,174549,5
malts,174495,5
brights,174494,5
weft,174467,5
scammer,174456,5
sabra,174408,5
dort,174378,5
phon,174374,5
dern,174370,5
perron,174359,5
pestle,174357,5
falsity,174355,5
sapling,174341,5
elapse,174321,5
faunal,174295,5
biome,174268,5
goring,174248,5
plinth,174224,5
echos,174213,5
teds,174198,5
baboons,174164,5
scull,174118,5
albe,174116,5
propels,174006,5
buccal,173992,5
flume,173970,5
marra,173885,5
mooted,173876,5
manas,173858,5
tweens,173856,5
jittery,173845,5
concha,173835,5
enemas,173818,5
bakes,173816,5
coulda,173770,5
pacha,173750,5
aedes,173718,5
flim,173712,5
lase,173707,5
navies,173707,5
hafiz,173633,5
atman,173626,5
goos,173581,5
izzard,173581,5
pinker,173576,5
rungs,173503,5
ngai,173482,5
lytic,173474,5
godlike,173441,5
seely,173389,5
gers,173378,5
webchat,173355,5
edger,173335,5
rotted,173236,5
bhai,173225,5
naik,173151,5
pwn,173122,5
unblock,173106,5
elvish,173086,5
garni,173084,5
littles,173063,5
gins,173039,5
abbots,173035,5
redeye,173029,5
mamba,173027,5
pela,172981,5
dogmas,172922,5
bailing,172868,5
renames,172794,5
brutish,172755,5
trill,172713,5
extrema,172702,5
parms,172667,5
waddle,172611,5
gridded,172600,5
poudre,172558,5
disband,172544,5
borax,172497,5
debunk,172459,5
reek,172458,5
wets,172457,5
joyride,172436,5
kier,172430,5
megabit,172429,5
hearers,172424,5
availed,172402,5
kame,172387,5
damsels,172302,5
sashimi,172297,5
crummy,172255,5
morsels,172247,5
snicker,172224,5
ghettos,172198,5
barras,172164,5
wimps,172107,5
goatee,172102,5
baited,172052,5
chana,172039,5
veined,171986,5
coped,171985,5
kens,171956,5
fubar,171893,5
lingle,171835,5
aerated,171776,5
boldest,171764,5
impound,171737,5
vesper,171654,5
luzern,171648,5
unsaved,171645,5
chiao,171626,5
parapet,171598,5
dogfish,171593,5
duelist,171591,5
filles,171572,5
ferrum,171564,5
lowed,171464,5
usurp,171456,5
recheck,171445,5
staph,171410,5
chubs,171399,5
galax,171399,5
apatite,171357,5
aggro,171343,5
moria,171320,5
proofed,171310,5
seiner,171282,5
glosses,171267,5
fronds,171251,5
swapper,171178,5
beeping,171157,5
perp,171143,5
gilly,171141,5
pomo,171136,5
airless,171134,5
lipa,171109,5
fletch,171107,5
nieves,171024,5
cyborgs,171016,5
weet,170992,5
naively,170990,5
foxing,170946,5
cleaves,170928,5
enamels,170923,5
fillies,170922,5
boma,170919,5
kapok,170880,5
consol,170868,5
huss,170858,5
linemen,170842,5
seps,170829,5
cremona,170732,5
afflict,170683,5
ceilidh,170674,5
thusly,170647,5
adducts,170627,5
crags,170586,5
bodes,170580,5
brack,170564,5
stints,170549,5
sicker,170541,5
supe,170527,5
doubler,170522,5
mimicry,170487,5
hums,170471,5
homed,170394,5
carper,170352,5
aua,170295,5
winced,170289,5
vacs,170286,5
ludo,170239,5
gaffer,170229,5
perigee,170224,5
tates,170224,5
trotted,170213,5
scold,170208,5
amrita,170194,5
dewan,170178,5
tress,170140,5
vaunted,170125,5
astride,170109,5
alcazar,170104,5
nostro,170102,5
glitzy,170067,5
bung,170001,5
ordain,169969,5
uhuru,169967,5
pika,169966,5
chinois,169962,5
rapt,169929,5
folia,169908,5
sawed,169894,5
receded,169882,5
halters,169858,5
sedate,169814,5
drow,169755,5
mung,169740,5
impinge,169680,5
genteel,169665,5
coombe,169664,5
engulf,169646,5
normans,169489,5
speeder,169468,5
frilly,169453,5
theists,169419,5
toiling,169395,5
defame,169287,5
airhead,169272,5
stadia,169253,5
gobo,169238,5
croak,169181,5
abhor,169167,5
voiding,169142,5
spurts,169129,5
cubist,169125,5
peart,169113,5
collies,169080,5
uds,169064,5
reman,169056,5
dopey,169040,5
bijoux,168971,5
coolly,168822,5
triads,168799,5
tweet,168757,5
cannula,168742,5
gramma,168722,5
leery,168700,5
bish,168667,5
betaine,168642,5
gravure,168637,5
prosody,168580,5
verry,168580,5
rowed,168567,5
imma,168532,5
elfin,168528,5
punchy,168498,5
emote,168497,5
ingots,168494,5
bloggy,168472,5
ridding,168462,5
skunks,168456,5
janata,168452,5
troppo,168383,5
pinhead,168370,5
meads,168366,5
exhaled,168362,5
otic,168347,5
loupe,168244,5
snipped,168232,5
sextile,168222,5
jumpy,168187,5
jiggle,168185,5
rioters,168140,5
duffels,168113,5
amperes,168057,5
poons,168046,5
citable,168041,5
girders,167998,5
wasters,167966,5
arabica,167929,5
pylons,167925,5
leet,167864,5
dextran,167762,5
bidets,167737,5
cookout,167711,5
noggin,167642,5
sharers,167632,5
frags,167627,5
anns,167600,5
labeler,167576,5
daypack,167566,5
dipoles,167546,5
guarana,167528,5
skated,167502,5
testy,167487,5
berets,167414,5
barbies,167390,5
brewpub,167384,5
mortise,167338,5
pees,167310,5
tallis,167309,5
icebox,167291,5
scouter,167272,5
gaggers,167268,5
sleuths,167253,5
gonadal,167207,5
stymied,167178,5
muskrat,167121,5
wem,167047,5
caiman,166982,5
mumbles,166947,5
brained,166905,5
pasts,166896,5
tuneup,166896,5
tempura,166884,5
peonies,166802,5
kersey,166778,5
taxman,166762,5
rasp,166753,5
seeders,166733,5
queenie,166678,5
stealer,166562,5
loach,166557,5
preppy,166548,5
offhand,166521,5
suncare,166449,5
bashful,166436,5
doze,166407,5
infix,166395,5
sailers,166349,5
absolve,166260,5
moyle,166237,5
barkers,166211,5
purples,166180,5
chowk,166142,5
kinsmen,166133,5
lier,166127,5
taw,166123,5
webbed,166113,5
wonk,166107,5
morello,166084,5
tats,166084,5
baur,166080,5
liras,166076,5
geode,166060,5
gingko,165974,5
welk,165970,5
pimping,165964,5
uracil,165939,5
tanh,165934,5
raku,165926,5
doen,165911,5
tacitly,165894,5
shul,165885,5
dint,165880,5
sawfish,165811,5
mistook,165720,5
zipping,165703,5
meshed,165691,5
anyhoo,165685,5
exhumed,165673,5
minim,165667,5
nicked,165643,5
infante,165598,5
tacho,165560,5
puls,165539,5
riven,165533,5
subzero,165510,5
yob,165494,5
fetter,165490,5
jeers,165473,5
soaks,165469,5
jarred,165456,5
baloney,165285,5
wawa,165242,5
lidded,165237,5
attics,165166,5
omelets,165123,5
kurta,165096,5
hermits,165029,5
gullies,165003,5
fajitas,164955,5
falafel,164929,5
whopper,164928,5
kamik,164880,5
pothole,164839,5
qubits,164832,5
morsel,164800,5
felines,164749,5
shonen,164744,5
pizzazz,164714,5
sneed,164701,5
gaddis,164688,5
hegemon,164650,5
ethinyl,164634,5
snobs,164598,5
yuppies,164546,5
bocca,164468,5
taxol,164459,5
dicta,164449,5
gambas,164359,5
fice,164338,5
thruway,164300,5
banksia,164292,5
ells,164255,5
cussed,164226,5
evaded,164225,5
clink,164177,5
spork,164168,5
reenact,164130,5
vender,164079,5
kab,164075,5
bouche,164018,5
binks,163972,5
jetting,163970,5
felting,163953,5
gape,163934,5
injects,163899,5
thingie,163877,5
nodular,163873,5
juicing,163778,5
shir,163769,5
veloce,163746,5
plantas,163728,5
weirs,163720,5
whigs,163720,5
shill,163716,5
fems,163612,5
aplenty,163607,5
deeded,163603,5
titian,163589,5
bossy,163576,5
epitaxy,163502,5
cynics,163499,5
arras,163483,5
dither,163451,5
fathoms,163442,5
opes,163389,5
physic,163375,5
nuptial,163369,5
externe,163330,5
daphnia,163323,5
bulbous,163322,5
whist,163310,5
hwan,163285,5
marae,163277,5
expound,163271,5
nain,163247,5
cott,163217,5
chanced,163208,5
lockbox,163166,5
comfrey,163151,5
sayid,163143,5
milkman,163134,5
inexact,163122,5
polder,163116,5
eidolon,163105,5
blam,163090,5
ketch,163062,5
dopa,163060,5
codify,163059,5
adores,163046,5
samoyed,163037,5
stearic,163029,5
tik,163018,5
aground,163017,5
dobie,162980,5
redwing,162919,5
sinning,162869,5
moselle,162827,5
gnawing,162818,5
mucking,162818,5
gasser,162810,5
crudely,162784,5
boucle,162772,5
ciliary,162765,5
bicep,162754,5
profuse,162721,5
gane,162702,5
couched,162681,5
maroons,162681,5
bestows,162676,5
rickets,162663,5
pullers,162662,5
costed,162661,5
sone,162637,5
wows,162592,5
softs,162553,5
blesses,162547,5
dure,162535,5
lunes,162527,5
tali,162490,5
dural,162445,5
lapin,162426,5
vasa,162380,5
manes,162340,5
swart,162262,5
screed,162227,5
eschew,162226,5
vanda,162215,5
burdock,162195,5
coit,162174,5
swifts,162146,5
scherzo,162138,5
sers,162133,5
weald,162053,5
romaji,161978,5
dicey,161963,5
hocus,161938,5
pierrot,161928,5
gloved,161839,5
bete,161820,5
dodges,161805,5
hotness,161805,5
dowdy,161797,5
decadal,161785,5
cheviot,161732,5
muzak,161682,5
coranto,161644,5
finery,161631,5
rials,161604,5
dibble,161578,5
lindane,161558,5
brasher,161523,5
daybeds,161502,5
yate,161473,5
bacco,161419,5
tanners,161397,5
stoops,161396,5
dungy,161356,5
sofabed,161263,5
spurge,161263,5
dilly,161256,5
workup,161248,5
allude,161242,5
moly,161233,5
gamba,161217,5
netsuke,161201,5
folky,161177,5
prost,161175,5
rooibos,161173,5
courted,161147,5
linney,161138,5
scuffs,161132,5
dobby,161122,5
stuns,161099,5
geekery,161092,5
exacta,161059,5
vowing,161040,5
uveitis,161024,5
krantz,161004,5
plying,161002,5
earmark,160978,5
conker,160972,5
cuvee,160890,5
enliven,160888,5
sumi,160872,5
graven,160845,5
craved,160836,5
fracas,160789,5
envelop,160788,5
dustbin,160768,5
jetted,160725,5
cheapo,160717,5
sikes,160692,5
bawdy,160667,5
bole,160649,5
corvus,160582,5
stamens,160562,5
launder,160535,5
celled,160497,5
aerator,160391,5
boomed,160379,5
basmati,160350,5
vulvar,160338,5
beaut,160328,5
joust,160309,5
grander,160286,5
weedy,160228,5
sacra,160174,5
grope,160148,5
hooter,160136,5
yantra,160124,5
shacks,160123,5
booed,160116,5
craw,160103,5
pimped,160095,5
airdate,160089,5
unica,159995,5
jailer,159969,5
chara,159940,5
gladden,159866,5
tuft,159856,5
ghast,159837,5
braved,159821,5
hoodoo,159767,5
prions,159762,5
geysers,159757,5
estrus,159732,5
afoul,159727,5
sefer,159719,5
labret,159643,5
usurped,159601,5
hames,159559,5
inkwell,159547,5
ersatz,159432,5
hance,159430,5
xylitol,159430,5
tillers,159387,5
toft,159379,5
uridine,159298,5
kudo,159243,5
ology,159238,5
altho,159231,5
tams,159228,5
blest,159216,5
mesas,159214,5
dele,159192,5
kori,159174,5
menial,159164,5
clayey,159159,5
sures,159115,5
rumped,159061,5
dutiful,159034,5
ony,159012,5
unquote,158947,5
karo,158946,5
filtre,158935,5
flinch,158928,5
pasties,158919,5
despot,158891,5
buggers,158859,5
affaire,158856,5
koalas,158801,5
privet,158777,5
rast,158764,5
planed,158702,5
flam,158679,5
rupiahs,158672,5
flexor,158647,5
raffia,158608,5
kipper,158581,5
begone,158519,5
feuds,158477,5
taiko,158469,5
nibs,158456,5
toque,158397,5
gauchos,158385,5
suiter,158385,5
distill,158380,5
warbird,158350,5
leptons,158344,5
primi,158292,5
milks,158281,5
arcmin,158279,5
hiver,158244,5
wey,158167,5
radiata,158164,5
tains,158156,5
bigwig,158102,5
nunnery,158084,5
emailer,158081,5
supers,158078,5
paren,158052,5
epoxies,158044,5
vali,158032,5
cryer,158006,5
simul,158003,5
jiffies,157998,5
clatter,157981,5
sunstar,157844,5
ails,157786,5
beamish,157769,5
trefoil,157758,5
riptide,157756,5
sey,157715,5
cilia,157701,5
vapours,157676,5
gorp,157641,5
buna,157626,5
quinte,157594,5
minette,157582,5
jaycees,157575,5
onesies,157562,5
firings,157544,5
quipped,157540,5
pinon,157507,5
speckle,157495,5
soba,157484,5
snotty,157481,5
remiss,157475,5
cossack,157383,5
hox,157380,5
wassup,157358,5
genny,157335,5
sultana,157333,5
oilily,157320,5
torte,157289,5
topsail,157270,5
cued,157219,5
modicum,157191,5
slob,157183,5
mutuel,157155,5
ureter,157112,5
rajah,157089,5
steppes,157074,5
derided,157058,5
birder,157057,5
felted,157048,5
vocally,157048,5
retrial,157041,5
seeping,157041,5
flotsam,157013,5
maire,156974,5
outed,156963,5
fasted,156941,5
eunuch,156930,5
hummers,156920,5
comal,156852,5
readied,156847,5
puy,156812,5
dicker,156805,5
gazes,156793,5
antacid,156763,5
twats,156751,5
jefe,156693,5
peppy,156692,5
stashed,156641,5
ansa,156638,5
costar,156576,5
hadden,156555,5
unmoved,156544,5
stunner,156537,5
fancier,156511,5
glum,156511,5
roomie,156501,5
gumtree,156487,5
anyones,156456,5
areola,156437,5
sabe,156418,5
loess,156409,5
harish,156395,5
humic,156383,5
sulky,156355,5
hangars,156311,5
skyward,156306,5
woeful,156304,5
shafter,156276,5
grund,156242,5
heroics,156239,5
egger,156232,5
sylva,156204,5
droop,156194,5
tithing,156128,5
waded,156095,5
indict,156085,5
carven,156002,5
bonnes,155973,5
wus,155955,5
gerbils,155948,5
speeded,155947,5
slicks,155938,5
nester,155912,5
outgrow,155882,5
medigap,155876,5
hearer,155868,5
awakes,155842,5
cuppa,155780,5
zit,155748,5
flaking,155716,5
probity,155711,5
liane,155704,5
grubs,155690,5
kop,155643,5
affable,155590,5
pousada,155530,5
stepney,155511,5
affy,155504,5
pinnock,155491,5
flail,155382,5
molars,155360,5
eland,155343,5
pook,155273,5
ardor,155258,5
sterols,155214,5
missive,155213,5
tinny,155192,5
serovar,155188,5
ascends,155183,5
sexed,155161,5
cummed,155145,5
favicon,155106,5
loafing,155087,5
talus,155055,5
foibles,155013,5
cose,155006,5
dures,155000,5
choses,154990,5
jobber,154934,5
flabby,154911,5
slurred,154890,5
apace,154873,5
loral,154870,5
stepson,154845,5
anorak,154835,5
carob,154818,5
bulwark,154812,5
sheltie,154810,5
mangold,154797,5
andro,154794,5
beefed,154769,5
stringy,154732,5
auxin,154606,5
heaved,154596,5
churned,154553,5
pyne,154539,5
ironies,154533,5
boric,154527,5
tribals,154486,5
dappled,154476,5
gallic,154472,5
phobic,154464,5
tubule,154450,5
kayo,154447,5
azaleas,154434,5
tacking,154404,5
feigned,154380,5
queso,154373,5
dross,154345,5
doge,154318,5
lill,154286,5
yucky,154277,5
recurs,154276,5
dripped,154273,5
refuel,154235,5
epicure,154227,5
spiers,154201,5
sorbent,154192,5
levity,154149,5
lurex,154129,5
speller,154122,5
sierras,154089,5
tamales,154085,5
hauls,154079,5
novum,154066,5
imperia,154051,5
tussle,154015,5
reamer,153931,5
gren,153921,5
lunas,153893,5
dorky,153891,5
satsuma,153888,5
hems,153874,5
dervish,153858,5
baler,153800,5
kaon,153800,5
tempos,153785,5
wilted,153782,5
egal,153768,5
conned,153760,5
tangram,153749,5
tinfoil,153732,5
divs,153729,5
hoodlum,153729,5
skybox,153721,5
chelate,153715,5
mutes,153707,5
midyear,153676,5
outwit,153676,5
serf,153620,5
subtask,153618,5
caple,153600,5
buries,153598,5
boozer,153589,5
revamps,153586,5
phlegm,153580,5
signor,153580,5
petar,153561,5
paddler,153552,5
scruff,153549,5
flanker,153548,5
rhyne,153532,5
nudged,153475,5
dwarfed,153380,5
kooky,153380,5
asters,153326,5
stanze,153304,5
boxy,153294,5
moonset,153256,5
tawas,153252,5
bundt,153250,5
deform,153220,5
umwelt,153211,5
frosts,153163,5
ipecac,153160,5
ached,153141,5
defile,153123,5
xylem,153110,5
debrief,153096,5
reales,153096,5
ribbing,153080,5
cigs,153018,5
pallid,152974,5
luma,152966,5
borzoi,152926,5
atone,152901,5
valse,152885,5
douce,152874,5
diddley,152871,5
cornel,152815,5
cesses,152793,5
paler,152772,5
cuter,152750,5
lozenge,152717,5
woks,152707,5
scarier,152677,5
vav,152644,5
topside,152631,5
offing,152619,5
infest,152559,5
dampier,152557,5
crikey,152531,5
hardens,152522,5
frisk,152512,5
oiler,152495,5
paroled,152492,5
imagers,152485,5
tonics,152466,5
uniques,152425,5
booger,152380,5
milage,152370,5
obliges,152360,5
honcho,152263,5
cella,152229,5
braai,152198,5
emeriti,152190,5
courtly,152172,5
shura,152118,5
rax,152108,5
kampong,152082,5
pumas,152053,5
empt,152038,5
phallic,152004,5
serres,151989,5
pois,151967,5
pigweed,151954,5
shofar,151916,5
taunted,151906,5
hued,151863,5
tela,151850,5
jeffs,151846,5
bubbled,151802,5
soloing,151776,5
sieves,151738,5
cordage,151707,5
hobbled,151704,5
cresta,151684,5
loath,151677,5
nightie,151653,5
remap,151596,5
vexing,151593,5
longa,151573,5
neves,151558,5
topline,151554,5
piquet,151531,5
bindi,151524,5
casbah,151516,5
arcos,151492,5
jesters,151488,5
tutored,151444,5
leftism,151432,5
exult,151420,5
misting,151420,5
claps,151414,5
boobie,151386,5
seraph,151382,5
sarongs,151364,5
kebabs,151363,5
thymic,151351,5
ammons,151247,5
hoar,151247,5
aileron,151178,5
rebuffs,151141,5
pipet,151087,5
sputter,151052,5
handily,151026,5
tav,151025,5
jiao,151005,5
presale,150992,5
nomen,150990,5
shoppes,150932,5
dicked,150900,5
blat,150861,5
baptize,150859,5
wab,150852,5
panicum,150822,5
scampi,150813,5
relaxer,150702,5
nother,150697,5
plucky,150671,5
horning,150661,5
loggia,150659,5
untidy,150659,5
feh,150650,5
baobab,150643,5
subsist,150579,5
nutters,150540,5
duan,150509,5
leve,150496,5
scarfs,150496,5
huma,150473,5
tablas,150463,5
beagles,150433,5
sundeck,150392,5
rubus,150384,5
gomer,150383,5
growls,150348,5
saucier,150326,5
sported,150321,5
quaking,150320,5
spews,150306,5
galas,150294,5
aiga,150291,5
nuclide,150281,5
vetch,150281,5
minish,150265,5
riskier,150257,5
fiqh,150229,5
carrs,150212,5
preggy,150206,5
goiter,150198,5
mentee,150112,5
animism,150110,5
stiffen,150096,5
louvers,150056,5
showman,150032,5
harmer,150000,5
witchy,149982,5
oiling,149956,5
aspired,149900,5
runnels,149896,5
plantae,149837,5
pettis,149816,5
skelly,149793,5
noma,149777,5
saluki,149771,5
stour,149756,5
toyed,149746,5
extol,149713,5
tonks,149678,5
seawall,149640,5
curlers,149629,5
spewed,149547,5
amanita,149544,5
jamb,149543,5
knave,149542,5
solider,149535,5
toybox,149528,5
croup,149483,5
gusting,149441,5
quintin,149431,5
disuse,149425,5
leveler,149419,5
reeled,149417,5
balling,149413,5
layover,149403,5
quire,149380,5
goeth,149310,5
brags,149273,5
unmount,149269,5
oppo,149214,5
garish,149208,5
waw,149208,5
campana,149207,5
baronet,149150,5
atresia,149139,5
bails,149105,5
turnoff,149097,5
airlock,149042,5
moats,149042,5
scoffed,149026,5
dirks,148968,5
snarled,148961,5
rads,148911,5
knowhow,148908,5
regulus,148901,5
whys,148895,5
premade,148857,5
stroma,148831,5
languid,148753,5
reviled,148744,5
starkly,148700,5
ratty,148678,5
kawaii,148551,5
fiddles,148530,5
fens,148513,5
pilaf,148512,5
fogging,148479,5
gilding,148460,5
twining,148441,5
sickest,148421,5
scree,148396,5
lamer,148317,5
outland,148316,5
phrasal,148306,5
sigmoid,148267,5
gaiety,148256,5
acolyte,148254,5
azonic,148241,5
cads,148201,5
cerise,148200,5
aeolian,148156,5
gunny,148136,5
lave,148131,5
frowns,148086,5
trie,148083,5
phoney,148042,5
sedated,148017,5
alphas,148005,5
bunce,147990,5
antic,147936,5
abed,147933,5
kennet,147927,5
nubile,147922,5
sadder,147911,5
hirer,147904,5
ravage,147903,5
uncool,147892,5
mugged,147875,5
dentin,147869,5
fowls,147855,5
gaskin,147818,5
coons,147809,5
dhimmi,147793,5
aisling,147786,5
berms,147739,5
dosh,147707,5
nudie,147669,5
cush,147624,5
peeked,147575,5
obviate,147559,5
zakat,147546,5
juster,147544,5
leman,147542,5
gaging,147527,5
getters,147514,5
genom,147512,5
puntos,147502,5
primero,147484,5
labile,147473,5
cushy,147465,5
trompe,147425,5
gie,147404,5
ansatz,147363,5
wilding,147320,5
husks,147291,5
beckon,147231,5
raved,147221,5
grappa,147203,5
redrawn,147193,5
chay,147152,5
reaps,147148,5
delish,147103,5
lanolin,147085,5
cees,147054,5
recut,146984,5
dabble,146962,5
cesta,146961,5
montre,146937,5
tonner,146923,5
shat,146920,5
baubles,146918,5
dows,146889,5
taras,146878,5
scrim,146877,5
bacilli,146838,5
gilts,146810,5
buttes,146778,5
kep,146721,5
tasso,146716,5
chitin,146693,5
crimper,146681,5
nihil,146679,5
ovine,146663,5
crucify,146650,5
unsaid,146625,5
mirador,146591,5
cassino,146576,5
untie,146576,5
vizsla,146533,5
maleate,146531,5
sny,146529,5
girt,146514,5
annul,146490,5
lanky,146488,5
vises,146483,5
reaves,146482,5
blushes,146460,5
shewed,146448,5
pregame,146447,5
outdo,146433,5
bodhi,146406,5
axially,146396,5
truant,146395,5
emirate,146303,5
ermine,146290,5
shales,146277,5
swiped,146228,5
gaijin,146184,5
tunings,146115,5
wiccans,146089,5
dorks,146028,5
sout,146028,5
stich,146019,5
sukkot,145967,5
morbus,145964,5
barro,145814,5
mammy,145805,5
beaks,145800,5
ikebana,145797,5
organon,145793,5
hexes,145736,5
forb,145707,5
bittern,145663,5
banns,145651,5
ennui,145576,5
abetted,145570,5
daystar,145570,5
drome,145557,5
outpace,145442,5
daywear,145412,5
tolley,145410,5
purer,145370,5
kade,145347,5
revving,145329,5
exigent,145324,5
squids,145323,5
meses,145293,5
premia,145248,5
deadpan,145228,5
zeroed,145184,5
sneaked,145176,5
drowns,145168,5
onload,145129,5
trave,145105,5
porgy,145097,5
swales,145092,5
colas,145079,5
midcap,145035,5
fanboys,145015,5
flours,145002,5
squalor,144986,5
bulking,144922,5
caddis,144907,5
chaplet,144906,5
narrate,144896,5
legwork,144868,5
ebon,144863,5
perse,144844,5
bleat,144793,5
nek,144783,5
coops,144776,5
gleamed,144737,5
steeds,144722,5
reroute,144691,5
airpark,144659,5
thins,144657,5
quashed,144629,5
comport,144624,5
waster,144619,5
overdo,144613,5
pappy,144540,5
tanka,144512,5
deeming,144467,5
maslin,144441,5
flaccid,144435,5
driers,144423,5
putrid,144368,5
prodded,144338,5
verges,144316,5
fasts,144307,5
sterner,144301,5
juve,144240,5
womanly,144227,5
ures,144193,5
cooter,144191,5
mayest,144174,5
chorizo,144169,5
outwith,144163,5
ridged,144115,5
fash,144092,5
ruts,144081,5
fibroid,144069,5
dimpled,144016,5
massing,144009,5
ulan,143996,5
arvo,143969,5
grimace,143905,5
bribing,143901,5
comping,143891,5
adders,143890,5
bridles,143845,5
pannier,143817,5
virions,143808,5
parotid,143807,5
chuckie,143796,5
pilling,143780,5
comely,143779,5
prow,143778,5
sprig,143773,5
asci,143772,5
suss,143769,5
chagas,143758,5
bistros,143753,5
ovate,143727,5
tinea,143689,5
blanked,143684,5
puking,143677,5
swarmed,143677,5
wields,143668,5
scad,143627,5
danio,143619,5
tellus,143618,5
shafted,143611,5
dace,143563,5
cradled,143553,5
dreads,143549,5
trolled,143513,5
pander,143511,5
totems,143467,5
bracks,143433,5
basting,143414,5
riyals,143388,5
pissy,143366,5
sella,143359,5
kawa,143303,5
inducer,143301,5
merrier,143301,5
simples,143298,5
nobler,143270,5
edh,143226,5
howled,143213,5
gullet,143186,5
vegetal,143158,5
chrism,143126,5
bedell,143120,5
cicely,143102,5
aubade,143096,5
cabbie,143093,5
mimetic,143090,5
catsuit,143087,5
estrin,143062,5
vetoes,143060,5
menses,143058,5
satcom,142990,5
rubbery,142985,5
azione,142984,5
dally,142954,5
spooked,142926,5
crewman,142909,5
wags,142899,5
settlor,142868,5
airbase,142839,5
soler,142747,5
ponents,142706,5
dobbin,142688,5
henny,142676,5
maim,142672,5
riz,142670,5
redbird,142668,5
menge,142639,5
fraktur,142634,5
cochlea,142624,5
innards,142624,5
cobweb,142610,5
sati,142564,5
spica,142550,5
duces,142487,5
cadeau,142477,5
biotics,142465,5
tings,142437,5
linky,142416,5
avocet,142385,5
cobbs,142352,5
barolo,142349,5
gassed,142328,5
marabou,142317,5
shorn,142311,5
whoring,142295,5
acetal,142276,5
typhus,142268,5
gassing,142256,5
welter,142242,5
lande,142236,5
leat,142229,5
brushy,142147,5
haram,142104,5
clow,142094,5
jebel,142078,5
sulfite,142043,5
orals,141983,5
pudsey,141967,5
exude,141931,5
rending,141924,5
consign,141897,5
mantles,141888,5
valuer,141872,5
breccia,141823,5
biogen,141798,5
supremo,141780,5
fugu,141755,5
zapped,141745,5
honking,141742,5
crazies,141727,5
gamin,141727,5
surfs,141721,5
gapping,141706,5
jiggy,141701,5
cahoot,141653,5
zinger,141653,5
corder,141636,5
candids,141616,5
amble,141586,5
fiver,141567,5
fava,141563,5
halides,141549,5
teel,141544,5
purges,141536,5
chunked,141530,5
uptempo,141518,5
halving,141515,5
sowers,141502,5
aurum,141480,5
groggy,141431,5
dander,141419,5
madmen,141408,5
shelve,141404,5
wheaten,141394,5
arugula,141382,5
shand,141332,5
faggots,141328,5
pooper,141325,5
ducal,141276,5
dyadic,141274,5
muti,141264,5
epoxide,141202,5
tedium,141188,5
bolden,141186,5
tribble,141156,5
baddest,141155,5
sooth,141125,5
malling,141117,5
miffed,141073,5
ramped,141072,5
lasagne,141055,5
sirdar,141055,5
airguns,141037,5
latrine,141031,5
flyback,141028,5
knifes,141010,5
tweezer,140995,5
gulping,140981,5
beeline,140973,5
aider,140957,5
gametes,140935,5
lyte,140908,5
subhead,140860,5
militar,140838,5
servile,140819,5
pintail,140810,5
kudu,140797,5
benzoic,140792,5
aper,140786,5
rickety,140776,5
secondo,140748,5
panzers,140707,5
hamed,140687,5
prosaic,140662,5
kilter,140643,5
diadem,140642,5
tush,140632,5
outa,140628,5
anoxic,140618,5
bhawan,140602,5
flory,140569,5
tittle,140564,5
obsess,140562,5
campi,140537,5
trou,140536,5
nannie,140516,5
bimodal,140504,5
slee,140498,5
taxiway,140496,5
snubbed,140455,5
cumbia,140443,5
humerus,140442,5
obis,140430,5
poling,140400,5
revolts,140358,5
espy,140341,5
rums,140303,5
hallow,140253,5
wharves,140252,5
jeon,140251,5
tuxes,140219,5
nout,140183,5
homeboy,140166,5
deke,140143,5
sashes,140135,5
whined,140135,5
sabot,140101,5
assail,140077,5
tensed,140051,5
maduros,140024,5
rohe,140016,5
aros,139992,5
kerning,139939,5
bruiser,139932,5
tipi,139893,5
posies,139890,5
ceiba,139880,5
curs,139859,5
stowage,139854,5
contras,139818,5
glamor,139797,5
zits,139789,5
scram,139774,5
chon,139675,5
screamo,139640,5
wali,139636,5
trunked,139557,5
spurned,139546,5
percale,139544,5
jawed,139535,5
bottega,139504,5
abraxas,139490,5
ulnar,139384,5
lome,139383,5
viscera,139343,5
lobed,139319,5
smirked,139315,5
madder,139288,5
unscrew,139259,5
vagus,139242,5
bronzed,139226,5
basenji,139212,5
yogic,139187,5
markman,139171,5
grimy,139160,5
gak,139155,5
caca,139113,5
gobbles,139079,5
panton,139079,5
karn,139048,5
dumbing,139012,5
mook,138961,5
vestas,138947,5
bringer,138928,5
casita,138909,5
demic,138873,5
gunk,138861,5
wettest,138827,5
pidgeon,138809,5
conners,138768,5
virion,138756,5
odonata,138709,5
niner,138699,5
brevet,138689,5
perv,138573,5
bunched,138569,5
besoin,138558,5
herded,138513,5
vies,138482,5
roti,138467,5
fusible,138437,5
sele,138408,5
kimonos,138390,5
whare,138331,5
endive,138326,5
nisi,138225,5
baklava,138212,5
tapa,138209,5
diopter,138198,5
unspent,138165,5
lope,138163,5
lemurs,138131,5
burrs,138116,5
toros,138100,5
woon,138076,5
noy,138068,5
automat,138064,5
severs,138048,5
garnets,138041,5
loamy,138014,5
furies,138007,5
errs,138002,5
haploid,137996,5
piqued,137970,5
jinks,137967,5
eww,137927,5
biddy,137910,5
basho,137891,5
crony,137861,5
roup,137859,5
sambo,137842,5
instar,137815,5
shrieks,137755,5
seahawk,137709,5
swags,137708,5
valuta,137704,5
balti,137642,5
hamada,137640,5
brinks,137638,5
duffs,137632,5
palmar,137593,5
demure,137587,5
vacuous,137569,5
capper,137551,5
jetson,137543,5
peloton,137468,5
veered,137399,5
teary,137396,5
sower,137381,5
greeter,137379,5
scarry,137377,5
aeros,137375,5
serfdom,137317,5
gossips,137306,5
kiddush,137291,5
scuffle,137281,5
tollway,137248,5
stormer,137247,5
cygnet,137222,5
tonsil,137203,5
riotous,137192,5
florets,137185,5
huzzah,137046,5
clinker,137026,5
bushmen,137025,5
azan,136989,5
kiddo,136981,5
tempts,136973,5
faze,136972,5
penman,136959,5
bombe,136941,5
tempeh,136925,5
redback,136876,5
devolve,136871,5
nuked,136859,5
sandbar,136849,5
satyr,136838,5
basher,136823,5
psionic,136821,5
ajar,136808,5
pampas,136804,5
weirder,136795,5
suppers,136765,5
pares,136717,5
recurve,136702,5
grayed,136676,5
voxels,136673,5
ravines,136656,5
kow,136639,5
yokes,136612,5
strawn,136564,5
nesses,136545,5
diverts,136540,5
stocky,136513,5
octroi,136506,5
bazaars,136492,5
toph,136465,5
elastin,136464,5
laxity,136309,5
deathly,136297,5
unloved,136262,5
balked,136252,5
railcar,136170,5
gunship,136127,5
kibble,136034,5
drams,136033,5
entreat,136031,5
kisser,136017,5
strich,135998,5
graal,135956,5
busing,135948,5
jarrah,135921,5
placate,135892,5
cessing,135855,5
cocking,135821,5
damiana,135820,5
fobs,135813,5
irks,135775,5
railed,135768,5
ocelot,135761,5
crisper,135752,5
beakers,135738,5
fount,135738,5
poacher,135733,5
meany,135676,5
lithe,135670,5
tusks,135636,5
lekker,135620,5
payola,135618,5
anan,135579,5
hosanna,135576,5
revved,135574,5
linkers,135551,5
blotted,135540,5
taus,135525,5
likens,135519,5
swee,135516,5
grammes,135492,5
shrouds,135452,5
nosh,135419,5
bitsy,135378,5
diol,135371,5
hubbub,135348,5
robed,135344,5
choroid,135319,5
cide,135263,5
tatting,135263,5
droopy,135255,5
boor,135239,5
recites,135238,5
marah,135233,5
maron,135149,5
palabra,135143,5
pelts,135142,5
macaws,135129,5
royally,135105,5
dative,135102,5
rud,135100,5
retrain,135091,5
garners,134992,5
quinoa,134982,5
sherif,134969,5
minders,134959,5
eyewash,134936,5
topcoat,134935,5
aue,134921,5
bracers,134888,5
guzzler,134866,5
bigs,134849,5
skanky,134799,5
maltose,134784,5
rookery,134778,5
nyssa,134732,5
byes,134719,5
chromo,134691,5
blankly,134682,5
auras,134666,5
merrie,134666,5
whines,134661,5
trivet,134660,5
chantry,134641,5
alts,134629,5
rias,134552,5
fondant,134517,5
kora,134516,5
skied,134470,5
vestige,134434,5
cardi,134432,5
shoeing,134411,5
egoism,134385,5
harried,134364,5
bonhams,134322,5
panto,134292,5
seers,134265,5
pentel,134242,5
blubber,134238,5
taki,134230,5
mattes,134226,5
begum,134200,5
coaxed,134194,5
triste,134128,5
chimed,134122,5
klong,134105,5
gids,134076,5
morass,134060,5
cluck,134048,5
sured,134046,5
kobold,134037,5
agha,134004,5
marly,134004,5
pions,133998,5
cutty,133995,5
pinkie,133995,5
scumbag,133984,5
moder,133957,5
tasse,133951,5
pates,133896,5
stirrer,133847,5
slumps,133839,5
braving,133826,5
ires,133776,5
perspex,133736,5
torched,133733,5
bashes,133732,5
gliomas,133731,5
leaven,133728,5
lout,133685,5
tref,133674,5
tucking,133664,5
unwary,133663,5
sadhana,133654,5
cubit,133644,5
begets,133607,5
wark,133583,5
bivalve,133544,5
brome,133473,5
decried,133438,5
reamed,133436,5
dwindle,133434,5
vinca,133399,5
gude,133341,5
quizzed,133338,5
anoxia,133305,5
cutoffs,133260,5
holier,133257,5
pixy,133181,5
mugging,133162,5
uncivil,133122,5
kazoo,133068,5
furr,133030,5
dolmen,133016,5
gonads,132986,5
brutes,132985,5
nelsons,132915,5
pegging,132888,5
boggles,132874,5
sniffs,132860,5
commies,132851,5
japs,132810,5
jointer,132803,5
gaffe,132748,5
daur,132700,5
dilate,132632,5
plurals,132586,5
kanga,132553,5
penfold,132448,5
ceding,132431,5
tandems,132428,5
lasses,132411,5
corsage,132394,5
netter,132373,5
twiggy,132359,5
sall,132281,5
spambot,132274,5
cession,132272,5
liken,132264,5
heeding,132227,5
nosey,132182,5
uppity,132132,5
aula,132125,5
sika,132100,5
dissing,132080,5
kauri,132059,5
kype,132042,5
eludes,132035,5
revelry,132031,5
deface,132028,5
mete,132007,5
noobs,131979,5
noop,131958,5
rivage,131946,5
hogging,131932,5
haywire,131913,5
rosalia,131904,5
ligated,131894,5
lief,131887,5
toddy,131875,5
malic,131867,5
ruinous,131851,5
overage,131847,5
mesic,131840,5
spoor,131836,5
disci,131778,5
mihi,131777,5
lugging,131763,5
devos,131748,5
wads,131745,5
leadoff,131706,5
beaked,131696,5
swop,131693,5
doily,131677,5
colter,131676,5
wowed,131643,5
furrows,131612,5
throngs,131609,5
dozing,131584,5
togs,131565,5
revues,131560,5
toccata,131559,5
chink,131531,5
satay,131499,5
foodies,131486,5
flic,131485,5
kuti,131476,5
ked,131450,5
pams,131444,5
harpist,131409,5
shoves,131406,5
blithe,131396,5
kazi,131365,5
tilling,131360,5
crimped,131359,5
bobbitt,131279,5
gaily,131276,5
retell,131275,5
sidings,131269,5
salukis,131233,5
tels,131213,5
storks,131208,5
hangup,131158,5
octa,131155,5
zeroing,131132,5
arcing,131122,5
wackos,131106,5
woodie,131088,5
harts,131060,5
kludge,131054,5
purring,130993,5
allyl,130966,5
strolls,130965,5
gentian,130964,5
anis,130936,5
jibe,130926,5
chis,130923,5
cicadas,130914,5
shagged,130911,5
phallus,130902,5
nasties,130889,5
eger,130887,5
molest,130857,5
foramen,130847,5
bungy,130839,5
egrets,130826,5
trifles,130801,5
waz,130800,5
whoosh,130796,5
goby,130788,5
henge,130779,5
lockups,130777,5
hotdogs,130748,5
oozes,130679,5
suiting,130671,5
licker,130669,5
asinine,130618,5
lawman,130613,5
dayan,130611,5
ruched,130591,5
soaker,130568,5
hotrod,130563,5
intima,130523,5
henner,130520,5
upriver,130484,5
coni,130480,5
haws,130471,5
galleys,130458,5
chapped,130445,5
bufo,130438,5
bodegas,130435,5
extropy,130416,5
sunning,130410,5
amigas,130406,5
bimbos,130382,5
indents,130379,5
weel,130350,5
toiled,130344,5
figo,130327,5
maitake,130323,5
gobs,130312,5
incited,130285,5
raze,130276,5
shebang,130261,5
kluge,130258,5
guises,130242,5
borate,130229,5
rippled,130181,5
cystine,130174,5
tresses,130158,5
kouros,130153,5
cheeked,130090,5
bunsen,130088,5
tatty,130077,5
cadeaux,130075,5
bere,130065,5
tammie,130039,5
mauri,130018,5
skylab,129960,5
deters,129919,5
curfews,129903,5
repulse,129882,5
tamale,129861,5
divot,129847,5
hinter,129789,5
sutta,129787,5
tines,129756,5
tasers,129755,5
gazer,129741,5
costal,129723,5
challah,129704,5
moorman,129691,5
foxfire,129662,5
hasp,129649,5
wain,129640,5
mutator,129617,5
qualia,129592,5
zapping,129577,5
formals,129555,5
fundus,129535,5
ayah,129525,5
glossed,129517,5
hounded,129490,5
butted,129463,5
chalks,129455,5
botnet,129448,5
gadling,129431,5
chics,129430,5
binned,129419,5
evangel,129350,5
synced,129331,5
zygote,129318,5
kae,129300,5
chordal,129275,5
lins,129271,5
chert,129249,5
shucks,129247,5
adduct,129232,5
ashman,129226,5
jutting,129220,5
arcus,129194,5
yttrium,129186,5
panax,129184,5
befell,129082,5
unfunny,129057,5
bosonic,129043,5
dipolar,129043,5
formic,129022,5
sneered,129005,5
covens,128994,5
vacuole,128991,5
pincher,128984,5
homa,128946,5
gambles,128943,5
secede,128904,5
unmixed,128878,5
buzzy,128866,5
grieves,128860,5
kob,128857,5
doggies,128841,5
dahlias,128840,5
prises,128833,5
tumbles,128804,5
grungy,128792,5
paik,128713,5
shands,128713,5
frogman,128711,5
flyaway,128687,5
exciton,128639,5
durr,128613,5
lammers,128608,5
coaxing,128565,5
marshy,128544,5
wormer,128526,5
preying,128491,5
frizz,128481,5
grasps,128474,5
guider,128473,5
zinnia,128446,5
strived,128397,5
rukh,128390,5
callee,128361,5
stap,128350,5
pipit,128339,5
eider,128336,5
avions,128331,5
junto,128329,5
ponty,128325,5
olefins,128294,5
novas,128279,5
morose,128252,5
lari,128203,5
praline,128169,5
abbeys,128161,5
agitate,128157,5
ponent,128154,5
shindig,128107,5
neroli,128089,5
locs,128037,5
pila,128024,5
aligner,128021,5
flaked,128012,5
rattler,128002,5
ballade,127973,5
sheave,127967,5
pedant,127920,5
grouch,127917,5
eyesore,127890,5
emmys,127878,5
cellos,127874,5
dyeable,127861,5
piggies,127826,5
erodes,127821,5
modelli,127777,5
biog,127735,5
queasy,127707,5
pyre,127697,5
shallot,127688,5
wooed,127627,5
chalky,127600,5
beached,127582,5
glans,127535,5
ageism,127532,5
flexure,127494,5
solutes,127492,5
hiatal,127432,5
pulps,127398,5
demean,127393,5
biter,127349,5
aight,127253,5
weirdly,127244,5
broods,127192,5
summery,127148,5
limber,127125,5
bardic,127094,5
doulas,127086,5
rais,127086,5
eardrum,127084,5
resells,127083,5
illy,127033,5
spieler,127020,5
doeth,127016,5
vandyke,127011,5
fado,127002,5
outros,126994,5
belga,126913,5
sweeny,126889,5
chalked,126868,5
walkup,126857,5
apse,126845,5
rinses,126822,5
basalts,126803,5
baddies,126802,5
gaydar,126744,5
alef,126730,5
clevis,126724,5
jolted,126681,5
grannie,126619,5
maglev,126544,5
gambled,126536,5
chauvin,126535,5
tenner,126528,5
darter,126518,5
warps,126492,5
inverts,126466,5
cods,126456,5
teste,126441,5
vias,126436,5
gratify,126415,5
smokie,126391,5
alkanes,126364,5
meuse,126347,5
biotite,126306,5
weekes,126273,5
wonks,126261,5
carding,126242,5
abduct,126225,5
enqueue,126225,5
operant,126197,5
sedum,126177,5
wate,126176,5
undid,126166,5
goshawk,126154,5
possums,126131,5
wedgie,126087,5
purrs,126070,5
souk,126067,5
brees,126037,5
muting,126036,5
matric,126021,5
betel,126006,5
moisten,126005,5
gath,125985,5
forints,125984,5
moorhen,125980,5
violas,125957,5
pavlova,125956,5
peopled,125946,5
maracas,125938,5
wonky,125930,5
swooped,125913,5
dors,125905,5
soured,125901,5
merk,125900,5
sludges,125860,5
flanger,125843,5
quieted,125834,5
unwed,125824,5
tope,125812,5
albumen,125810,5
stemmer,125809,5
syncs,125756,5
blimey,125735,5
exhort,125718,5
ramrod,125706,5
jujitsu,125692,5
herbed,125688,5
nads,125688,5
gair,125687,5
peepers,125683,5
weevils,125670,5
retouch,125660,5
pean,125646,5
riprap,125645,5
arsed,125628,5
rusher,125624,5
bucked,125610,5
lection,125607,5
reding,125557,5
senates,125553,5
stumpy,125527,5
whereon,125510,5
lorn,125509,5
entente,125506,5
gramme,125498,5
nala,125496,5
pedi,125490,5
dowels,125483,5
cosmid,125467,5
falters,125454,5
tef,125424,5
clued,125391,5
muskets,125359,5
uglier,125342,5
gibbous,125299,5
vant,125266,5
wavered,125264,5
climes,125246,5
addled,125205,5
anoint,125193,5
bushies,125188,5
hayseed,125188,5
braver,125086,5
nock,125051,5
boggy,125025,5
eluting,125005,5
ballons,125003,5
chiming,124990,5
sayyid,124975,5
bedhead,124921,5
founds,124909,5
poplars,124904,5
tunas,124886,5
blech,124878,5
debater,124857,5
viner,124743,5
blocky,124731,5
mousses,124712,5
finicky,124698,5
ousting,124683,5
lifer,124674,5
tows,124652,5
gup,124617,5
audibly,124589,5
basa,124574,5
dewy,124556,5
meted,124510,5
outre,124480,5
agin,124461,5
mucin,124414,5
hete,124413,5
tzadik,124411,5
soffit,124396,5
saltire,124391,5
jaunty,124381,5
starchy,124376,5
dollop,124336,5
screwy,124320,5
bronchi,124318,5
bleeder,124277,5
cockle,124260,5
kaf,124251,5
baggies,124248,5
waisted,124224,5
cussing,124189,5
noncash,124158,5
kachina,124138,5
creak,124122,5
benni,124117,5
loaner,124111,5
minyan,124096,5
pooler,124096,5
grrrl,124042,5
splay,124026,5
dupes,123989,5
larks,123985,5
voles,123980,5
malus,123958,5
expunge,123929,5
externs,123917,5
weal,123890,5
unseat,123869,5
plovers,123859,5
grudges,123840,5
wankers,123837,5
inflame,123805,5
eclat,123738,5
doric,123724,5
koan,123721,5
bluster,123712,5
ondine,123664,5
ribas,123653,5
linkup,123585,5
fattest,123566,5
atolls,123532,5
parley,123504,5
blag,123499,5
mutts,123475,5
flir,123472,5
fitts,123463,5
prelate,123442,5
sunbed,123432,5
ghyll,123412,5
trat,123379,5
adorns,123374,5
cantus,123373,5
plastid,123360,5
preform,123346,5
spooled,123345,5
irked,123287,5
biocide,123268,5
phoebus,123261,5
offa,123230,5
monos,123186,5
feuding,123134,5
saviors,123112,5
paulin,123108,5
kimchi,123107,5
chiro,123068,5
puce,123061,5
toils,123054,5
salles,123033,5
minke,123023,5
keb,122995,5
chicana,122991,5
tices,122984,5
bubbler,122975,5
mummer,122971,5
maudlin,122957,5
peon,122953,5
scabs,122925,5
craggy,122918,5
gushed,122914,5
landman,122865,5
lovey,122861,5
postbus,122856,5
lowbrow,122855,5
paan,122844,5
deplore,122832,5
swizzle,122814,5
tweaker,122801,5
fuhrer,122796,5
aplomb,122772,5
wahine,122758,5
centum,122757,5
epee,122712,5
joypad,122704,5
mugshot,122676,5
truism,122675,5
macadam,122652,5
employe,122639,5
fervour,122635,5
ayu,122624,5
tickler,122609,5
plowman,122593,5
stet,122592,5
tods,122555,5
ostia,122493,5
tars,122492,5
abled,122479,5
bathers,122422,5
stoma,122408,5
exeunt,122394,5
telfer,122392,5
turbid,122383,5
sterna,122352,5
amyl,122329,5
strick,122318,5
loadout,122298,5
wuss,122285,5
bort,122267,5
digraph,122255,5
righty,122252,5
nates,122231,5
defers,122201,5
subpar,122172,5
knowe,122164,5
tift,122131,5
irk,122116,5
buffed,122100,5
legroom,122099,5
mashing,122059,5
ebonite,122034,5
rappel,122030,5
mangers,122008,5
pili,121979,5
ravin,121953,5
laminae,121942,5
cerium,121913,5
nish,121885,5
towbar,121879,5
curler,121870,5
crooner,121842,5
redoing,121818,5
couplet,121784,5
erosive,121774,5
teed,121770,5
mezuzah,121735,5
jukes,121710,5
leys,121707,5
bedbugs,121703,5
squawk,121689,5
coste,121681,5
liming,121651,5
cornus,121589,5
woodies,121587,5
loaning,121579,5
kans,121546,5
formant,121544,5
mabe,121538,5
gongs,121530,5
bashers,121528,5
outbid,121523,5
puh,121520,5
furans,121478,5
yobs,121466,5
riffing,121453,5
raper,121418,5
dibs,121392,5
whoopee,121343,5
dentate,121337,5
delt,121331,5
lulled,121317,5
attired,121269,5
repels,121217,5
cully,121207,5
rollie,121205,5
seafoam,121193,5
wrung,121159,5
pliant,121149,5
emus,121137,5
pyjama,121118,5
netbook,121074,5
tiro,121055,5
vassal,121039,5
platted,120981,5
cantos,120979,5
manse,120966,5
picador,120960,5
pining,120943,5
bronzer,120941,5
wests,120920,5
labial,120877,5
squeaks,120859,5
moderns,120834,5
kaka,120813,5
coeliac,120801,5
stipple,120797,5
augur,120764,5
hyssop,120749,5
kiting,120745,5
schlock,120726,5
parp,120707,5
chapeau,120698,5
etheric,120697,5
hosen,120694,5
yurt,120694,5
caws,120693,5
partied,120683,5
motes,120668,5
idyll,120651,5
kolo,120600,5
assuage,120549,5
birks,120549,5
foh,120548,5
limped,120533,5
yearned,120511,5
fondest,120504,5
ays,120499,5
janney,120464,5
frits,120455,5
petre,120445,5
pott,120440,5
coining,120415,5
cartas,120384,5
sulcus,120357,5
riled,120346,5
flexes,120268,5
depose,120267,5
pacify,120264,5
sunder,120243,5
kets,120203,5
lade,120160,5
bubu,120153,5
pacey,120148,5
vodkas,120145,5
loathed,120143,5
florid,120132,5
weirdos,120104,5
toxoid,120101,5
chanter,120068,5
quacks,120064,5
kyrie,120056,5
wend,120037,5
steric,120007,5
roubles,119978,5
solders,119886,5
veers,119882,5
catena,119879,5
sorell,119856,5
hubcap,119850,5
tarred,119846,5
beget,119815,5
mutagen,119811,5
bandeau,119810,5
lactam,119803,5
mooi,119772,5
nipped,119762,5
babysit,119721,5
mors,119706,5
diwan,119704,5
sirocco,119681,5
teacups,119609,5
nudging,119502,5
blinder,119500,5
wispy,119494,5
chumash,119491,5
gnarly,119486,5
girlish,119470,5
gaw,119459,5
inure,119454,5
koruny,119448,5
lattes,119434,5
encores,119417,5
foremen,119398,5
premix,119385,5
ranchos,119365,5
sked,119361,5
rhus,119354,5
dryad,119314,5
bayle,119261,5
pleura,119247,5
bragged,119241,5
pester,119235,5
shisha,119230,5
rits,119216,5
daps,119151,5
snuggly,119131,5
fencer,119126,5
triune,119118,5
innit,119107,5
hairdo,119102,5
chines,119092,5
shunts,119078,5
riddler,119047,5
induct,119041,5
bink,119031,5
sawyers,119030,5
burd,118983,5
wiry,118956,5
harries,118949,5
convo,118920,5
beare,118875,5
welches,118874,5
footman,118863,5
lory,118855,5
tailers,118853,5
saddler,118848,5
dynein,118840,5
prepped,118835,5
chafe,118832,5
allover,118827,5
tapis,118812,5
sinless,118785,5
deary,118782,5
manche,118779,5
kohls,118773,5
nobly,118764,5
moulder,118755,5
bracts,118734,5
bunko,118710,5
hause,118666,5
acai,118659,5
furore,118622,5
delimit,118620,5
grosser,118609,5
crybaby,118595,5
fixit,118592,5
sharer,118566,5
birk,118557,5
wilting,118556,5
cauda,118554,5
delved,118528,5
skint,118519,5
luteal,118485,5
venoms,118462,5
nighty,118444,5
dumbed,118420,5
budo,118411,5
gluons,118358,5
resound,118346,5
stoped,118287,5
nobby,118253,5
snog,118245,5
jaspers,118228,5
exacted,118209,5
oddest,118205,5
evince,118168,5
fraters,118152,5
hyenas,118148,5
pinang,118146,5
cinerea,118117,5
spanks,118112,5
sigil,118090,5
bulla,118031,5
cruft,118000,5
chilis,117962,5
seesaw,117947,5
brod,117941,5
crasher,117941,5
carvel,117923,5
hosing,117923,5
hoarded,117922,5
morpho,117916,5
flings,117874,5
ramin,117848,5
gade,117845,5
refried,117829,5
tippy,117798,5
tassie,117776,5
cueing,117756,5
noonday,117755,5
tuts,117741,5
sinuous,117710,5
coleus,117667,5
meekly,117663,5
exes,117657,5
wilders,117640,5
briefer,117635,5
serfs,117599,5
vives,117594,5
effendi,117593,5
homburg,117560,5
jammy,117557,5
wailed,117551,5
stupa,117550,5
revokes,117547,5
olio,117511,5
tule,117501,5
wrasse,117497,5
glia,117474,5
adjoins,117463,5
serous,117457,5
ghazals,117435,5
dement,117425,5
temes,117408,5
marron,117396,5
slatted,117390,5
bloomed,117387,5
amrit,117386,5
gigging,117379,5
rhombus,117372,5
firmed,117342,5
mwah,117335,5
bigtime,117314,5
scrawl,117309,5
manana,117267,5
forbear,117253,5
foamed,117242,5
yearns,117196,5
quitter,117151,5
purser,117147,5
ignitor,117146,5
furtive,117128,5
fugly,117114,5
coster,117100,5
conning,117095,5
dippers,117092,5
womyn,117085,5
durian,117081,5
putz,117076,5
gnocchi,116992,5
igniter,116990,5
googol,116956,5
groped,116944,5
kune,116936,5
warder,116922,5
sialic,116906,5
palfrey,116895,5
wobbler,116875,5
jawbone,116777,5
jejunum,116775,5
feign,116753,5
mealy,116752,5
ranga,116731,5
boule,116726,5
zilch,116722,5
jackals,116693,5
rumpus,116689,5
outlive,116672,5
bollard,116662,5
braked,116659,5
pupae,116657,5
hapkido,116627,5
clubman,116626,5
sunbeds,116626,5
sunn,116615,5
drac,116570,5
dray,116570,5
boks,116521,5
evacuee,116505,5
shariah,116459,5
scopate,116447,5
gamme,116430,5
roundly,116422,5
respawn,116411,5
wiss,116375,5
winless,116344,5
mollusk,116341,5
flirted,116301,5
hotty,116296,5
shuck,116293,5
haft,116209,5
neons,116180,5
toggled,116180,5
sadist,116146,5
warily,116118,5
aflame,116044,5
gits,116041,5
aright,116038,5
googly,115978,5
scuffed,115974,5
volved,115970,5
crusie,115955,5
vanpool,115953,5
infers,115925,5
alveoli,115903,5
nanna,115892,5
illiad,115854,5
wellies,115822,5
urania,115805,5
tureen,115763,5
uproot,115761,5
caas,115760,5
flints,115687,5
vitex,115668,5
visiter,115653,5
annas,115640,5
pone,115640,5
mafic,115622,5
logjam,115613,5
hade,115599,5
clumber,115594,5
devalue,115589,5
extort,115588,5
gleeful,115563,5
carves,115552,5
spinks,115548,5
kye,115533,5
roofer,115504,5
cobbles,115493,5
quinone,115491,5
proffer,115445,5
haply,115439,5
fussing,115438,5
pooped,115429,5
scowl,115386,5
tinder,115380,5
neuroma,115379,5
shakily,115369,5
leaden,115309,5
bisons,115301,5
asiago,115266,5
pounced,115253,5
famines,115228,5
brevis,115187,5
iglu,115186,5
halbert,115177,5
ering,115156,5
belch,115135,5
oxidize,115133,5
coking,115126,5
cyprian,115114,5
policed,115094,5
spader,115062,5
limey,115046,5
nipping,115041,5
tatami,115036,5
vulns,115018,5
fogs,115013,5
baryons,115006,5
cutesy,114997,5
graphed,114987,5
trifold,114965,5
sessile,114951,5
liger,114950,5
sook,114875,5
torii,114841,5
wholes,114830,5
fondled,114766,5
sidhe,114733,5
nisus,114722,5
plonk,114698,5
aine,114696,5
sporran,114666,5
jol,114631,5
troilus,114631,5
ohmic,114621,5
wrinkly,114611,5
parsnip,114595,5
fano,114584,5
crewmen,114575,5
toughen,114555,5
oleo,114535,5
shizzle,114531,5
lasher,114508,5
wracked,114493,5
dabbled,114487,5
lanner,114463,5
choon,114436,5
dices,114430,5
piteous,114417,5
pitta,114398,5
skidoo,114376,5
inching,114363,5
tatters,114352,5
tunics,114338,5
muesli,114336,5
osmium,114324,5
lepers,114321,5
percept,114315,5
brus,114293,5
perfidy,114285,5
meaner,114265,5
shive,114265,5
psalter,114259,5
isozyme,114232,5
bowne,114221,5
spikey,114199,5
roamer,114196,5
comsat,114188,5
teepee,114183,5
apgar,114178,5
bayt,114177,5
diabolo,114168,5
impious,114151,5
robusta,114112,5
deejays,114100,5
stilted,114081,5
dines,114059,5
whizz,114054,5
cliched,114047,5
noahs,114009,5
capon,113985,5
ords,113966,5
stiffly,113956,5
merman,113943,5
fajita,113939,5
whanau,113920,5
grampa,113905,5
maggs,113889,5
mofos,113875,5
blading,113872,5
missal,113837,5
calpain,113836,5
mino,113827,5
ayre,113807,5
abouts,113786,5
afire,113772,5
sowed,113771,5
louver,113749,5
tums,113696,5
arar,113674,5
methos,113659,5
spinor,113654,5
gloat,113594,5
clawing,113577,5
luthier,113574,5
wrangle,113559,5
scapa,113533,5
halacha,113521,5
posadas,113516,5
hogwash,113442,5
regence,113441,5
gneiss,113370,5
unroll,113345,5
mumu,113305,5
shounen,113264,5
phages,113262,5
unkempt,113235,5
hads,113217,5
joram,113213,5
thuja,113212,5
tames,113169,5
casted,113164,5
nites,113148,5
novena,113133,5
migs,113120,5
jotting,113119,5
ascents,113092,5
tropes,113057,5
draping,113056,5
meerkat,113040,5
ebayers,113034,5
sabbat,112982,5
squib,112968,5
pels,112958,5
topos,112958,5
paca,112954,5
gowan,112945,5
porcini,112924,5
santoku,112919,5
kaki,112905,5
hallows,112897,5
decease,112887,5
coots,112876,5
pruners,112875,5
tactful,112875,5
friable,112865,5
nutting,112859,5
pitter,112852,5
ziplock,112837,5
moondog,112818,5
junket,112807,5
monadic,112794,5
haku,112775,5
yanking,112745,5
fawning,112734,5
prissy,112724,5
huggers,112695,5
psychos,112677,5
littler,112673,5
funnily,112646,5
resents,112641,5
nostrum,112600,5
kabobs,112572,5
dunce,112570,5
torques,112523,5
treacle,112513,5
corrode,112465,5
blooper,112457,5
oles,112453,5
amphora,112445,5
dieing,112440,5
bourses,112435,5
menhir,112432,5
macrame,112413,5
drools,112408,5
fannies,112406,5
zlotys,112393,5
filbert,112392,5
boreas,112389,5
stoping,112381,5
lagan,112375,5
gastrin,112359,5
buat,112355,5
massy,112352,5
cutlets,112334,5
condors,112320,5
hoofs,112318,5
drawl,112289,5
leaguer,112279,5
schist,112271,5
lances,112245,5
scandia,112232,5
macula,112222,5
picante,112212,5
carron,112202,5
bursty,112188,5
dacron,112184,5
impute,112150,5
mauled,112146,5
plumbed,112145,5
drainer,112141,5
chive,112120,5
blimps,112095,5
pepsin,112086,5
leghorn,112067,5
payors,112064,5
porker,112039,5
glutton,112033,5
chesnut,112031,5
furries,112003,5
setae,111998,5
fining,111979,5
graying,111951,5
wearied,111906,5
barbe,111899,5
dimeric,111892,5
pitied,111876,5
hame,111864,5
sibyl,111857,5
lignes,111844,5
erring,111781,5
candie,111712,5
kist,111691,5
panoply,111685,5
maillot,111683,5
fanbase,111667,5
humvees,111648,5
modder,111628,5
gey,111624,5
astound,111623,5
coiling,111620,5
plaids,111543,5
smolt,111459,5
souped,111448,5
minuses,111445,5
kissy,111416,5
narwhal,111413,5
blad,111408,5
calamus,111405,5
headend,111393,5
daws,111386,5
unworn,111375,5
sist,111365,5
whiners,111363,5
noirs,111362,5
pitying,111351,5
warty,111349,5
clefs,111325,5
mucky,111308,5
axil,111299,5
easting,111282,5
mosk,111278,5
panted,111263,5
overman,111226,5
nullity,111178,5
sangh,111167,5
rorty,111131,5
hawkers,111089,5
deltoid,111077,5
coombes,111051,5
walley,111001,5
waratah,110995,5
vinos,110986,5
cuddled,110978,5
fondle,110978,5
bulbul,110943,5
lumines,110915,5
umlaut,110897,5
fending,110896,5
nematic,110881,5
heavies,110870,5
podge,110852,5
betters,110811,5
remarry,110752,5
antara,110747,5
silane,110733,5
arroz,110715,5
pesetas,110710,5
slaved,110688,5
petiole,110585,5
moire,110581,5
canty,110559,5
veering,110544,5
tabbing,110526,5
streaky,110522,5
rutting,110516,5
bourdon,110510,5
junker,110509,5
ichabod,110503,5
vapid,110502,5
tsetse,110489,5
primula,110422,5
bestar,110417,5
pradhan,110397,5
fevered,110395,5
pinches,110383,5
aglow,110328,5
dinger,110274,5
naan,110272,5
midden,110267,5
yoni,110220,5
rando,110214,5
chucked,110168,5
mommas,110162,5
bugbear,110141,5
wreaked,110138,5
masques,110127,5
gravels,110110,5
fetes,110094,5
kneels,110085,5
pinged,110084,5
sepals,110084,5
iambic,110064,5
bicker,110055,5
faller,110048,5
rondeau,110045,5
umrah,110045,5
treetop,110029,5
luvs,110022,5
oint,110000,5
maremma,109995,5
hassel,109986,5
urd,109986,5
tethers,109962,5
sceptic,109871,5
gorgon,109834,5
fibrils,109813,5
eunuchs,109780,5
wagered,109750,5
skeen,109749,5
kranz,109736,5
childe,109731,5
wallies,109720,5
theist,109708,5
gori,109700,5
coitus,109666,5
cocoons,109646,5
shaming,109635,5
opuntia,109580,5
swamy,109555,5
sprue,109524,5
cutback,109520,5
retorts,109506,5
ravers,109497,5
gavage,109494,5
redder,109461,5
mappers,109428,5
cria,109426,5
worktop,109422,5
trope,109419,5
troupes,109415,5
golder,109414,5
tiptoe,109409,5
beatbox,109406,5
weka,109406,5
bungled,109369,5
crowing,109367,5
hijinks,109357,5
avers,109324,5
groks,109301,5
pudge,109285,5
quale,109246,5
frater,109238,5
birches,109225,5
chinos,109213,5
fumed,109154,5
patency,109142,5
inboxes,109115,5
kilims,109114,5
droning,109066,5
flyway,109064,5
yawned,109042,5
rewire,108968,5
junkers,108909,5
kloof,108906,5
impresa,108887,5
anther,108862,5
yorkies,108822,5
stomps,108815,5
welke,108810,5
delo,108781,5
rammer,108769,5
nieve,108751,5
gulped,108747,5
deviled,108719,5
subtler,108719,5
cupids,108702,5
segno,108669,5
washy,108651,5
beres,108650,5
thumps,108649,5
jass,108619,5
thymine,108610,5
augers,108598,5
predate,108583,5
mullets,108572,5
lusting,108571,5
welly,108557,5
brimmed,108553,5
lychee,108525,5
thrifts,108524,5
gook,108502,5
amides,108430,5
tardive,108419,5
cistron,108409,5
teats,108388,5
podiums,108361,5
phonons,108359,5
salting,108357,5
scrawny,108322,5
peppery,108319,5
mesto,108317,5
splodge,108308,5
perlite,108292,5
nymphet,108280,5
hernias,108262,5
vomited,108252,5
loth,108245,5
lunged,108203,5
dunking,108143,5
verts,108132,5
pouting,108124,5
cranny,108086,5
springy,108081,5
perplex,108072,5
tenures,108029,5
goober,108007,5
junco,107991,5
ammeter,107984,5
netop,107980,5
wavers,107914,5
squalid,107896,5
hippest,107893,5
recept,107885,5
effing,107863,5
cinders,107826,5
smudges,107822,5
syndic,107805,5
holdup,107781,5
autobus,107776,5
montant,107766,5
trow,107756,5
preachy,107739,5
pilings,107725,5
simatic,107711,5
blitzed,107704,5
roches,107688,5
catty,107679,5
wishers,107656,5
pommel,107642,5
tyee,107627,5
crake,107613,5
sissies,107610,5
gutting,107588,5
eave,107576,5
gillnet,107545,5
freemen,107544,5
pileup,107533,5
duopoly,107528,5
linnet,107514,5
dicing,107503,5
gaiter,107486,5
laddie,107480,5
tallit,107473,5
foos,107456,5
butanol,107438,5
pwned,107434,5
sair,107397,5
devas,107380,5
sibs,107372,5
skimp,107336,5
blab,107287,5
animati,107244,5
yahoos,107226,5
stooge,107215,5
caned,107189,5
shrilly,107168,5
dulled,107111,5
aerie,107043,5
basilar,107030,5
arba,107015,5
harpy,107008,5
kingly,106992,5
chided,106990,5
turbans,106969,5
acquit,106959,5
vocoder,106956,5
chela,106929,5
esports,106909,5
smooch,106896,5
singe,106880,5
harping,106845,5
plunk,106835,5
kero,106825,5
akimbo,106794,5
beeches,106788,5
mobos,106778,5
larned,106760,5
veena,106744,5
donee,106741,5
gaucher,106737,5
motile,106662,5
tensely,106662,5
sensis,106650,5
gyre,106646,5
rectus,106635,5
pruner,106630,5
clamour,106614,5
mutch,106606,5
stoa,106605,5
kuru,106601,5
smalto,106599,5
flecks,106581,5
sopra,106565,5
alvar,106564,5
slivers,106560,5
chesty,106546,5
pelling,106488,5
cayuse,106475,5
lunges,106439,5
tosa,106433,5
abuts,106431,5
grat,106406,5
frit,106397,5
zex,106390,5
fealty,106355,5
biggin,106311,5
whoso,106286,5
vendee,106263,5
soother,106249,5
radials,106199,5
leafed,106182,5
sealine,106175,5
souther,106168,5
ruffian,106090,5
newsman,106077,5
ourself,106067,5
balun,106049,5
clubber,106028,5
beefs,106016,5
cowpea,105960,5
partita,105953,5
cohoes,105933,5
varmint,105927,5
bikeway,105925,5
ciliate,105925,5
balled,105910,5
picot,105908,5
lant,105905,5
icer,105887,5
gerne,105865,5
aking,105864,5
bubonic,105852,5
seeped,105840,5
modello,105837,5
crumbly,105834,5
untried,105821,5
spaying,105792,5
fores,105776,5
scrying,105766,5
borings,105761,5
beton,105740,5
cycler,105739,5
beachy,105700,5
coppice,105688,5
trueman,105675,5
nestles,105665,5
jammies,105646,5
caput,105633,5
boppers,105620,5
greyed,105613,5
gundy,105598,5
xanthan,105595,5
clammy,105582,5
imari,105569,5
peavy,105530,5
routh,105518,5
goofing,105512,5
rifled,105448,5
acerbic,105406,5
deism,105376,5
browed,105370,5
fane,105361,5
withing,105361,5
bogeys,105351,5
gaited,105351,5
flogged,105316,5
craigs,105302,5
drabble,105301,5
fests,105297,5
dispels,105294,5
knacks,105281,5
subitem,105253,5
wagtail,105231,5
chinas,105228,5
casitas,105222,5
stylo,105215,5
someway,105192,5
overnet,105190,5
cattail,105129,5
flutist,105114,5
befits,105111,5
yogis,105107,5
anes,105097,5
pervade,105094,5
raspy,105094,5
scalers,105076,5
ovoid,105072,5
bys,105068,5
imbue,105068,5
apaches,105039,5
tsubo,105028,5
cowtown,105016,5
slags,105005,5
myriads,105001,5
diarist,104959,5
parkour,104959,5
egotism,104956,5
wapping,104949,5
foghorn,104906,5
affixes,104882,5
svelte,104882,5
wheeze,104875,5
ogres,104863,5
smasher,104860,5
wallops,104856,5
longish,104854,5
yarder,104839,5
stroup,104833,5
gatling,104826,5
varices,104826,5
dancy,104815,5
avidly,104810,5
mohican,104770,5
buffoon,104738,5
achy,104729,5
tilled,104725,5
rumbled,104704,5
mistery,104699,5
ambos,104687,5
weeded,104681,5
arum,104652,5
acrid,104638,5
brassy,104599,5
matey,104596,5
snarf,104552,5
isospin,104547,5
focuser,104533,5
leep,104507,5
pricked,104500,5
coppers,104482,5
derails,104450,5
smolts,104446,5
airwise,104410,5
hawkish,104393,5
lollies,104368,5
amadou,104354,5
wof,104341,5
hondas,104330,5
coady,104312,5
deckers,104298,5
rutile,104251,5
papyri,104226,5
parens,104207,5
fibula,104206,5
pase,104132,5
glycols,104083,5
volte,104083,5
boronia,104050,5
comas,104043,5
hostas,104027,5
holon,104017,5
dearer,103992,5
inched,103986,5
risques,103983,5
vagal,103959,5
crista,103940,5
niners,103940,5
timbres,103913,5
fibro,103901,5
strudel,103888,5
empted,103886,5
brust,103885,5
apnoea,103877,5
milady,103863,5
pling,103860,5
inker,103849,5
youse,103842,5
jolts,103839,5
abri,103823,5
grassed,103819,5
erbium,103796,5
dugong,103769,5
fromage,103768,5
gunboat,103764,5
weaved,103764,5
ligure,103749,5
forbs,103746,5
saddens,103740,5
satnav,103722,5
vlogs,103682,5
heid,103595,5
drysuit,103590,5
hellos,103572,5
belie,103562,5
brr,103557,5
slyly,103507,5
spangle,103503,5
unfazed,103480,5
malting,103457,5
shied,103457,5
opine,103450,5
thein,103438,5
woodsy,103430,5
fansub,103423,5
normed,103407,5
airboat,103397,5
cays,103393,5
hyphae,103393,5
silvan,103391,5
phloem,103388,5
tarter,103373,5
lutes,103371,5
browner,103357,5
packman,103346,5
coterie,103331,5
puffins,103331,5
ladles,103322,5
malas,103306,5
caudate,103297,5
jailing,103297,5
plait,103227,5
dyad,103213,5
carting,103204,5
prided,103201,5
crans,103198,5
malted,103124,5
durning,103110,5
canadas,103105,5
logie,103098,5
namer,103097,5
clades,103086,5
lysed,103073,5
ejecta,103053,5
vadose,103053,5
ambers,103042,5
ngati,102994,5
sags,102957,5
soled,102946,5
hotbox,102943,5
lath,102938,5
ileal,102919,5
geoid,102915,5
whiten,102897,5
benzine,102888,5
corrida,102881,5
chewie,102871,5
mogged,102871,5
reynard,102861,5
perused,102855,5
woos,102829,5
manures,102825,5
mure,102788,5
virile,102787,5
shrift,102762,5
sizzler,102749,5
oping,102743,5
joinder,102742,5
rozelle,102722,5
terroir,102699,5
modders,102694,5
stinker,102680,5
turds,102668,5
jilted,102651,5
paraben,102644,5
poring,102635,5
redbone,102635,5
whited,102628,5
quivers,102618,5
docker,102615,5
mulches,102593,5
fraying,102592,5
peeped,102578,5
doused,102577,5
fuze,102573,5
zooey,102570,5
wails,102509,5
gild,102508,5
cockles,102507,5
triode,102493,5
fazed,102487,5
bucolic,102454,5
mentees,102429,5
utu,102420,5
infuses,102398,5
cahier,102397,5
lowpass,102378,5
dant,102369,5
impaler,102367,5
decries,102343,5
fagin,102331,5
booing,102329,5
amia,102316,5
gruyere,102300,5
tigress,102247,5
minar,102246,5
girlies,102245,5
hummels,102194,5
dolci,102168,5
homs,102163,5
lancets,102151,5
titi,102146,5
ruffed,102112,5
suni,102084,5
carder,102075,5
comber,102072,5
kumari,102059,5
gravest,102039,5
butting,102028,5
gobbled,102025,5
jirga,102021,5
minaret,102009,5
tittie,102003,5
kaas,101938,5
abuzz,101924,5
wino,101922,5
cupolas,101918,5
skewing,101915,5
suttle,101900,5
goldy,101899,5
alkyd,101898,5
bine,101867,5
arouses,101853,5
spuds,101849,5
scald,101839,5
tilak,101823,5
tyers,101811,5
gulley,101795,5
fiddled,101789,5
fogle,101746,5
gotchas,101746,5
reapers,101741,5
molders,101711,5
uncouth,101701,5
serger,101693,5
dauber,101683,5
lader,101679,5
relict,101671,5
huggy,101649,5
timolol,101649,5
skink,101630,5
luns,101621,5
ramie,101611,5
wyle,101602,5
portent,101576,5
fatten,101551,5
crossly,101539,5
blabber,101525,5
hadst,101518,5
fier,101513,5
gadi,101463,5
rowen,101456,5
gribble,101450,5
leant,101406,5
lank,101391,5
tailer,101380,5
ramis,101376,5
tolled,101362,5
ergot,101361,5
hards,101311,5
midair,101300,5
dowager,101298,5
usurper,101213,5
papain,101210,5
olla,101196,5
grahams,101156,5
wae,101128,5
siver,101095,5
crazier,101063,5
rancor,101004,5
cere,100993,5
agon,100991,5
trots,100981,5
gladius,100975,5
sippy,100939,5
apos,100923,5
daresay,100904,5
footbag,100900,5
baling,100878,5
knurled,100835,5
instate,100810,5
grama,100793,5
cresol,100759,5
cashes,100738,5
stank,100733,5
bettors,100715,5
flossie,100703,5
xylose,100698,5
skat,100677,5
whiles,100669,5
payees,100662,5
combes,100649,5
haka,100629,5
subtest,100614,5
sliven,100596,5
gutless,100572,5
aced,100569,5
pulping,100568,5
odorant,100542,5
mohawks,100541,5
ignoble,100531,5
timidly,100477,5
lurked,100475,5
greyish,100473,5
swire,100466,5
mazer,100444,5
grimmer,100430,5
masher,100422,5
lookers,100415,5
pagodas,100414,5
hobble,100403,5
plater,100378,5
tills,100375,5
kangas,100366,5
reishi,100360,5
trawls,100357,5
woodlot,100328,5
willies,100296,5
ules,100284,5
sickles,100279,5
biding,100271,5
bahts,100220,5
mutters,100202,5
culex,100163,5
mammon,100150,5
squeals,100150,5
whir,100120,5
mehndi,100097,5
copi,100057,5
botts,100045,5
opines,100031,5
recency,100013,5
moxa,100012,5
ergon,100011,5
pfennig,99974,5
rustler,99972,5
jetties,99968,5
ventre,99927,5
tinkle,99909,5
wormed,99905,5
ligases,99902,5
shrooms,99876,5
hitmen,99872,5
civilly,99856,5
unhurt,99837,5
burros,99816,5
untaxed,99799,5
yawns,99793,5
minimus,99790,5
mauris,99781,5
pistes,99772,5
briard,99762,5
obligee,99762,5
royster,99759,5
hoards,99742,5
subsite,99668,5
megaton,99662,5
frill,99652,5
juba,99652,5
vamps,99641,5
netizen,99637,5
spacial,99568,5
temping,99554,5
toupee,99529,5
tannic,99516,5
hayle,99457,5
merl,99440,5
shylock,99433,5
hoovers,99412,5
handers,99394,5
sacrum,99393,5
theming,99374,5
nutcase,99369,5
dooms,99351,5
burs,99345,5
abid,99326,5
gnarled,99279,5
chace,99271,5
silvas,99248,5
splayed,99223,5
macks,99222,5
jamaat,99209,5
barneys,99205,5
plod,99185,5
dammed,99146,5
frig,99129,5
piebald,99126,5
skene,99110,5
hooley,99084,5
tuneful,99079,5
puli,99039,5
bodhran,99022,5
ipomoea,99003,5
uremic,98997,5
rosella,98993,5
boppy,98945,5
humdrum,98938,5
faun,98921,5
skort,98916,5
masseur,98908,5
rivaled,98900,5
tidied,98877,5
awoken,98863,5
fatness,98818,5
knop,98804,5
macron,98775,5
dangled,98753,5
charro,98746,5
cyano,98740,5
fixedly,98739,5
feebly,98733,5
hulled,98727,5
spritz,98705,5
avital,98703,5
pocky,98692,5
phares,98691,5
subrule,98681,5
melling,98660,5
okays,98655,5
vertue,98646,5
flakey,98642,5
pallone,98637,5
hebe,98630,5
purred,98627,5
lieve,98611,5
felly,98609,5
sents,98600,5
peeved,98590,5
pitot,98586,5
worming,98586,5
excreta,98566,5
crewel,98555,5
duras,98445,5
piffle,98434,5
riveter,98433,5
parolee,98427,5
echidna,98423,5
mangos,98414,5
coater,98380,5
polys,98377,5
tyro,98355,5
reais,98337,5
trowels,98337,5
myalgia,98319,5
nudest,98316,5
paps,98310,5
reefing,98301,5
contes,98299,5
hussars,98285,5
harn,98273,5
jehu,98271,5
quantic,98229,5
swerved,98229,5
losh,98216,5
striata,98215,5
talcum,98176,5
roams,98175,5
palatal,98171,5
gobbler,98170,5
hern,98166,5
herby,98109,5
terrify,98104,5
vly,98089,5
bugler,98084,5
antonym,98055,5
nougat,98029,5
bunions,98028,5
copula,98012,5
yug,97980,5
trannie,97962,5
reviser,97916,5
siecle,97909,5
recuse,97901,5
recoded,97857,5
ebonics,97853,5
cahoots,97846,5
feeler,97832,5
versal,97818,5
kokanee,97814,5
whacky,97804,5
birthed,97794,5
negus,97779,5
savored,97777,5
rectors,97766,5
hankies,97761,5
variate,97750,5
biatch,97743,5
tawdry,97692,5
juncus,97687,5
lavas,97676,5
pureed,97629,5
benes,97606,5
anata,97604,5
geodata,97582,5
nubia,97553,5
mullein,97538,5
borers,97535,5
hulking,97501,5
seconde,97483,5
flics,97473,5
carcase,97451,5
unwound,97413,5
cokes,97382,5
normas,97379,5
femal,97346,5
blin,97312,5
shtick,97310,5
joannes,97307,5
gamete,97297,5
pennis,97297,5
dopant,97279,5
splashy,97267,5
proteas,97246,5
stell,97231,5
dilator,97228,5
shames,97199,5
soymilk,97159,5
anura,97111,5
gosse,97083,5
winging,97072,5
sapient,97062,5
griping,97061,5
debye,97054,5
hild,97054,5
curds,97052,5
trudged,97045,5
aspens,97035,5
ponding,97035,5
creaky,97031,5
hummed,97027,5
sicht,97024,5
verite,97002,5
motets,96999,5
strout,96998,5
lithic,96995,5
paly,96992,5
jihadi,96984,5
whisks,96967,5
knower,96956,5
unloads,96948,5
mashups,96925,5
wanksta,96907,5
comity,96899,5
prebook,96897,5
soop,96887,5
avidin,96882,5
freres,96880,5
jihadis,96878,5
aimer,96862,5
carrell,96844,5
gracing,96811,5
gouges,96796,5
dryly,96792,5
bisques,96787,5
salat,96774,5
lowlife,96773,5
thew,96759,5
sneezes,96734,5
glares,96724,5
humped,96691,5
bleary,96666,5
palates,96654,5
ryokan,96642,5
bridals,96639,5
gimmie,96636,5
rowboat,96627,5
pote,96613,5
uteri,96583,5
restive,96577,5
melodia,96574,5
emcees,96560,5
gillet,96557,5
farad,96545,5
bardo,96541,5
fitt,96539,5
naivete,96534,5
shitter,96506,5
ouabain,96466,5
tocs,96445,5
nyah,96437,5
abridge,96435,5
borscht,96416,5
riggers,96415,5
stander,96407,5
maleic,96371,6
cleves,96365,6
lactase,96349,6
glisten,96348,6
clubbed,96316,6
capos,96287,6
scions,96252,6
pillbox,96241,6
tench,96238,6
latah,96233,6
texes,96227,6
cascara,96222,6
leached,96207,6
buzzers,96203,6
gulet,96196,6
volleys,96192,6
corker,96177,6
furan,96177,6
rill,96136,6
norther,96131,6
corer,96129,6
juga,96126,6
thymes,96116,6
miros,96098,6
dexy,96094,6
doco,96067,6
witless,96050,6
debunks,96022,6
exies,96019,6
regale,96013,6
unstuck,96003,6
carioca,95985,6
overpay,95962,6
carolus,95960,6
windup,95958,6
centage,95946,6
nevus,95946,6
crus,95942,6
amuses,95912,6
pallor,95909,6
filk,95903,6
copra,95887,6
yok,95877,6
gurls,95876,6
kugel,95845,6
quires,95839,6
slane,95822,6
jaycee,95785,6
galling,95784,6
zek,95781,6
moes,95760,6
quitted,95754,6
beefing,95737,6
clastic,95726,6
brawny,95700,6
suplex,95679,6
gonad,95676,6
prattle,95652,6
simcha,95642,6
shinny,95639,6
ilium,95618,6
jazzed,95617,6
cits,95578,6
kimbo,95544,6
pinups,95528,6
tamp,95517,6
snobby,95510,6
nibbled,95490,6
ashlar,95483,6
dialled,95483,6
boozing,95464,6
piquant,95462,6
cringed,95446,6
sebum,95387,6
tattle,95375,6
baste,95369,6
grazer,95350,6
concoct,95345,6
oocysts,95337,6
bested,95330,6
campout,95321,6
anthers,95298,6
pinless,95297,6
ginning,95281,6
coronas,95271,6
shastra,95269,6
crypts,95267,6
foiling,95254,6
moots,95227,6
cartage,95224,6
asanas,95209,6
muggles,95209,6
seasick,95193,6
cowbird,95185,6
rostrum,95160,6
panne,95153,6
ancho,95151,6
cholla,95135,6
whenua,95126,6
cruet,95123,6
proin,95109,6
nippers,95107,6
sables,95090,6
presa,95089,6
pian,95080,6
oast,95072,6
luckie,95059,6
catsup,95047,6
shewing,95039,6
serums,95036,6
scrotal,95031,6
cower,95006,6
commodo,94991,6
piggin,94991,6
gummed,94976,6
chequer,94970,6
soupy,94968,6
brining,94955,6
singed,94936,6
reen,94935,6
hones,94922,6
neater,94914,6
atomics,94911,6
cavers,94904,6
galatea,94903,6
mosser,94890,6
gird,94882,6
detent,94877,6
pierces,94874,6
guv,94835,6
calo,94819,6
deign,94806,6
hominy,94782,6
doting,94762,6
parison,94751,6
simular,94705,6
chapt,94699,6
seeder,94655,6
clench,94648,6
bennis,94639,6
matsuri,94636,6
moblogs,94632,6
billows,94586,6
carted,94567,6
clovers,94559,6
footsie,94559,6
churns,94529,6
bote,94523,6
despots,94514,6
baloo,94508,6
gnaw,94482,6
bandied,94474,6
schtick,94462,6
whiney,94457,6
spatter,94442,6
chromic,94414,6
bors,94410,6
stabler,94408,6
brander,94364,6
maxilla,94342,6
couper,94339,6
kumquat,94317,6
caging,94303,6
patcher,94301,6
daltons,94296,6
sabs,94295,6
pock,94289,6
serr,94287,6
pyx,94280,6
sugared,94274,6
spittle,94265,6
demerit,94263,6
unlit,94251,6
stifles,94247,6
unbind,94237,6
plaice,94232,6
grosz,94226,6
pulpits,94192,6
fallows,94181,6
warding,94175,6
rices,94158,6
tyke,94147,6
kogal,94140,6
frolics,94128,6
groat,94121,6
crusies,94113,6
matins,94091,6
brawler,94090,6
formes,94075,6
creasy,94062,6
fencers,94052,6
lutea,94001,6
bravura,93984,6
fathead,93979,6
sheers,93976,6
padang,93930,6
wryly,93928,6
croaker,93910,6
endcap,93905,6
apraxia,93877,6
ahimsa,93873,6
farted,93867,6
unction,93850,6
redan,93847,6
misfire,93841,6
regie,93840,6
molting,93820,6
banes,93807,6
fogger,93804,6
talbots,93796,6
barque,93778,6
deride,93771,6
doggone,93758,6
loosens,93747,6
beermat,93730,6
julep,93700,6
sedges,93631,6
bastide,93629,6
marka,93624,6
wools,93608,6
portly,93605,6
replant,93597,6
warman,93586,6
jangle,93580,6
sieving,93580,6
jarl,93572,6
senora,93572,6
dragway,93568,6
scag,93567,6
veld,93563,6
torta,93552,6
plopped,93533,6
nomos,93498,6
scowled,93498,6
willet,93490,6
culler,93477,6
tussock,93469,6
wriggle,93461,6
wibble,93431,6
roop,93429,6
furcal,93428,6
petted,93406,6
greenie,93400,6
griot,93385,6
minnick,93367,6
tasters,93361,6
tanked,93358,6
armless,93357,6
prude,93351,6
bettor,93348,6
matzah,93344,6
podesta,93331,6
pekoe,93324,6
sifter,93323,6
kayaker,93314,6
hustled,93283,6
nowcast,93226,6
ralphs,93222,6
soldi,93203,6
lits,93189,6
muzzy,93181,6
folksy,93169,6
poops,93165,6
laconic,93145,6
buteo,93137,6
legwear,93135,6
keyer,93121,6
askance,93112,6
blips,93096,6
cretin,93094,6
filmer,93050,6
tane,93039,6
carping,93027,6
trivets,93014,6
earing,93011,6
zyme,92987,6
belied,92954,6
cadenza,92931,6
satiric,92921,6
budgies,92915,6
rejoins,92910,6
camelia,92906,6
kumara,92893,6
tubas,92891,6
wurst,92889,6
wazoo,92888,6
ebbs,92874,6
waked,92803,6
snubs,92798,6
topspin,92795,6
inulin,92727,6
brach,92726,6
oases,92726,6
limites,92717,6
kohen,92682,6
paddies,92663,6
hest,92617,6
ewt,92598,6
brumby,92591,6
tricep,92554,6
lumping,92545,6
ranted,92544,6
ghillie,92542,6
jibs,92535,6
enuf,92524,6
pally,92509,6
ampoule,92473,6
cravens,92473,6
guyot,92473,6
twinge,92460,6
bendy,92458,6
cultus,92453,6
penes,92434,6
roshi,92425,6
pinyon,92424,6
botch,92410,6
feasted,92398,6
rebukes,92383,6
carafes,92375,6
carrom,92369,6
inconnu,92337,6
aramid,92301,6
dongles,92292,6
ceps,92286,6
whitlow,92281,6
armors,92263,6
repp,92223,6
yelm,92196,6
utopias,92120,6
sonance,92085,6
shotts,92079,6
goddam,92077,6
aeons,92070,6
soman,92060,6
swill,92032,6
daimon,92024,6
uptick,92021,6
pedros,92013,6
bemoan,92003,6
shunted,91995,6
arcuate,91955,6
taxus,91941,6
bobbed,91939,6
monads,91901,6
pogrom,91901,6
cark,91887,6
holies,91875,6
alnico,91870,6
remount,91864,6
amas,91851,6
fundies,91844,6
asylums,91842,6
coffer,91839,6
satires,91839,6
nebel,91828,6
laze,91798,6
blued,91789,6
furling,91786,6
kasha,91777,6
vicars,91753,6
minorca,91735,6
peapod,91729,6
keyway,91703,6
khor,91702,6
jetsam,91677,6
caked,91635,6
delude,91601,6
luteum,91601,6
similes,91595,6
recedes,91545,6
wroth,91544,6
emetic,91529,6
phooey,91510,6
lochs,91499,6
polkas,91485,6
bailee,91459,6
towered,91449,6
anodic,91428,6
movant,91409,6
ribes,91379,6
mousing,91378,6
torpor,91359,6
logy,91345,6
scapula,91298,6
teer,91292,6
nesters,91274,6
yuga,91270,6
annal,91257,6
pecked,91223,6
pukka,91215,6
dozed,91195,6
phyla,91181,6
perdu,91173,6
repast,91170,6
snaking,91169,6
sphynx,91162,6
reseau,91133,6
caul,91129,6
chave,91118,6
scena,91089,6
pfft,91078,6
pursed,91006,6
badman,90995,6
endzone,90985,6
empath,90973,6
primos,90921,6
haver,90916,6
gamed,90910,6
balers,90898,6
embase,90863,6
resizes,90847,6
nephron,90845,6
screeds,90831,6
maks,90786,6
fanon,90753,6
alkenes,90750,6
canner,90736,6
soja,90704,6
foots,90698,6
bylined,90645,6
miffy,90645,6
railgun,90619,6
copse,90567,6
urease,90556,6
espada,90554,6
twinned,90542,6
erotics,90541,6
yeller,90535,6
orators,90524,6
confit,90517,6
abating,90502,6
badware,90502,6
passant,90477,6
mouses,90466,6
gapes,90458,6
mojito,90445,6
gigas,90433,6
totty,90429,6
shaheed,90412,6
sealift,90402,6
milkmen,90400,6
reproof,90391,6
louden,90384,6
isna,90369,6
blowup,90347,6
hobnail,90347,6
izard,90328,6
filets,90320,6
sterns,90308,6
fixable,90245,6
lintel,90237,6
beery,90230,6
benthos,90212,6
dirtier,90210,6
mese,90209,6
amla,90206,6
dynamos,90205,6
drat,90193,6
clod,90186,6
muso,90145,6
samaj,90142,6
towpath,90142,6
triac,90112,6
kray,90100,6
asar,90063,6
tippet,90041,6
girded,90038,6
manikin,90029,6
ketosis,90024,6
crazing,89995,6
nosing,89956,6
dreidel,89944,6
karri,89929,6
dyers,89927,6
shool,89902,6
kembla,89900,6
crowed,89886,6
rayed,89872,6
facias,89835,6
pullup,89824,6
cooped,89822,6
clotted,89781,6
speers,89780,6
pushups,89772,6
incisor,89740,6
waif,89691,6
hider,89689,6
ruder,89666,6
teevee,89664,6
dicot,89663,6
dissed,89654,6
forgone,89647,6
chatbot,89635,6
bustard,89602,6
artless,89601,6
morne,89583,6
cowed,89560,6
emos,89557,6
dater,89544,6
pongo,89517,6
deeps,89493,6
farren,89490,6
wigeon,89477,6
ghats,89465,6
forger,89458,6
pudgy,89451,6
chiks,89439,6
busied,89437,6
jut,89412,6
kith,89391,6
barocco,89374,6
scaup,89357,6
hore,89356,6
dosa,89352,6
lambing,89346,6
strath,89340,6
satiety,89331,6
absinth,89330,6
quist,89328,6
aunties,89318,6
sulk,89314,6
sensa,89308,6
crocks,89299,6
sprit,89293,6
bley,89291,6
lynched,89279,6
newts,89263,6
ganache,89250,6
ixia,89237,6
chichi,89224,6
sard,89181,6
resit,89180,6
jambo,89125,6
fynbos,89116,6
panter,89094,6
lotos,89016,6
natch,89014,6
redbud,89014,6
cobs,89013,6
sabes,89001,6
catalpa,88976,6
soz,88938,6
cetyl,88927,6
creoles,88916,6
oboes,88914,6
foxhole,88902,6
drogue,88883,6
ranter,88880,6
dhow,88871,6
poulter,88869,6
bamboos,88862,6
signora,88819,6
xoanon,88807,6
stabile,88798,6
inmost,88777,6
pyloric,88776,6
snuffed,88762,6
trigon,88754,6
kronen,88752,6
halyard,88747,6
stong,88745,6
cannot,88737,6
midriff,88732,6
sere,88718,6
lordy,88710,6
rhomb,88692,6
stammer,88641,6
burry,88635,6
fidget,88633,6
scopa,88607,6
pinas,88603,6
gleams,88584,6
lilting,88570,6
boccia,88562,6
sieges,88552,6
newsboy,88512,6
shamus,88506,6
muzzles,88503,6
syrupy,88484,6
sese,88450,6
lucre,88448,6
sizzles,88436,6
vintner,88409,6
cronk,88397,6
gristle,88364,6
hunker,88325,6
saman,88325,6
jiminy,88311,6
nazir,88294,6
lauryl,88264,6
ferny,88255,6
bota,88254,6
senecio,88254,6
astern,88234,6
pelted,88227,6
stoutly,88223,6
floaty,88210,6
glassed,88204,6
trucked,88167,6
fiord,88109,6
indias,88103,6
jades,88101,6
gesso,88099,6
sated,88075,6
dumpy,88067,6
burkes,88062,6
boral,88043,6
apprise,88027,6
bobtail,88006,6
coss,87981,6
gimbal,87977,6
beady,87974,6
kraken,87974,6
relator,87919,6
hauteur,87917,6
sthenic,87910,6
wafting,87876,6
burling,87866,6
whiner,87865,6
slippy,87864,6
mauler,87859,6
magics,87855,6
blotch,87843,6
craton,87829,6
carrel,87825,6
phots,87817,6
lati,87799,6
denizen,87795,6
elegiac,87794,6
bivouac,87780,6
ornery,87775,6
hammy,87772,6
bronc,87727,6
lockman,87699,6
brioche,87694,6
logons,87677,6
kneeled,87665,6
longe,87659,6
defamed,87636,6
krewe,87636,6
cyclery,87626,6
simmers,87613,6
bifold,87607,6
escapee,87597,6
artiest,87578,6
hissy,87568,6
camis,87567,6
zoomer,87561,6
kips,87553,6
mobbed,87552,6
shortie,87552,6
rosier,87541,6
woomera,87517,6
lapwing,87494,6
wapiti,87487,6
fastens,87485,6
paysage,87478,6
crewing,87464,6
fleshly,87463,6
bedrest,87458,6
laters,87441,6
striven,87432,6
termly,87425,6
lurched,87416,6
cades,87413,6
pice,87399,6
memetic,87395,6
dazzler,87377,6
coset,87359,6
coch,87356,6
flyboy,87356,6
redeems,87353,6
stative,87341,6
pistil,87340,6
misstep,87315,6
shrews,87296,6
roundel,87295,6
chippy,87266,6
gritted,87253,6
calzone,87247,6
cloze,87246,6
mochi,87210,6
nebs,87208,6
envoi,87197,6
dolt,87178,6
jigger,87172,6
piggie,87159,6
propria,87144,6
gari,87128,6
scouted,87114,6
intime,87110,6
thalis,87078,6
swipes,87076,6
primeur,87074,6
gyan,87067,6
teabags,87066,6
steams,87057,6
partite,87049,6
capstan,87043,6
virge,87035,6
exudate,87032,6
elds,87030,6
hackle,87008,6
sted,86996,6
feint,86983,6
journo,86961,6
pursuer,86960,6
rids,86932,6
sholom,86931,6
cusps,86926,6
cento,86902,6
daunted,86880,6
olm,86879,6
orris,86853,6
hookahs,86849,6
sandbag,86846,6
westies,86841,6
waxwing,86840,6
vires,86820,6
badland,86814,6
hyaline,86813,6
tapir,86809,6
duende,86803,6
blurt,86781,6
tempi,86775,6
schoole,86772,6
aliya,86771,6
seel,86767,6
compere,86749,6
wolfs,86742,6
attar,86729,6
bachata,86726,6
neurone,86725,6
bunyip,86720,6
apod,86702,6
updos,86607,6
bookers,86606,6
maquis,86564,6
dredges,86563,6
duotone,86560,6
frond,86555,6
sicko,86555,6
vardy,86547,6
ceca,86541,6
cyclins,86539,6
parsec,86536,6
sipe,86533,6
merkin,86530,6
wabbit,86514,6
guppies,86507,6
skidded,86454,6
foment,86447,6
impel,86447,6
saccade,86438,6
knap,86432,6
solum,86424,6
gangway,86419,6
mayfly,86413,6
adze,86384,6
debased,86374,6
barer,86373,6
jogged,86364,6
daud,86363,6
merde,86351,6
terrine,86347,6
pygmies,86346,6
clew,86284,6
alcool,86265,6
mestizo,86264,6
pahlavi,86263,6
pokies,86262,6
loke,86244,6
tambour,86237,6
oblate,86236,6
smarmy,86228,6
olea,86208,6
poussin,86205,6
kuri,86197,6
puncher,86182,6
bhajans,86163,6
drummed,86163,6
hayride,86153,6
verging,86151,6
upo,86134,6
loonies,86130,6
scamper,86062,6
lasing,86046,6
rosing,86014,6
redoubt,86012,6
meus,86007,6
arna,86001,6
sinkers,85985,6
instil,85983,6
bilious,85971,6
mazurka,85962,6
zeroth,85952,6
boules,85912,6
copal,85911,6
bams,85900,6
satiny,85875,6
lactone,85874,6
pernod,85863,6
mollusc,85858,6
abyssal,85856,6
rezoned,85854,6
trudge,85820,6
mincing,85813,6
clasts,85812,6
pyros,85806,6
kitschy,85796,6
lagers,85796,6
araba,85785,6
hussy,85775,6
giblets,85752,6
ewer,85748,6
doux,85732,6
panfish,85728,6
pimento,85668,6
logoed,85652,6
basemen,85646,6
swirly,85637,6
abac,85605,6
jalopy,85597,6
wite,85585,6
devours,85577,6
monic,85571,6
gaskins,85568,6
waists,85562,6
boudin,85559,6
hackles,85555,6
villar,85553,6
demote,85552,6
caped,85551,6
quidam,85527,6
salamon,85517,6
apiary,85508,6
ployed,85503,6
wringer,85498,6
doofus,85496,6
madding,85481,6
anneal,85478,6
deers,85462,6
mees,85452,6
tassa,85450,6
fets,85437,6
coria,85418,6
nitpick,85404,6
plaited,85402,6
floe,85389,6
surtout,85375,6
agonies,85371,6
writhed,85344,6
biopics,85300,6
untruth,85300,6
preyed,85270,6
extrude,85266,6
relent,85260,6
maik,85256,6
zillah,85243,6
cavemen,85211,6
holey,85208,6
susu,85199,6
oldy,85188,6
meanie,85182,6
gien,85113,6
orts,85087,6
panicky,85075,6
shuns,85070,6
retinue,85068,6
warrens,85067,6
parang,85058,6
roomful,85046,6
guff,85038,6
loper,85037,6
flyleaf,85029,6
brawls,85020,6
nipa,85005,6
swaths,85003,6
crisply,85000,6
thole,84997,6
hinaus,84977,6
splicer,84970,6
carps,84962,6
dolling,84925,6
preys,84918,6
encase,84867,6
vervain,84847,6
quartic,84841,6
scrubby,84838,6
pummel,84779,6
aioli,84769,6
vales,84769,6
neurite,84749,6
tawa,84747,6
subgoal,84739,6
cuvette,84725,6
bobber,84693,6
naff,84683,6
succor,84683,6
swiping,84657,6
retread,84651,6
smuts,84644,6
viremia,84641,6
ague,84633,6
escolar,84617,6
sodden,84603,6
rimfire,84596,6
ramus,84582,6
towhee,84563,6
sleeker,84542,6
ditt,84538,6
chaises,84506,6
saner,84491,6
tendre,84488,6
frizzy,84458,6
prest,84451,6
ladino,84441,6
emigre,84438,6
frocks,84430,6
wisdoms,84430,6
parkins,84423,6
docents,84422,6
abaya,84401,6
wiggler,84391,6
gussets,84390,6
asper,84389,6
irksome,84386,6
newel,84386,6
aji,84383,6
battens,84372,6
abbess,84336,6
nubs,84308,6
varus,84284,6
lilt,84283,6
aerogel,84272,6
shogi,84271,6
franked,84269,6
warpath,84226,6
hoochie,84222,6
rambled,84190,6
autocar,84183,6
clinger,84183,6
kneaded,84167,6
goop,84159,6
waybill,84157,6
secant,84138,6
defused,84115,6
galea,84109,6
gargle,84085,6
veiling,84083,6
gilet,84043,6
inosine,84024,6
swarthy,84005,6
taube,84004,6
vaw,83995,6
fangled,83985,6
wiggled,83973,6
chaya,83961,6
durance,83920,6
riposte,83912,6
madrone,83909,6
mincer,83906,6
chid,83891,6
compas,83886,6
menaces,83883,6
ambling,83868,6
hobos,83858,6
cly,83856,6
smirky,83843,6
lysol,83842,6
numbed,83827,6
huffing,83804,6
zither,83794,6
bathes,83782,6
mangal,83779,6
drover,83772,6
precut,83765,6
pingo,83764,6
wees,83758,6
kanban,83746,6
angrier,83741,6
rusa,83734,6
bhajan,83713,6
rostral,83710,6
krai,83697,6
benched,83678,6
egghead,83669,6
brogue,83648,6
snared,83648,6
gravies,83640,6
smugly,83637,6
tolly,83633,6
emes,83616,6
reacher,83613,6
homos,83610,6
burping,83595,6
actins,83585,6
alkane,83581,6
seance,83568,6
stilled,83563,6
quat,83562,6
moksha,83542,6
reframe,83515,6
gores,83507,6
fizzled,83504,6
bygones,83503,6
assez,83499,6
lovie,83464,6
riffles,83450,6
daylong,83430,6
conidia,83408,6
peeper,83406,6
avails,83397,6
sueded,83396,6
velvets,83377,6
saxes,83366,6
lud,83328,6
siddha,83321,6
joneses,83319,6
manis,83317,6
woops,83280,6
borde,83278,6
furth,83270,6
peh,83263,6
commish,83259,6
motet,83259,6
scup,83259,6
mottos,83249,6
mavens,83241,6
navs,83239,6
mimes,83183,6
danton,83174,6
hurries,83158,6
rhumba,83128,6
toomer,83118,6
twosome,83116,6
ouvert,83071,6
nowy,83047,6
cheerio,83041,6
jnana,83033,6
excrete,83028,6
mingles,83016,6
strafe,83014,6
ultras,83001,6
jetpack,82989,6
corrals,82987,6
cerned,82970,6
umlauts,82964,6
semble,82956,6
gnomon,82955,6
pinger,82950,6
cozens,82914,6
jadeite,82914,6
deniers,82912,6
recta,82905,6
shaws,82892,6
villi,82864,6
misuses,82859,6
slimmed,82853,6
whipper,82851,6
pried,82841,6
titler,82839,6
douse,82837,6
foldout,82837,6
sadhu,82833,6
ritzy,82832,6
jingo,82827,6
pipkin,82801,6
onely,82789,6
abortus,82761,6
outtake,82731,6
fuehrer,82711,6
birddog,82701,6
compos,82701,6
setoff,82690,6
alcalde,82662,6
antsy,82656,6
premed,82646,6
kirtan,82557,6
sculls,82543,6
miasma,82542,6
blatter,82527,6
plasmin,82527,6
chocks,82509,6
seif,82479,6
chaine,82475,6
tearoom,82458,6
swoops,82455,6
arses,82425,6
rimrock,82425,6
bancos,82423,6
thio,82398,6
trammel,82391,6
salade,82380,6
tatars,82376,6
chorea,82371,6
subbed,82364,6
sprees,82356,6
shere,82346,6
qat,82345,6
ceili,82339,6
broadax,82335,6
siders,82313,6
morphin,82307,6
prance,82298,6
phyllo,82294,6
keyset,82283,6
heeler,82277,6
sprog,82267,6
baggie,82256,6
lapsing,82248,6
groover,82227,6
gruel,82196,6
shiel,82165,6
boners,82157,6
abord,82154,6
jobbers,82151,6
treed,82145,6
cist,82141,6
muggy,82131,6
sapper,82125,6
loofah,82122,6
meikle,82089,6
rescale,82067,6
kelson,82050,6
saz,82036,6
chafed,82034,6
armorer,82016,6
seaming,82007,6
nametag,82004,6
shojo,81991,6
tabard,81984,6
hooky,81957,6
nevi,81928,6
bouse,81909,6
hicker,81890,6
blague,81887,6
sartor,81883,6
regrow,81879,6
gart,81875,6
heigh,81875,6
balu,81872,6
pipi,81872,6
jaga,81863,6
naze,81845,6
oche,81843,6
reck,81821,6
dirtbag,81811,6
yod,81785,6
sabal,81783,6
hereon,81751,6
mukhtar,81745,6
locater,81723,6
sweated,81713,6
rhy,81705,6
sloughs,81697,6
bellhop,81693,6
humeral,81684,6
graters,81680,6
juggles,81656,6
maidan,81607,6
graben,81586,6
cyma,81584,6
siskin,81570,6
boeuf,81542,6
lazo,81531,6
privado,81525,6
fidgety,81522,6
barroom,81521,6
chukka,81506,6
spigots,81485,6
ceroc,81480,6
muggs,81479,6
pogroms,81477,6
disown,81464,6
gouged,81444,6
phreak,81423,6
oxalic,81420,6
moble,81403,6
ragas,81403,6
amoroso,81397,6
thir,81394,6
zazen,81391,6
durbar,81363,6
mauvais,81343,6
earwax,81327,6
yapp,81327,6
masers,81321,6
toothy,81307,6
brazed,81294,6
ulama,81258,6
bended,81251,6
onie,81232,6
wolds,81225,6
nudges,81218,6
habitus,81207,6
scarey,81189,6
eosin,81179,6
volks,81162,6
brer,81158,6
expels,81155,6
umra,81155,6
seedbed,81145,6
murr,81102,6
fullers,81067,6
thous,81063,6
towbars,81063,6
sulfa,81028,6
scoter,80997,6
peevish,80986,6
lamia,80971,6
facings,80940,6
rine,80937,6
thangs,80934,6
montres,80929,6
resh,80893,6
gorm,80884,6
impro,80874,6
filmic,80869,6
nonfood,80864,6
ashy,80837,6
perturb,80820,6
goner,80810,6
geezers,80761,6
equant,80749,6
kissel,80744,6
nastier,80733,6
synods,80716,6
flukes,80707,6
gelling,80697,6
slavish,80696,6
bawling,80687,6
flybook,80677,6
orgone,80671,6
bluer,80668,6
caravel,80636,6
chads,80636,6
quicky,80634,6
mystify,80622,6
torcs,80605,6
roughy,80598,6
shills,80549,6
adepts,80539,6
efts,80537,6
mullion,80528,6
majorly,80518,6
remixer,80503,6
lobs,80482,6
ribeye,80481,6
morphic,80464,6
snood,80464,6
clefts,80452,6
jogs,80442,6
osseous,80440,6
suber,80439,6
haikus,80408,6
sophist,80408,6
leafing,80394,6
slugged,80380,6
kiddos,80371,6
hammam,80362,6
surance,80354,6
varias,80331,6
midges,80300,6
rebuff,80293,6
biochip,80285,6
niente,80253,6
borrell,80249,6
angsty,80210,6
gasper,80201,6
spall,80157,6
acari,80144,6
bombast,80126,6
catbird,80123,6
wombats,80123,6
alannah,80119,6
bateaux,80112,6
zaps,80095,6
giggly,80083,6
treader,80071,6
tusker,80069,6
giusto,80065,6
milch,80059,6
klavier,80052,6
moulins,80016,6
laer,80002,6
deciles,79996,6
dews,79970,6
pedicle,79959,6
diamine,79958,6
tryptic,79917,6
eluding,79912,6
alloyed,79901,6
sparkes,79887,6
barmaid,79886,6
weenies,79882,6
corked,79875,6
deluged,79871,6
algor,79868,6
fleecy,79863,6
lucked,79844,6
abaca,79841,6
brey,79837,6
bergere,79831,6
yaar,79795,6
flunk,79790,6
bigamy,79784,6
daub,79771,6
paean,79770,6
darkens,79759,6
holism,79755,6
jerker,79754,6
empiric,79745,6
turbot,79722,6
wormers,79721,6
koro,79717,6
karns,79709,6
sines,79686,6
slays,79674,6
crees,79672,6
ferm,79671,6
pizazz,79669,6
taxiing,79651,6
tsarist,79650,6
ananas,79648,6
foyers,79648,6
miserly,79644,6
thumbed,79639,6
troth,79632,6
tahini,79623,6
mangler,79594,6
bantams,79582,6
vulcans,79578,6
blase,79486,6
earlies,79482,6
riles,79480,6
shope,79471,6
stamen,79471,6
flunked,79457,6
rickles,79452,6
bunty,79451,6
zel,79444,6
hadiths,79431,6
twitchy,79425,6
timbo,79418,6
boxen,79417,6
righted,79415,6
gimmes,79408,6
drachma,79393,6
auric,79392,6
ovulate,79350,6
swinney,79333,6
sours,79324,6
spurn,79323,6
auroras,79317,6
romping,79309,6
oozed,79302,6
godwit,79291,6
leister,79265,6
nixed,79256,6
kidnaps,79247,6
burka,79244,6
ulna,79226,6
bidden,79220,6
jamon,79218,6
kittel,79213,6
towable,79194,6
nixes,79192,6
airside,79190,6
bipedal,79186,6
smee,79165,6
flues,79163,6
retried,79156,6
samen,79154,6
kikuyu,79148,6
wades,79144,6
roomies,79143,6
urp,79142,6
gaffes,79137,6
sambar,79132,6
plink,79119,6
tagless,79104,6
malty,79102,6
pongal,79096,6
recusal,79086,6
naif,79076,6
succour,79075,6
footway,79069,6
gyp,79066,6
exhedra,79062,6
nug,79059,6
headman,79041,6
fras,79019,6
spottie,79019,6
barging,79009,6
scooper,79009,6
barbel,79000,6
protean,78983,6
adit,78967,6
samaras,78913,6
morts,78882,6
chuffed,78836,6
cambia,78833,6
lapels,78829,6
loupes,78818,6
stager,78807,6
verdure,78804,6
sward,78801,6
bosun,78787,6
spinney,78767,6
divines,78760,6
barest,78725,6
areca,78703,6
murk,78679,6
demigod,78678,6
keels,78676,6
sonde,78672,6
pecks,78669,6
blinker,78660,6
hullo,78656,6
fellers,78625,6
cargos,78606,6
salves,78588,6
crits,78587,6
hyping,78586,6
fatso,78585,6
dotting,78581,6
spats,78562,6
sadi,78547,6
buggin,78543,6
beepers,78526,6
baled,78514,6
baleful,78504,6
chafer,78495,6
notated,78495,6
swifter,78492,6
agouti,78490,6
relaxin,78480,6
gardai,78471,6
bluest,78449,6
festoon,78448,6
doled,78428,6
havior,78423,6
roomed,78419,6
alar,78385,6
gutta,78367,6
glottal,78353,6
plena,78351,6
hillock,78334,6
revie,78263,6
corbels,78262,6
waggon,78259,6
mosso,78236,6
floras,78235,6
jetport,78228,6
highers,78211,6
toroid,78191,6
ousts,78184,6
papaver,78171,6
inrush,78160,6
menes,78158,6
sates,78143,6
tanking,78133,6
wist,78113,6
naches,78109,6
alkalis,78104,6
disavow,78099,6
baleen,78093,6
peals,78085,6
carles,78081,6
lobular,78047,6
kasbah,78008,6
broch,77996,6
craic,77993,6
samovar,77970,6
sumps,77965,6
herma,77943,6
fames,77940,6
eschews,77909,6
stewing,77901,6
degreed,77894,6
bristly,77875,6
lockjaw,77868,6
lowrie,77852,6
soever,77850,6
virtus,77841,6
webbie,77802,6
pentane,77792,6
conure,77788,6
exhorts,77778,6
dubstep,77776,6
moloch,77763,6
bigeye,77759,6
epigram,77754,6
simkin,77748,6
unglued,77730,6
wafted,77720,6
expends,77715,6
lams,77676,6
thwarts,77672,6
sitz,77665,6
snarls,77664,6
scarp,77653,6
delf,77652,6
tycoons,77648,6
fulling,77642,6
hellion,77620,6
akas,77613,6
lithos,77607,6
cavy,77604,6
pivoted,77600,6
grownup,77597,6
snaffle,77586,6
estrone,77577,6
tessera,77576,6
liman,77563,6
coif,77560,6
mene,77555,6
upstage,77511,6
estrous,77502,6
denes,77499,6
ionics,77491,6
cerveza,77490,6
shakeup,77483,6
stopgap,77480,6
piccies,77457,6
surtax,77454,6
bourns,77450,6
edamame,77450,6
lubbers,77440,6
relink,77428,6
cyphers,77403,6
holts,77400,6
lento,77400,6
nams,77382,6
bussing,77369,6
tarsal,77357,6
petrels,77349,6
tabid,77335,6
assurer,77312,6
forams,77309,6
wonton,77294,6
legate,77278,6
deicing,77276,6
paled,77239,6
mooch,77236,6
hearths,77235,6
treadle,77233,6
scummy,77222,6
donator,77221,6
duller,77219,6
gateau,77205,6
furled,77189,6
fuckwit,77182,6
magnon,77165,6
altern,77164,6
gadis,77158,6
caracol,77156,6
claves,77156,6
typify,77155,6
idled,77146,6
muffle,77114,6
newsmen,77103,6
dout,77102,6
mester,77090,6
fiddly,77068,6
jabiru,77054,6
ebbing,77049,6
noisier,77044,6
tipple,77043,6
freckle,77039,6
grump,77025,6
yippie,77024,6
tansy,77016,6
monolog,77006,6
demain,76980,6
diene,76972,6
doles,76967,6
gizzard,76958,6
purty,76953,6
fike,76940,6
flab,76934,6
ouzo,76927,6
rhenium,76913,6
fortes,76891,6
godson,76865,6
lamping,76842,6
hoedown,76830,6
hambone,76825,6
duffer,76822,6
biped,76820,6
skiwear,76808,6
paling,76792,6
dazzles,76786,6
hijra,76751,6
solidus,76741,6
ossa,76724,6
thymoma,76710,6
quadrat,76709,6
tichy,76707,6
ballsy,76700,6
hovel,76694,6
cerrado,76667,6
barite,76661,6
holdout,76659,6
muncher,76638,6
grackle,76603,6
incites,76597,6
gannet,76583,6
copepod,76581,6
alewife,76567,6
decider,76561,6
rustled,76559,6
obes,76558,6
fallers,76554,6
stubbed,76551,6
stepmom,76543,6
fixers,76523,6
fraps,76522,6
clon,76516,6
vostro,76510,6
turgid,76500,6
lota,76493,6
muchly,76490,6
relearn,76483,6
pebbled,76480,6
toff,76475,6
wanes,76465,6
stunk,76458,6
reined,76456,6
fauns,76451,6
vair,76418,6
cooing,76387,6
espoir,76360,6
burpee,76319,6
igad,76272,6
pulser,76261,6
crumple,76252,6
melds,76245,6
feelers,76227,6
varroa,76225,6
choosy,76222,6
raynes,76222,6
murrays,76212,6
denuded,76172,6
smudged,76164,6
rudders,76159,6
noncore,76154,6
perked,76147,6
stele,76134,6
asshat,76131,6
berate,76121,6
dered,76120,6
pended,76103,6
dreck,76098,6
gulden,76095,6
soffits,76086,6
gach,76073,6
gads,76041,6
satsang,76023,6
ferried,76022,6
seances,76019,6
dapsone,76012,6
sagitta,76010,6
crape,76001,6
faan,76001,6
globs,76001,6
graine,76000,6
mouldy,76000,6
softie,75997,6
fruited,75983,6
fisc,75975,6
merest,75969,6
chumps,75957,6
mannan,75941,6
teatime,75939,6
czars,75932,6
stainer,75931,6
banting,75925,6
breathy,75917,6
lubed,75886,6
vog,75885,6
mutase,75878,6
trekked,75872,6
privity,75851,6
lunging,75846,6
clast,75845,6
khat,75844,6
fand,75838,6
jigging,75819,6
grovel,75814,6
soberly,75811,6
sysops,75799,6
evolver,75780,6
byelaws,75755,6
gayest,75752,6
jark,75746,6
knobby,75743,6
bluey,75731,6
fizzing,75724,6
fetid,75712,6
boatmen,75710,6
bayles,75709,6
kaput,75678,6
cuckoos,75667,6
neds,75652,6
hydric,75641,6
yaks,75641,6
remise,75621,6
toman,75616,6
skua,75612,6
unquiet,75608,6
herbage,75600,6
apter,75596,6
adduce,75588,6
twaddle,75584,6
cero,75538,6
seme,75532,6
iodized,75500,6
capsize,75494,6
kete,75486,6
suckle,75456,6
poppet,75449,6
veep,75426,6
nebular,75410,6
sways,75398,6
berated,75385,6
negs,75368,6
sinds,75367,6
unlearn,75357,6
flecked,75352,6
doozy,75350,6
serafin,75341,6
caselaw,75322,6
sophy,75315,6
skews,75297,6
baccara,75294,6
nippy,75292,6
welts,75287,6
rinds,75276,6
spliff,75276,6
foisted,75254,6
pandan,75254,6
boorish,75244,6
eighths,75242,6
crampon,75233,6
roughed,75196,6
diya,75190,6
devoir,75174,6
karakas,75153,6
moult,75151,6
redid,75136,6
polyol,75133,6
barmy,75129,6
vilest,75124,6
indoles,75120,6
aorist,75119,6
animist,75116,6
battler,75110,6
vassals,75109,6
congos,75108,6
tippers,75095,6
soprani,75090,6
butyric,75077,6
bulimic,75074,6
ridger,75073,6
octanol,75068,6
cabas,75061,6
lashkar,75057,6
fonder,75055,6
adz,75029,6
swaraj,75019,6
molder,75016,6
dunny,75014,6
dienes,74984,6
elope,74984,6
drapers,74979,6
crated,74918,6
besoins,74916,6
rehire,74897,6
everts,74877,6
sinew,74869,6
mordant,74862,6
noter,74828,6
carnie,74825,6
slapper,74811,6
shirred,74799,6
uplinks,74787,6
edgers,74756,6
compter,74746,6
luckier,74743,6
caplin,74741,6
browses,74729,6
oddness,74694,6
smidgen,74683,6
firman,74680,6
segni,74679,6
fawns,74673,6
tossers,74669,6
bunion,74662,6
waid,74661,6
morphos,74643,6
settees,74643,6
anodyne,74633,6
cultic,74631,6
dags,74626,6
dearie,74599,6
sundaes,74552,6
echelle,74548,6
enigmas,74542,6
clop,74535,6
doyen,74532,6
humored,74496,6
befalls,74473,6
mullens,74465,6
melded,74449,6
geum,74445,6
wive,74442,6
chere,74424,6
fussed,74418,6
finny,74417,6
fenland,74415,6
yodel,74408,6
eniac,74400,6
caff,74350,6
dinmont,74342,6
thumped,74323,6
bolding,74312,6
staters,74298,6
mho,74278,6
boffins,74249,6
ternal,74240,6
spiff,74236,6
pieta,74232,6
asea,74230,6
buzzes,74224,6
hoven,74213,6
idlers,74211,6
shrubby,74164,6
drees,74159,6
racemic,74158,6
drosera,74130,6
provers,74127,6
godden,74125,6
rambla,74121,6
flims,74117,6
yearend,74107,6
bosoms,74104,6
otolith,74100,6
cubical,74099,6
flapped,74098,6
opaques,74098,6
cubbies,74058,6
riper,74056,6
loden,74049,6
bourn,74047,6
biaxial,74044,6
sculpin,74015,6
esses,74013,6
forsook,74008,6
wickens,73989,6
tatler,73987,6
cissy,73968,6
nyala,73950,6
atonal,73943,6
ploidy,73934,6
therms,73929,6
ensigns,73920,6
zags,73837,6
attap,73826,6
limpet,73808,6
parter,73798,6
poach,73747,6
ploughs,73743,6
godward,73710,6
telesis,73695,6
averred,73686,6
grue,73682,6
hocker,73634,6
norland,73632,6
pand,73623,6
twixt,73594,6
wielder,73593,6
kins,73577,6
kaal,73569,6
bandas,73563,6
adobo,73556,6
hastens,73549,6
reamers,73533,6
preen,73524,6
gushes,73507,6
griz,73504,6
tike,73503,6
surer,73497,6
frae,73487,6
bevels,73486,6
levite,73469,6
sandlot,73462,6
candour,73456,6
lazing,73446,6
pollens,73441,6
twiddle,73421,6
dack,73417,6
mols,73416,6
roadbed,73392,6
goldens,73388,6
gored,73382,6
xylenes,73366,6
mourner,73348,6
quested,73341,6
enfold,73339,6
davits,73336,6
brith,73335,6
amours,73332,6
paupers,73331,6
welled,73315,6
cens,73309,6
naturae,73308,6
statice,73295,6
cackle,73283,6
sallow,73280,6
botel,73267,6
palapa,73260,6
soller,73222,6
overby,73206,6
stodgy,73190,6
bookend,73185,6
souper,73176,6
affiant,73173,6
curragh,73168,6
bolter,73161,6
partook,73138,6
diddly,73137,6
mures,73135,6
dozers,73128,6
tulsi,73125,6
slaving,73098,6
neogene,73091,6
blacken,73047,6
ghat,73045,6
cobia,73031,6
schmutz,73017,6
gues,73015,6
palas,73010,6
junkets,73005,6
schemer,73002,6
clarets,72984,6
coulis,72977,6
rodding,72957,6
hamble,72956,6
writhe,72941,6
mummers,72912,6
fitful,72897,6
bever,72891,6
spinone,72887,6
genii,72886,6
intrust,72876,6
terai,72849,6
roes,72831,6
escudos,72811,6
withe,72784,6
nidal,72762,6
lackeys,72761,6
codicil,72740,6
zeps,72737,6
purines,72730,6
puerile,72720,6
diel,72719,6
torc,72676,6
enolase,72674,6
rotan,72673,6
combust,72644,6
tripos,72616,6
damming,72609,6
bagasse,72607,6
dorp,72605,6
palaver,72596,6
gorgias,72592,6
overran,72556,6
folies,72548,6
ziti,72534,6
nonsuch,72520,6
clingy,72516,6
blusher,72513,6
kyles,72507,6
wheats,72488,6
intown,72472,6
shiting,72468,6
kuvasz,72446,6
paneer,72441,6
woozy,72439,6
terrane,72408,6
ribcage,72398,6
flout,72396,6
kabob,72387,6
encina,72381,6
reveled,72379,6
grebes,72377,6
lairs,72338,6
sones,72334,6
meares,72287,6
hyla,72270,6
griller,72269,6
feted,72254,6
gabbro,72250,6
legless,72239,6
symbole,72217,6
mortice,72213,6
rems,72190,6
lums,72163,6
lugged,72153,6
retinas,72149,6
stans,72139,6
naves,72133,6
tippee,72127,6
alif,72121,6
oho,72118,6
blazon,72113,6
unsharp,72109,6
gars,72102,6
helipad,72081,6
smiler,72075,6
brasco,72048,6
radioed,72046,6
bilk,72039,6
sants,72016,6
voces,72009,6
drawbar,71986,6
enface,71939,6
panicle,71939,6
wedel,71929,6
telic,71928,6
tost,71921,6
punted,71912,6
outshot,71902,6
septet,71891,6
reverso,71889,6
knicker,71884,6
scruple,71855,6
appels,71832,6
boozy,71828,6
ordeals,71804,6
honeyed,71800,6
benzoin,71767,6
schwag,71759,6
honchos,71737,6
dilutes,71728,6
shama,71722,6
chinks,71717,6
unripe,71715,6
throaty,71710,6
mooning,71686,6
scours,71686,6
nodi,71668,6
valis,71633,6
densest,71615,6
kitted,71608,6
adjoin,71600,6
tilings,71597,6
aargh,71592,6
fording,71590,6
stowers,71587,6
klett,71569,6
papilio,71566,6
kewpie,71548,6
xeric,71527,6
emmer,71525,6
coverts,71514,6
osmose,71504,6
clews,71501,6
hocks,71483,6
dyads,71474,6
feg,71463,6
foaled,71445,6
pisco,71444,6
carls,71443,6
trona,71439,6
vied,71438,6
tava,71413,6
whatevs,71405,6
crapper,71397,6
anvils,71394,6
hadji,71389,6
dingbat,71382,6
griefs,71375,6
rouleau,71369,6
yoked,71366,6
priss,71355,6
tares,71332,6
arak,71326,6
laches,71325,6
moyles,71313,6
fovea,71302,6
whinge,71281,6
goofed,71267,6
scalps,71257,6
quails,71255,6
leftie,71240,6
sclera,71222,6
necker,71209,6
nomade,71208,6
ozeki,71199,6
codling,71190,6
tangos,71187,6
kneed,71162,6
brede,71130,6
sodding,71124,6
pakeha,71119,6
chirped,71112,6
facta,71109,6
humpers,71093,6
imbibed,71087,6
madres,71080,6
brattle,71057,6
vistos,71043,6
costes,71039,6
savaged,71028,6
abodes,71021,6
daters,71019,6
spouted,71015,6
tich,71008,6
batiste,71006,6
archean,70989,6
kaddish,70971,6
bima,70964,6
filmi,70954,6
tangas,70942,6
cerning,70936,6
splish,70911,6
cecum,70881,6
retaken,70876,6
amuck,70822,6
silene,70788,6
quate,70774,6
thralls,70753,6
narre,70750,6
speirs,70748,6
rompers,70719,6
crise,70718,6
tizzy,70708,6
kyte,70704,6
outgrew,70690,6
tirades,70680,6
studier,70679,6
radome,70676,6
troller,70675,6
tads,70669,6
chicot,70660,6
goold,70648,6
kents,70570,6
backout,70569,6
upslope,70555,6
tranter,70549,6
grandly,70539,6
dering,70525,6
jocko,70519,6
fictive,70512,6
stivers,70498,6
vitiate,70490,6
sorb,70478,6
hatreds,70468,6
imperil,70451,6
salamis,70448,6
censer,70431,6
friary,70425,6
aspro,70422,6
surfeit,70422,6
mottle,70420,6
magmas,70419,6
wacked,70414,6
frites,70409,6
whelp,70407,6
douches,70404,6
raphe,70388,6
equines,70387,6
gapers,70379,6
hijrah,70377,6
fangirl,70361,6
sulking,70356,6
manto,70350,6
bandura,70349,6
deist,70349,6
keenest,70349,6
smooths,70348,6
dieback,70346,6
detente,70344,6
nibbler,70342,6
mimesis,70309,6
cito,70308,6
bauble,70303,6
tifosi,70301,6
circlet,70295,6
cappers,70288,6
tolan,70288,6
barby,70276,6
oxalis,70276,6
blaest,70259,6
mudra,70259,6
rouses,70243,6
snaked,70230,6
darks,70225,6
incests,70220,6
aniseed,70215,6
whorls,70215,6
factum,70213,6
wovens,70212,6
fantail,70200,6
odorous,70191,6
codings,70183,6
caisson,70178,6
cedilla,70173,6
arris,70170,6
windle,70167,6
inkblot,70150,6
cloying,70133,6
fibs,70133,6
elegies,70083,6
confs,70045,6
miha,70005,6
haun,70000,6
bratty,69979,6
richt,69978,6
bruit,69936,6
acacias,69935,6
partons,69934,6
bops,69917,6
aleck,69914,6
natter,69909,6
seles,69906,6
idolize,69905,6
voms,69892,6
bandaid,69870,6
deman,69870,6
rehired,69856,6
gallops,69849,6
bhel,69828,6
pouty,69818,6
stotts,69815,6
maiming,69802,6
bather,69794,6
chocs,69794,6
faience,69789,6
tika,69780,6
disses,69769,6
blay,69747,6
shiur,69743,6
snit,69731,6
basted,69717,6
hoor,69708,6
tiffs,69678,6
coronel,69677,6
confab,69666,6
mauling,69666,6
mulla,69657,6
saut,69657,6
favela,69655,6
balder,69634,6
synd,69629,6
pricier,69627,6
endear,69622,6
classis,69620,6
incent,69612,6
creeped,69608,6
runout,69608,6
heptane,69599,6
latigo,69564,6
ploys,69545,6
repot,69544,6
henrys,69516,6
rotter,69508,6
thana,69505,6
latkes,69484,6
biggies,69472,6
totter,69468,6
rumpled,69467,6
hunches,69465,6
scalded,69445,6
blighty,69442,6
jazzman,69436,6
rocs,69425,6
medevac,69416,6
nows,69385,6
spiker,69375,6
qawwali,69364,6
earlobe,69362,6
caid,69356,6
witched,69356,6
edify,69341,6
dockage,69339,6
schmoe,69339,6
polyols,69335,6
tenue,69334,6
piker,69323,6
seducer,69321,6
sprat,69321,6
lopers,69312,6
pricy,69288,6
wanner,69280,6
nowt,69267,6
marring,69255,6
matzo,69250,6
poller,69226,6
stalag,69219,6
demised,69216,6
menudo,69200,6
sapwood,69200,6
pumpers,69179,6
chik,69174,6
reposed,69167,6
kinglet,69157,6
mildest,69127,6
masted,69125,6
trew,69109,6
bonbon,69097,6
mycoses,69096,6
puked,69085,6
peddled,69084,6
crome,69081,6
earful,69077,6
oaken,69075,6
kneecap,69067,6
camion,69062,6
haugh,69060,6
sniffle,69056,6
fogey,69046,6
entices,69042,6
slushy,69039,6
harlots,69037,6
recce,69037,6
masker,69032,6
erne,69024,6
humours,69020,6
rouges,69020,6
redon,69010,6
chamfer,68995,6
ooms,68974,6
gaur,68967,6
agama,68959,6
wadding,68957,6
redraws,68953,6
voltaic,68943,6
codices,68934,6
daimyo,68916,6
dynes,68914,6
cudgel,68912,6
cheapen,68892,6
elemis,68877,6
wobbles,68871,6
pated,68851,6
abhors,68845,6
homas,68844,6
punkin,68824,6
pourers,68822,6
wrack,68820,6
mends,68803,6
eales,68801,6
putsch,68790,6
buzzsaw,68767,6
woolies,68762,6
bumpkin,68752,6
heaves,68715,6
buskers,68711,6
peery,68711,6
safed,68671,6
pewee,68670,6
broses,68665,6
reneged,68651,6
newbs,68637,6
copping,68636,6
statism,68618,6
pronk,68612,6
blahs,68598,6
balas,68596,6
appui,68595,6
trended,68573,6
snoops,68572,6
ragg,68571,6
midgut,68568,6
moony,68559,6
intoned,68535,6
roseate,68528,6
moko,68516,6
orchis,68509,6
saag,68478,6
prole,68465,6
quintal,68465,6
lefts,68445,6
tenter,68444,6
myna,68442,6
rues,68433,6
metes,68419,6
hoagy,68416,6
laster,68416,6
dote,68412,6
buckie,68411,6
ergs,68411,6
aweigh,68404,6
quoin,68402,6
quins,68394,6
nied,68390,6
invoker,68387,6
casette,68377,6
curtly,68374,6
orzo,68366,6
attaboy,68360,6
layin,68357,6
subcode,68350,6
rashly,68337,6
ament,68334,6
leering,68333,6
ropers,68329,6
soudan,68322,6
eclair,68318,6
dibbs,68305,6
atoning,68301,6
waddy,68297,6
pupal,68283,6
yester,68275,6
randoms,68272,6
ethnics,68271,6
warble,68260,6
nongame,68252,6
lichter,68248,6
podunk,68246,6
emesis,68214,6
corban,68206,6
aval,68197,6
agates,68189,6
tomos,68188,6
cocco,68176,6
vae,68176,6
urgence,68160,6
golems,68154,6
fakir,68147,6
rato,68142,6
conder,68126,6
jomo,68103,6
lotter,68091,6
biennia,68081,6
collets,68076,6
grana,68072,6
drovers,68063,6
gaits,68049,6
spheric,68048,6
pressor,68046,6
tais,68043,6
emacsen,68042,6
woodmen,68030,6
hemline,68028,6
sheol,68016,6
kons,67991,6
japans,67981,6
kutch,67973,6
loonie,67967,6
finales,67958,6
buckram,67957,6
spammy,67951,6
soarer,67934,6
busker,67931,6
builded,67925,6
roadies,67915,6
acros,67908,6
murrin,67868,6
septage,67827,6
lambada,67815,6
shish,67812,6
flighty,67806,6
voe,67806,6
opposer,67796,6
roiling,67793,6
behinds,67789,6
hawsers,67767,6
malm,67767,6
dicts,67766,6
veale,67739,6
gabled,67736,6
lookie,67711,6
enrage,67710,6
lingcod,67704,6
snuffy,67699,6
starker,67678,6
chirpy,67675,6
sessa,67670,6
sinews,67648,6
trilby,67634,6
chirps,67632,6
vims,67623,6
glycan,67617,6
souce,67590,6
peelers,67588,6
lamest,67586,6
ruminal,67568,6
kaif,67566,6
loyally,67546,6
sneezed,67538,6
shroom,67533,6
cutlet,67525,6
hazes,67509,6
bwana,67496,6
phasers,67487,6
lipoma,67485,6
gaped,67468,6
pilch,67467,6
rewired,67460,6
kamas,67455,6
rection,67438,6
steeves,67423,6
photic,67422,6
mantric,67413,6
synched,67406,6
fugues,67400,6
corno,67386,6
danazol,67377,6
umpteen,67377,6
slants,67373,6
hassled,67366,6
tingly,67365,6
skerry,67351,6
stoners,67347,6
junked,67343,6
brigand,67342,6
chasms,67340,6
abas,67336,6
spurns,67327,6
silents,67312,6
ditties,67303,6
decamp,67298,6
paned,67297,6
wises,67266,6
dite,67243,6
wenches,67243,6
swathes,67211,6
sneers,67204,6
crimps,67199,6
epilog,67192,6
meed,67188,6
unmade,67187,6
impish,67159,6
creches,67158,6
eyewall,67158,6
menaced,67157,6
tedy,67149,6
vaquero,67148,6
hooting,67120,6
clunk,67116,6
descant,67114,6
mintage,67105,6
uptrend,67093,6
kiang,67078,6
chewer,67059,6
umma,67053,6
tattler,67045,6
fayed,67037,6
ghrelin,67018,6
middles,67005,6
lall,66990,6
rifling,66990,6
lym,66982,6
wrested,66971,6
plaint,66960,6
suba,66943,6
sains,66940,6
stempel,66933,6
caudle,66929,6
demesne,66923,6
wingtip,66920,6
briny,66915,6
pollan,66912,6
nimbly,66908,6
calumny,66885,6
supped,66885,6
lavs,66883,6
verger,66878,6
rosiere,66853,6
biodata,66838,6
devis,66835,6
portend,66816,6
mercs,66806,6
tenting,66802,6
cookoff,66795,6
couloir,66783,6
torana,66763,6
shroff,66760,6
yapping,66758,6
berthe,66756,6
cozying,66756,6
unfixed,66749,6
duckies,66738,6
mulga,66736,6
kurgan,66724,6
fansubs,66721,6
strass,66707,6
scribal,66676,6
subline,66670,6
stripey,66667,6
catchup,66663,6
washi,66661,6
jailers,66648,6
roosts,66639,6
boffin,66585,6
broncs,66562,6
manque,66558,6
anglos,66552,6
mimosas,66533,6
evened,66532,6
pushrod,66532,6
nizam,66531,6
ceviche,66530,6
daikon,66527,6
codfish,66524,6
cagey,66504,6
senting,66495,6
upsell,66466,6
aloes,66464,6
crapped,66461,6
growler,66460,6
tromp,66441,6
dully,66436,6
doling,66431,6
lous,66416,6
twits,66404,6
flogger,66402,6
weepy,66392,6
tetrad,66383,6
helmed,66374,6
kerbs,66370,6
chide,66368,6
celli,66365,6
atopy,66364,6
inhibin,66357,6
minutia,66352,6
entrap,66350,6
maiko,66347,6
rhymed,66327,6
lares,66326,6
whirls,66322,6
wraiths,66320,6
hussar,66318,6
scow,66315,6
myall,66310,6
tabi,66310,6
dialler,66297,6
caplet,66257,6
sumy,66245,6
upclose,66235,6
phasic,66210,6
captan,66196,6
rooty,66186,6
gooley,66181,6
kermode,66173,6
realer,66166,6
wreaks,66145,6
nutbar,66136,6
roques,66132,6
bandito,66127,6
jism,66086,6
caba,66074,6
lofted,66073,6
ditzy,66065,6
jotted,66054,6
charta,66031,6
zouave,66011,6
musts,66009,6
tabus,66004,6
unfree,66003,6
dioxane,65991,6
loners,65970,6
brame,65964,6
egged,65964,6
tamari,65960,6
beanery,65932,6
cravat,65925,6
hymnals,65908,6
mard,65898,6
pinions,65895,6
gainst,65874,6
moolah,65869,6
praetor,65865,6
hafnium,65856,6
tensing,65850,6
pavone,65833,6
tropism,65833,6
elixirs,65830,6
murex,65820,6
untimed,65814,6
exuded,65799,6
lias,65799,6
genic,65795,6
nuking,65789,6
croon,65773,6
kerma,65768,6
lensed,65759,6
tiptop,65758,6
mown,65756,6
oleum,65755,6
soms,65754,6
teensy,65753,6
fillip,65738,6
syke,65732,6
culotte,65726,6
nacre,65713,6
nuncio,65712,6
patois,65705,6
saddo,65697,6
badging,65685,6
stime,65680,6
tubed,65659,6
bulged,65654,6
raring,65654,6
bated,65650,6
seines,65647,6
thereat,65641,6
pash,65633,6
barbet,65632,6
caner,65626,6
bravos,65622,6
bubs,65616,6
mucic,65598,6
leges,65556,6
cummers,65555,6
sards,65552,6
galenic,65541,6
lassi,65534,6
sews,65533,6
civet,65522,6
cides,65521,6
cloven,65512,6
sachem,65507,6
juvenal,65487,6
dumpers,65486,6
spose,65481,6
tryna,65474,6
kelpie,65473,6
melamed,65473,6
napped,65457,6
stims,65454,6
farside,65445,6
refract,65443,6
rile,65418,6
civils,65417,6
sasse,65391,6
heps,65370,6
ejects,65363,6
jaunts,65347,6
bouches,65341,6
sideman,65333,6
softies,65299,6
mickle,65297,6
clubby,65294,6
rewinds,65287,6
insula,65265,6
cressy,65263,6
valise,65242,6
distaff,65223,6
bulkier,65218,6
mugwort,65213,6
spinors,65204,6
ragging,65203,6
imbibe,65189,6
hisses,65180,6
garcon,65178,6
tallent,65156,6
agio,65138,6
gnawed,65127,6
ogham,65125,6
boras,65124,6
toffs,65122,6
sancta,65079,6
mosey,65040,6
cambium,65031,6
oller,65001,6
pubis,65001,6
kvetch,65000,6
zombi,64988,6
ripp,64961,6
recused,64960,6
prang,64943,6
leones,64887,6
ripens,64878,6
duddy,64868,6
stigmas,64865,6
imprese,64840,6
kerf,64839,6
zoon,64839,6
blankie,64828,6
subbing,64812,6
quare,64801,6
whacks,64801,6
wherry,64801,6
guzzles,64797,6
melter,64776,6
swifty,64773,6
stripy,64758,6
condyle,64746,6
lacunae,64739,6
zari,64739,6
mopped,64725,6
bonder,64715,6
fatuous,64704,6
dups,64696,6
elapses,64684,6
tastier,64679,6
agila,64661,6
oakleaf,64660,6
geta,64648,6
cill,64642,6
matata,64641,6
sappers,64638,6
schwa,64634,6
gurdy,64629,6
hoagie,64606,6
hanse,64595,6
recant,64592,6
behead,64586,6
plainer,64567,6
updraft,64564,6
hoisin,64558,6
frescos,64557,6
sapping,64554,6
labrum,64551,6
umbrage,64513,6
awaking,64509,6
wattles,64502,6
fritts,64490,6
fews,64480,6
haycock,64438,6
metho,64415,6
scats,64414,6
widgeon,64405,6
mixup,64397,6
crawly,64396,6
azurite,64386,6
maunder,64369,6
garaged,64363,6
detains,64360,6
mutates,64356,6
nide,64356,6
standen,64338,6
sollers,64335,6
cardia,64332,6
fimbles,64331,6
teabag,64323,6
gibbet,64266,6
melas,64255,6
grise,64238,6
vell,64238,6
jostled,64225,6
uremia,64224,6
genies,64209,6
reprove,64199,6
hollers,64194,6
newsy,64185,6
bullous,64181,6
mome,64167,6
eluent,64161,6
subfile,64122,6
kochia,64119,6
heder,64115,6
evades,64114,6
skywalk,64111,6
lobbed,64110,6
pirs,64109,6
planked,64099,6
zowie,64098,6
laten,64096,6
tosser,64096,6
dwelled,64094,6
gulags,64092,6
nacelle,64092,6
pawl,64081,6
howlers,64076,6
delenda,64048,6
anomie,64012,6
choli,64006,6
katsura,64001,6
itches,63992,6
overeat,63989,6
lordly,63957,6
sukkah,63954,6
koori,63946,6
piercer,63936,6
rutin,63936,6
culm,63935,6
hijacks,63932,6
perfumy,63931,6
lings,63925,6
toady,63910,6
doos,63907,6
kronur,63878,6
samiti,63876,6
girths,63857,6
slitter,63847,6
tampers,63841,6
giblet,63839,6
frappe,63814,6
workshy,63812,6
contos,63802,6
lebens,63799,6
nonbank,63799,6
taira,63794,6
stogies,63786,6
delist,63781,6
apollos,63765,6
souths,63764,6
umes,63753,6
toller,63729,6
ptosis,63727,6
onsets,63717,6
razing,63715,6
subsume,63707,6
rolfing,63706,6
papoose,63672,6
hurls,63654,6
cordite,63645,6
coteau,63610,6
skyways,63597,6
mantas,63591,6
dullest,63590,6
pinta,63584,6
venal,63578,6
unsent,63566,6
duffles,63563,6
lyases,63539,6
gurgle,63536,6
pompom,63531,6
sangat,63525,6
clime,63515,6
plushie,63507,6
malam,63480,6
hipped,63471,6
nabe,63461,6
licit,63456,6
zlotych,63441,6
nitroso,63436,6
teme,63433,6
bogies,63423,6
munging,63407,6
matings,63388,6
tanna,63370,6
unsexed,63369,6
reeking,63362,6
rets,63333,6
copped,63323,6
morels,63303,6
gassy,63283,6
frizzle,63279,6
aarti,63273,6
sext,63263,6
blears,63240,6
corneas,63238,6
paramo,63233,6
scooted,63229,6
neap,63203,6
otology,63198,6
dudgeon,63181,6
thali,63177,6
spicing,63168,6
chewers,63166,6
frivol,63165,6
satara,63155,6
sexless,63143,6
relived,63141,6
utis,63141,6
strop,63137,6
haining,63121,6
seir,63109,6
sente,63099,6
patera,63082,6
kapa,63070,6
dunner,63065,6
persue,63045,6
alap,63038,6
bylines,63038,6
bowmen,63034,6
liminal,63016,6
gests,62994,6
abele,62988,6
squalls,62982,6
seaters,62970,6
napper,62963,6
lawer,62934,6
cycads,62922,6
anele,62912,6
rigours,62907,6
shewn,62884,6
dooly,62871,6
fluidic,62858,6
pinna,62852,6
rens,62852,6
antar,62848,6
gadwall,62831,6
nomes,62827,6
jobname,62825,6
toxemia,62823,6
valets,62790,6
tanti,62782,6
hooka,62777,6
bused,62772,6
pedlar,62771,6
jejunal,62761,6
kaftan,62761,6
skog,62757,6
barres,62752,6
smocks,62746,6
balks,62743,6
faker,62739,6
asshats,62734,6
banya,62734,6
heckle,62734,6
faints,62729,6
smilax,62725,6
vicomte,62725,6
globule,62716,6
jonquil,62715,6
pillory,62715,6
frights,62700,6
fiar,62696,6
krab,62692,6
rone,62681,6
brims,62671,6
pomade,62657,6
zens,62645,6
kumite,62643,6
mycosis,62600,6
waifs,62596,6
rugosa,62591,6
gussie,62585,6
belter,62572,6
moorage,62567,6
decant,62489,6
carvery,62487,6
aneroid,62462,6
arks,62461,6
purana,62460,6
kythe,62427,6
vau,62412,6
gentil,62409,6
ablest,62403,6
rhos,62370,6
parvo,62369,6
routs,62357,6
patters,62348,6
whitest,62345,6
tinkers,62329,6
humors,62316,6
sheqel,62296,6
cooed,62292,6
lyse,62280,6
cags,62273,6
pythium,62271,6
bodkin,62234,6
stoking,62221,6
gumshoe,62217,6
engram,62215,6
flattop,62201,6
calver,62183,6
frush,62180,6
dapple,62176,6
mitered,62175,6
plumed,62167,6
poesy,62166,6
uprated,62166,6
prorate,62164,6
naivety,62159,6
faired,62158,6
bionics,62140,6
rangi,62128,6
sapped,62128,6
soddy,62104,6
mockups,62093,6
gayer,62075,6
connote,62070,6
seceded,62067,6
riza,62056,6
rewound,62049,6
indaba,62048,6
baser,62041,6
ribald,62037,6
bulrush,62030,6
salmons,62018,6
boricua,62016,6
tedder,62004,6
coursed,62002,6
meck,61989,6
brusque,61957,6
briss,61956,6
hexose,61934,6
scally,61931,6
duiker,61899,6
fisking,61889,6
tweedle,61883,6
pistole,61881,6
spawner,61879,6
daven,61873,6
conia,61871,6
hasting,61866,6
tartare,61836,6
snippy,61834,6
perea,61810,6
hipper,61782,6
omas,61767,6
coaters,61750,6
fards,61736,6
kames,61731,6
teeters,61721,6
yantras,61713,6
sieur,61710,6
gips,61693,6
bipod,61691,6
rubes,61690,6
basti,61685,6
rivlin,61682,6
moke,61675,6
engulfs,61672,6
formyl,61670,6
windage,61670,6
jumbos,61649,6
bugles,61625,6
qis,61614,6
frap,61607,6
baps,61604,6
looky,61599,6
sile,61597,6
farang,61587,6
cabby,61542,6
suprema,61537,6
cardy,61530,6
bottler,61526,6
briars,61513,6
kashrut,61500,6
cypris,61495,6
oculus,61485,6
swathed,61475,6
mayas,61458,6
waft,61429,6
darning,61408,6
ganged,61395,6
zygotic,61392,6
gole,61375,6
flayed,61351,6
yenta,61349,6
fiches,61331,6
badder,61320,6
zol,61290,6
tehsil,61268,6
dropsy,61260,6
carload,61232,6
gayness,61229,6
polybag,61216,6
ickle,61207,6
nutria,61205,6
sallee,61204,6
cepheid,61188,6
antis,61179,6
moneyed,61178,6
micelle,61170,6
trashes,61167,6
wested,61154,6
dampens,61141,6
cloche,61135,6
calve,61132,6
neatest,61128,6
drizzly,61106,6
rache,61081,6
calix,61073,6
cutey,61070,6
mudras,61069,6
dangly,61036,6
chola,61034,6
culls,61020,6
trigram,61012,6
ripoffs,61011,6
impiety,60996,6
glutes,60989,6
mams,60985,6
reseed,60983,6
loiter,60979,6
caesium,60967,6
begot,60965,6
baneful,60959,6
setts,60954,6
supes,60952,6
nawab,60939,6
twirled,60934,6
butene,60930,6
caliphs,60906,6
tiptoes,60896,6
cycad,60893,6
pish,60878,6
cutover,60876,6
guids,60857,6
welcher,60850,6
sipes,60829,6
odder,60826,6
zinnias,60824,6
assails,60822,6
jostle,60809,6
subbase,60806,6
nostoc,60800,6
leggo,60789,6
rebuy,60787,6
allons,60776,6
humph,60767,6
potties,60752,6
fatwas,60738,6
doner,60734,6
camogie,60723,6
schmo,60716,6
somite,60709,6
evaders,60706,6
fritter,60682,6
hydrous,60682,6
blotchy,60665,6
crimen,60665,6
smirks,60646,6
backlot,60612,6
fogged,60611,6
chukar,60596,6
lodgers,60591,6
cacique,60581,6
exalts,60580,6
enes,60578,6
pillion,60574,6
cajole,60573,6
suring,60571,6
denims,60568,6
wincing,60556,6
blit,60545,6
cleeve,60541,6
conman,60537,6
gyrase,60517,6
avisos,60505,6
shiels,60505,6
tinman,60493,6
savants,60480,6
ionomer,60479,6
floc,60475,6
souled,60465,6
stomata,60457,6
divans,60447,6
lurve,60440,6
faur,60436,6
oviduct,60430,6
damar,60420,6
bigwigs,60416,6
yelped,60412,6
cabbies,60411,6
beurre,60394,6
taonga,60392,6
wassail,60392,6
endows,60377,6
acinar,60373,6
sayest,60371,6
paise,60362,6
gnash,60339,6
brummer,60335,6
puka,60335,6
darknet,60330,6
dequeue,60314,6
flamer,60311,6
jeer,60295,6
swink,60284,6
impi,60282,6
waken,60268,6
groats,60254,6
sinter,60248,6
villus,60243,6
leashed,60234,6
sagged,60234,6
infeed,60233,6
oolite,60233,6
sternal,60230,6
sievert,60220,6
plained,60216,6
fluidly,60214,6
combis,60211,6
reuses,60182,6
brose,60177,6
thermic,60172,6
fennec,60171,6
lazier,60162,6
minks,60142,6
newish,60138,6
reword,60133,6
refugia,60124,6
pursing,60120,6
oftener,60111,6
saunter,60109,6
romps,60107,6
brolly,60104,6
nutjob,60100,6
bordure,60096,6
erev,60095,6
chappy,60074,6
keef,60067,6
wintery,60067,6
versant,60062,6
flaxen,60060,6
menges,60056,6
pseud,60056,6
mender,60038,6
tempter,60032,6
shush,60031,6
boink,60028,6
teeing,60006,6
cafs,59985,6
tiler,59950,6
firkin,59943,6
gaus,59937,6
alanyl,59935,6
bortz,59935,6
burqa,59931,6
stylee,59921,6
curred,59913,6
hable,59899,6
psyches,59885,6
skee,59883,6
nooit,59878,6
haem,59874,6
swum,59874,6
felter,59863,6
kamila,59853,6
coasted,59829,6
yawl,59825,6
drooped,59814,6
dormers,59788,6
hayles,59786,6
valgus,59784,6
necklet,59782,6
silanes,59778,6
presort,59773,6
funs,59769,6
bowline,59758,6
nixie,59753,6
kabar,59750,6
exacts,59747,6
nanodot,59743,6
milfoil,59739,6
abseil,59728,6
postbag,59679,6
duit,59667,6
fard,59654,6
bailie,59650,6
vacua,59649,6
torsos,59648,6
doest,59645,6
bounder,59638,6
spirt,59629,6
agog,59623,6
stiffy,59618,6
ponts,59617,6
mastoid,59616,6
wiggy,59604,6
waites,59601,6
yeomen,59591,6
mimer,59583,6
gelled,59566,6
avel,59562,6
diels,59558,6
cedes,59550,6
adsorb,59542,6
poblano,59540,6
wazir,59540,6
doff,59524,6
jests,59513,6
thaws,59505,6
zein,59490,6
gouty,59461,6
nuchal,59461,6
collude,59452,6
rojak,59452,6
twined,59450,6
blonder,59435,6
sabbats,59434,6
stoics,59428,6
yabba,59426,6
galago,59420,6
malva,59405,6
winnow,59401,6
undoes,59394,6
corbel,59393,6
heth,59380,6
pree,59367,6
cannoli,59363,6
salters,59349,6
haff,59345,6
sullied,59339,6
syzygy,59333,6
huger,59310,6
kalimba,59258,6
sice,59256,6
pooches,59252,6
lintels,59241,6
kobo,59240,6
coupee,59229,6
brevets,59217,6
orishas,59216,6
pipas,59195,6
fiercer,59192,6
pavane,59185,6
bluejay,59184,6
floret,59183,6
dunlin,59177,6
ukelele,59165,6
creaked,59162,6
faunas,59145,6
roule,59125,6
makar,59116,6
muddied,59114,6
invitee,59112,6
mardy,59107,6
chortle,59103,6
tamping,59099,6
bothy,59087,6
slieve,59080,6
emboli,59077,6
wynd,59045,6
passkey,59041,6
beezer,59040,6
okapi,59009,6
simony,59003,6
darbar,58988,6
bettas,58968,6
infuser,58967,6
sists,58962,6
wusses,58962,6
bonobos,58959,6
corbeau,58955,6
papilla,58932,6
dweeb,58921,6
alkoxy,58912,6
gula,58903,6
biffy,58886,6
ulema,58870,6
frypan,58854,6
knive,58824,6
hags,58818,6
zupan,58811,6
indri,58805,6
titbit,58804,6
snoozer,58803,6
sobered,58791,6
burin,58788,6
dunked,58786,6
rimu,58770,6
minting,58762,6
naes,58746,6
zocalo,58739,6
munshi,58722,6
aliment,58710,6
tokay,58704,6
spindly,58689,6
scarcer,58688,6
ratan,58685,6
ethoxy,58680,6
faulds,58674,6
gavotte,58672,6
snores,58669,6
gravida,58665,6
lofting,58659,6
hevea,58655,6
papayas,58644,6
kefir,58635,6
sels,58623,6
quester,58607,6
noughts,58601,6
uniter,58593,6
halse,58579,6
olestra,58561,6
kirks,58558,6
postbox,58556,6
keister,58548,6
smiting,58548,6
pourer,58543,6
sipper,58521,6
paal,58505,6
ritts,58502,6
leasure,58497,6
bevor,58495,6
lulls,58479,6
estriol,58475,6
gammas,58459,6
pogge,58442,6
momus,58407,6
permute,58407,6
kitting,58374,6
misrule,58373,6
unasked,58368,6
farrand,58358,6
lusted,58349,6
pluton,58341,6
pitas,58335,6
narthex,58331,6
tamarin,58299,6
kenning,58282,6
definer,58278,6
wickers,58273,6
quelled,58248,6
watcha,58247,6
doolan,58237,6
noris,58236,6
monism,58224,6
swathe,58180,6
minier,58166,6
poseur,58164,6
subzone,58161,6
howbeit,58154,6
sonship,58148,6
mires,58144,6
hurler,58132,6
spug,58130,6
braze,58124,6
noetic,58120,6
sixer,58111,6
briers,58101,6
miking,58101,6
bullosa,58097,6
ouvrage,58092,6
cowherd,58091,6
faible,58088,6
dayside,58086,6
dhyana,58069,6
clitic,58063,6
gaes,58052,6
avidity,58046,6
enzymic,58035,6
gascon,58035,6
bergs,58033,6
quantal,58026,6
prouder,58007,6
naiad,58003,6
teins,57999,6
alibis,57996,6
egad,57975,6
budi,57972,6
cornets,57961,6
loams,57939,6
blucher,57937,6
chafers,57934,6
wuxia,57927,6
dippy,57914,6
vielle,57906,6
poetess,57875,6
barkan,57874,6
bowhead,57873,6
pathing,57824,6
leme,57806,6
dunces,57787,6
glume,57779,6
rooters,57772,6
sopping,57747,6
smoochy,57732,6
musher,57724,6
brines,57714,6
reivers,57704,6
tirage,57703,6
cozies,57701,6
mimulus,57693,6
ragtag,57680,6
remits,57674,6
macer,57657,6
unifier,57631,6
porin,57628,6
plages,57624,6
trimer,57619,6
oedipal,57614,6
bibbs,57588,6
indicts,57580,6
mudflap,57578,6
shrivel,57569,6
aneurin,57565,6
cosines,57555,6
grippy,57550,6
fucose,57548,6
toker,57530,6
drippy,57523,6
eyrie,57520,6
barlows,57515,6
partway,57498,6
takis,57486,6
juts,57485,6
syringa,57484,6
ragu,57467,6
uranyl,57467,6
taints,57456,6
bawls,57450,6
titlers,57448,6
untying,57440,6
boonies,57421,6
slights,57411,6
yokel,57410,6
throbs,57396,6
bunya,57395,6
jow,57389,6
biles,57387,6
gabs,57386,6
burps,57385,6
seral,57376,6
bleeps,57346,6
couche,57345,6
reposts,57342,6
rekey,57339,6
isba,57307,6
murrey,57306,6
planche,57294,6
whoopie,57292,6
windrow,57283,6
jilbab,57279,6
botas,57276,6
sloot,57272,6
retool,57270,6
jupe,57266,6
teether,57254,6
heaths,57248,6
toadies,57248,6
buras,57246,6
enjoins,57241,6
axilla,57239,6
operons,57238,6
boko,57231,6
drays,57222,6
rester,57219,6
arcsecs,57214,6
wisher,57206,6
starlit,57197,6
siddur,57190,6
swingle,57188,6
boulter,57163,6
colicky,57145,6
rasps,57142,6
treen,57141,6
ribbit,57137,6
aconite,57130,6
knaves,57130,6
busking,57129,6
hench,57115,6
pneuma,57106,6
commo,57104,6
sware,57104,6
coccyx,57103,6
tephra,57095,6
shtetl,57094,6
bubo,57093,6
davit,57082,6
hokum,57068,6
opsin,57058,6
ultimas,57051,6
ripcord,57037,6
morceau,57024,6
axolotl,57021,6
besting,57008,6
ruther,57003,6
triply,56990,6
ronne,56987,6
fones,56983,6
cowrie,56958,6
shinned,56955,6
jokey,56949,6
jabbed,56945,6
trog,56945,6
cire,56944,6
haptics,56943,6
llanos,56938,6
boxcars,56937,6
channa,56912,6
tige,56889,6
bryony,56887,6
ohia,56881,6
pomes,56875,6
sidearm,56868,6
liatris,56836,6
wenge,56834,6
offeree,56825,6
birdied,56811,6
cripes,56808,6
mousey,56807,6
pokie,56807,6
bunco,56806,6
rusts,56788,6
tieback,56777,6
rivulet,56766,6
seethed,56761,6
geest,56760,6
forel,56728,6
senti,56703,6
embolic,56692,6
allayed,56689,6
titis,56684,6
obiter,56679,6
pored,56678,6
divis,56674,6
gingiva,56657,6
schlong,56654,6
mirex,56648,6
rhody,56633,6
grizzle,56622,6
muscovy,56619,6
chloral,56601,6
sieger,56590,6
ikan,56576,6
warmups,56554,6
peen,56500,6
sene,56495,6
jackdaw,56494,6
drafty,56490,6
mickeys,56486,6
weeny,56479,6
diviner,56478,6
exuding,56476,6
jetlag,56461,6
bridie,56442,6
intimal,56433,6
tetras,56428,6
firepit,56415,6
casus,56402,6
solan,56393,6
variola,56388,6
sals,56375,6
examens,56373,6
ambo,56364,6
mornay,56363,6
zoa,56352,6
whizzes,56342,6
moscato,56337,6
labrets,56321,6
milles,56300,6
saker,56297,6
strack,56284,6
repays,56281,6
uncial,56278,6
bilby,56263,6
rived,56254,6
excises,56253,6
cusses,56251,6
zulus,56246,6
bridled,56244,6
limpid,56244,6
bracer,56202,6
facture,56199,6
sunned,56195,6
ingan,56187,6
shiners,56185,6
grippe,56170,6
salop,56167,6
incipit,56165,6
ameer,56160,6
unbuilt,56159,6
oys,56125,6
bema,56119,6
aril,56107,6
sloths,56102,6
psyops,56060,6
rolfs,56034,6
croaked,56032,6
capably,56030,6
lawmen,56019,6
flubber,56017,6
aias,56008,6
acceder,55997,6
porthos,55996,6
anziani,55995,6
arbs,55994,6
ayin,55982,6
kyanite,55981,6
locknut,55969,6
proofer,55966,6
rikishi,55966,6
allured,55962,6
syngas,55952,6
dentine,55938,6
copen,55931,6
clumped,55928,6
saxman,55928,6
mento,55926,6
phenoxy,55916,6
lignan,55912,6
ufology,55911,6
foist,55908,6
softy,55906,6
ganger,55890,6
abraded,55869,6
denar,55863,6
sickens,55853,6
busbar,55838,6
jolting,55828,6
gulps,55790,6
rennet,55784,6
sambuca,55779,6
hynde,55766,6
freest,55763,6
caird,55746,6
stepdad,55745,6
flippy,55737,6
bander,55731,6
dinkum,55731,6
etic,55725,6
bedsit,55723,6
welp,55714,6
maundy,55709,6
taluk,55706,6
whish,55706,6
polaron,55700,6
mangy,55682,6
catarrh,55681,6
etcher,55678,6
mixdown,55669,6
doffing,55664,6
organa,55660,6
danks,55601,6
sledges,55597,6
utiles,55594,6
rebind,55572,6
orients,55570,6
biggy,55567,6
tonearm,55564,6
protist,55549,6
patens,55545,6
carlock,55530,6
violist,55523,6
ileus,55520,6
valency,55507,6
soth,55505,6
primp,55497,6
bayous,55495,6
eugenic,55494,6
juntas,55481,6
raker,55469,6
bitched,55468,6
gipper,55468,6
isit,55464,6
keech,55450,6
sangoma,55432,6
helming,55425,6
shouse,55413,6
plosive,55409,6
breezed,55406,6
wooler,55406,6
plasm,55404,6
jambs,55394,6
camgirl,55392,6
craver,55382,6
noles,55380,6
syren,55371,6
pawpaw,55367,6
etui,55342,6
illogic,55334,6
chook,55330,6
finning,55327,6
pincers,55291,6
sanga,55269,6
kinders,55253,6
quim,55250,6
tourers,55248,6
wooding,55239,6
loppers,55228,6
rager,55221,6
needled,55220,6
raser,55216,6
comus,55186,6
earthed,55184,6
venders,55174,6
cooties,55164,6
infanta,55158,6
pudu,55154,6
gimlet,55149,6
anlage,55141,6
jobes,55138,6
pincer,55138,6
lignum,55131,6
musette,55123,6
fucus,55113,6
juntos,55103,6
umami,55097,6
nill,55090,6
bonnier,55088,6
dewars,55075,6
regaled,55069,6
mancala,55066,6
gummer,55065,6
retakes,55054,6
kail,55051,6
washin,55047,6
filius,55036,6
wheal,55009,6
soave,54998,6
junks,54989,6
carpel,54980,6
keeled,54977,6
tatus,54967,6
jeered,54966,6
ganging,54953,6
smutty,54946,6
vola,54941,6
zodiacs,54938,6
sheeted,54937,6
gudgeon,54935,6
pwns,54923,6
foxed,54921,6
mope,54887,6
bastos,54883,6
vilify,54882,6
daines,54839,6
prats,54833,6
baying,54820,6
impale,54820,6
dorsum,54786,6
teres,54779,6
tritone,54777,6
fief,54775,6
armhole,54761,6
hoddle,54748,6
repents,54745,6
rebase,54738,6
remora,54737,6
boult,54727,6
bombyx,54726,6
scient,54715,6
attune,54703,6
nimmer,54698,6
hibachi,54695,6
goaded,54690,6
seres,54684,6
mislaid,54669,6
studly,54669,6
mushing,54666,6
gigolos,54659,6
sneads,54656,6
greying,54646,6
addio,54645,6
meris,54643,6
imprest,54637,6
ivories,54637,6
geat,54628,6
jacana,54621,6
unfired,54615,6
segues,54612,6
rotund,54606,6
pickaxe,54591,6
oakmoss,54580,6
babbled,54573,6
sorbo,54561,6
aspic,54553,6
besiege,54544,6
sherpas,54537,6
blandly,54536,6
jotter,54495,6
mushers,54488,6
dinge,54467,6
slake,54463,6
osmolar,54460,6
buffa,54425,6
baluns,54422,6
speared,54405,6
bingos,54378,6
flowage,54346,6
gobies,54346,6
dunnage,54331,6
deigned,54327,6
giller,54323,6
borked,54312,6
slaver,54310,6
sidle,54306,6
greaser,54303,6
flamers,54298,6
boogers,54284,6
seil,54275,6
biotope,54271,6
heys,54257,6
scolds,54244,6
trawled,54237,6
ogee,54235,6
scleral,54230,6
chows,54217,6
asura,54205,6
ragout,54200,6
colobus,54191,6
unhook,54189,6
reeker,54176,6
assai,54173,6
goest,54161,6
grandam,54153,6
wowing,54153,6
bonbons,54139,6
gerund,54121,6
cager,54107,6
stob,54085,6
fundie,54084,6
livings,54080,6
sorbate,54079,6
systole,54079,6
lignans,54071,6
pledger,54069,6
lorette,54062,6
nares,54047,6
spek,54047,6
barong,54044,6
spirea,54028,6
sheiks,54024,6
morrice,54019,6
hoeing,54003,6
monie,54001,6
wobbled,53999,6
bulgur,53997,6
ascaris,53996,6
orval,53993,6
tenpin,53979,6
buran,53977,6
summand,53976,6
flokati,53964,6
maces,53959,6
nicking,53950,6
ados,53941,6
snorts,53939,6
tacker,53939,6
juco,53919,6
rebrand,53910,6
flubs,53909,6
pandy,53890,6
sergers,53882,6
frumpy,53879,6
yond,53879,6
ebbets,53874,6
striate,53871,6
annat,53865,6
kapow,53849,6
ratably,53847,6
afters,53846,6
velar,53837,6
prudish,53835,6
pelting,53833,6
maws,53782,6
bailer,53781,6
cids,53780,6
flouted,53780,6
giron,53771,6
biked,53763,6
toucans,53735,6
endrin,53734,6
sye,53724,6
poos,53708,6
gemmy,53707,6
discoid,53699,6
gunite,53674,6
neese,53674,6
osier,53672,6
heeling,53663,6
nans,53657,6
cardon,53626,6
scuse,53625,6
muhly,53624,6
joyless,53611,6
fizzles,53605,6
felsic,53592,6
loftier,53574,6
stolid,53571,6
azerty,53561,6
teems,53560,6
earwigs,53550,6
roon,53550,6
ired,53547,6
kaupapa,53544,6
pawing,53539,6
gamely,53537,6
corgis,53523,6
barilla,53514,6
willets,53507,6
lammy,53504,6
honan,53486,6
chinned,53481,6
titter,53481,6
muts,53466,6
isobars,53465,6
magnums,53465,6
cummin,53451,6
louvres,53449,6
axing,53425,6
geekdom,53425,6
mondes,53423,6
sauls,53407,6
deified,53404,6
deontic,53401,6
colones,53396,6
vodcast,53375,6
pulsion,53373,6
ratu,53364,6
noobie,53361,6
snuffer,53348,6
skorts,53347,6
peni,53345,6
tawney,53344,6
dault,53322,6
teff,53315,6
vittles,53310,6
fleeced,53306,6
siris,53304,6
firebug,53301,6
conchos,53298,6
graines,53298,6
conlang,53294,6
tassos,53275,6
ruckman,53272,6
amarna,53270,6
auditee,53257,6
kittle,53241,6
taggers,53238,6
flitted,53236,6
facer,53232,6
solfege,53221,6
gants,53220,6
hedger,53214,6
gulfs,53210,6
truisms,53204,6
pontine,53192,6
biggins,53190,6
manat,53190,6
braes,53166,6
nagas,53165,6
eyeless,53154,6
pengo,53144,6
ricinus,53144,6
ketubah,53141,6
deare,53140,6
salmi,53135,6
corbeil,53127,6
rumbo,53120,6
juggled,53116,6
lushly,53102,6
teles,53095,6
apsis,53093,6
reified,53089,6
telamon,53083,6
urtica,53080,6
goatse,53067,6
jinxed,53067,6
scoffs,53063,6
wussy,53062,6
leese,53057,6
zephyrs,53046,6
pleader,53037,6
bawl,53024,6
casque,53021,6
trills,53015,6
locums,53011,6
tracted,53011,6
berbers,53010,6
marvy,53009,6
slicked,53003,6
templet,53001,6
hoofed,52993,6
sundari,52993,6
outwash,52988,6
mease,52987,6
quiting,52985,6
vivas,52978,6
mikvah,52975,6
matrice,52974,6
risus,52968,6
sheller,52967,6
blared,52944,6
fumetti,52932,6
lopping,52927,6
dowie,52916,6
syrinx,52916,6
munched,52907,6
fecund,52902,6
aminos,52901,6
askari,52892,6
euphony,52892,6
gelcoat,52878,6
motored,52871,6
epact,52857,6
moho,52852,6
quadric,52850,6
gilden,52831,6
ostler,52822,6
gotch,52814,6
scrips,52807,6
gimps,52802,6
ragwort,52801,6
aerate,52799,6
pattee,52798,6
diptych,52797,6
kratom,52785,6
benne,52776,6
bools,52775,6
malis,52774,6
synteny,52773,6
budworm,52766,6
druidic,52765,6
bubby,52761,6
drachm,52760,6
eponyms,52760,6
putamen,52737,6
sondage,52729,6
trolly,52706,6
tyros,52703,6
hepcat,52700,6
thiols,52696,6
spiraea,52675,6
stela,52675,6
furred,52653,6
icones,52643,6
hotbeds,52640,6
feck,52627,6
forebay,52625,6
straint,52617,6
bhakta,52603,6
enthuse,52597,6
chummy,52593,6
ikat,52588,6
baddie,52585,6
cutis,52575,6
pigsty,52563,6
dolman,52557,6
paty,52556,6
caprock,52551,6
maister,52542,6
trounce,52541,6
follis,52538,6
slipway,52532,6
olivers,52525,6
townies,52525,6
fraise,52517,6
unfurl,52511,6
muskies,52464,6
puggle,52461,6
medicos,52451,6
myosins,52439,6
vade,52433,6
reverbs,52426,6
solidi,52413,6
hardhat,52408,6
sickbay,52397,6
alkene,52391,6
debar,52384,6
crazily,52356,6
effaced,52356,6
beguile,52351,6
mammas,52329,6
binges,52328,6
kunzite,52327,6
hoagies,52292,6
glogg,52283,6
mirages,52281,6
pieris,52270,6
crufts,52258,6
carpi,52249,6
tipoff,52236,6
fixate,52222,6
caroli,52221,6
amort,52215,6
faille,52213,6
machos,52188,6
looter,52187,6
coyly,52174,6
ponton,52172,6
dixi,52168,6
shaked,52164,6
gravid,52160,6
pech,52152,6
pentose,52131,6
woad,52129,6
jughead,52119,6
hazan,52114,6
thrid,52106,6
gabbard,52102,6
satiate,52091,6
journos,52074,6
brasses,52070,6
lethe,52069,6
embolus,52063,6
hettie,52054,6
dogbane,52051,6
tepee,52048,6
koff,52040,6
dowse,52031,6
flytrap,52031,6
busk,52025,6
navaids,52018,6
kinked,52013,6
manics,51994,6
outdid,51994,6
duits,51993,6
jerkin,51989,6
doorn,51985,6
yogurts,51975,6
cyanine,51973,6
jaybird,51969,6
hilts,51962,6
canapes,51956,6
stopes,51953,6
abided,51950,6
koru,51950,6
glomus,51938,6
miche,51922,6
horary,51909,6
tummies,51904,6
virtu,51894,6
plucks,51886,6
muggers,51868,6
sogs,51858,6
trews,51842,6
rullion,51840,6
spaw,51837,6
badged,51833,6
coth,51828,6
isobar,51827,6
buggery,51816,6
taters,51787,6
kohanim,51773,6
argot,51766,6
dolled,51766,6
tamers,51744,6
drave,51731,6
fontina,51731,6
luces,51728,6
blowed,51727,6
pirn,51718,6
maestri,51712,6
tyg,51712,6
dores,51709,6
vare,51706,6
chervil,51702,6
whang,51697,6
canting,51691,6
ethe,51689,6
touse,51689,6
coate,51688,6
sinewy,51688,6
lauch,51683,6
biters,51681,6
frilled,51679,6
bekah,51673,6
putted,51667,6
unspun,51645,6
athame,51637,6
lambie,51635,6
mels,51635,6
slosh,51634,6
astone,51622,6
phrenic,51622,6
dagga,51615,6
fibril,51592,6
humbler,51588,6
burnish,51574,6
nanas,51563,6
pucka,51563,6
bumbo,51541,6
tatt,51541,6
hoki,51511,6
sandpit,51505,6
hooey,51491,6
limbed,51485,6
gallate,51478,6
ibidem,51475,6
bents,51470,6
manawa,51453,6
wecht,51439,6
boons,51432,6
aroha,51420,6
batiks,51403,6
alcoves,51389,6
salable,51382,6
annona,51380,6
arsons,51357,6
billow,51354,6
somas,51354,6
putten,51337,6
maybes,51335,6
tody,51334,6
pyrrole,51320,6
effete,51318,6
wombs,51318,6
zircons,51304,6
wots,51299,6
lovage,51273,6
pouted,51270,6
mafioso,51263,6
bulks,51261,6
schisms,51260,6
pothead,51251,6
rosehip,51242,6
wakened,51238,6
scaredy,51212,6
idents,51197,6
lucidly,51186,6
dulling,51184,6
sidled,51184,6
chevre,51183,6
lolium,51179,6
tartars,51179,6
ebbed,51173,6
lude,51159,6
biryani,51157,6
astir,51145,6
bussed,51138,6
posable,51137,6
clines,51135,6
stude,51128,6
casini,51119,6
extasy,51109,6
lourie,51103,6
papules,51093,6
reeked,51093,6
qabalah,51071,6
tynes,51067,6
limps,51039,6
whizzer,51031,6
divined,51030,6
cootie,51008,6
cocci,50999,6
mobbing,50985,6
meanes,50979,6
sieved,50969,6
yeesh,50965,6
parol,50960,6
odium,50950,6
siphons,50942,6
rasping,50933,6
newsies,50932,6
manito,50921,6
mandola,50914,6
carrels,50911,6
furball,50900,6
caulker,50896,6
papered,50893,6
learing,50871,6
clamber,50868,6
spined,50858,6
billers,50845,6
burb,50844,6
tanuki,50844,6
sloe,50800,6
alders,50793,6
squab,50789,6
pilus,50783,6
tache,50780,6
caver,50776,6
ducats,50745,6
empyema,50740,6
lops,50739,6
dool,50719,6
bulgar,50697,6
updo,50695,6
apparat,50681,6
sparrer,50681,6
gerbe,50674,6
rutted,50672,6
rase,50671,6
sticked,50668,6
roguish,50658,6
linds,50651,6
autumns,50647,6
uvula,50618,6
jelling,50610,6
terras,50609,6
speel,50603,6
sicken,50596,6
muzzled,50573,6
folles,50572,6
varas,50570,6
bemoans,50568,6
rifting,50568,6
gobbi,50563,6
blenny,50559,6
thangka,50559,6
toodles,50559,6
peons,50556,6
hoser,50554,6
taipan,50549,6
languor,50544,6
mucked,50540,6
adenoid,50538,6
orality,50533,6
epochal,50522,6
ambled,50517,6
jabbing,50501,6
charr,50499,6
munge,50488,6
monocot,50483,6
foaling,50478,6
marcs,50472,6
lounged,50470,6
opas,50465,6
fudging,50459,6
idles,50456,6
dibasic,50451,6
hokes,50451,6
sored,50450,6
solera,50449,6
kurtas,50447,6
vitas,50443,6
rustics,50436,6
talky,50436,6
inanity,50435,6
agma,50420,6
visites,50409,6
summar,50406,6
chancey,50397,6
ingroup,50355,6
urbs,50355,6
assort,50353,6
pends,50346,6
peplum,50339,6
sori,50334,6
vison,50332,6
hoorah,50330,6
uncared,50329,6
babbles,50322,6
conne,50322,6
prised,50318,6
fibroma,50315,6
iller,50306,6
huffer,50289,6
fiefdom,50287,6
moki,50286,6
revile,50269,6
goodby,50257,6
paresis,50254,6
marmots,50250,6
bagman,50248,6
egoist,50245,6
palla,50245,6
cowman,50241,6
lede,50240,6
sherds,50225,6
nanook,50223,6
dukkha,50217,6
cajoled,50208,6
emotes,50200,6
minuets,50178,6
kraal,50172,6
whizzed,50163,6
socked,50161,6
wonga,50161,6
dugouts,50159,6
nanobot,50151,6
sangeet,50136,6
marris,50135,6
airings,50134,6
hoofer,50134,6
snowcat,50134,6
alyssum,50127,6
jobbing,50095,6
okayed,50093,6
peris,50088,6
biner,50080,6
pervy,50057,6
cooch,50051,6
lown,50041,6
bigness,50038,6
plexes,50035,6
chicha,50025,6
bearpaw,50023,6
jeering,50002,6
glycans,50001,6
recomb,49987,6
lippy,49972,6
goads,49971,6
ogling,49971,6
muckle,49954,6
causer,49940,6
retells,49937,6
twirls,49935,6
malar,49930,6
bromate,49922,6
lactams,49904,6
stowing,49889,6
tardies,49889,6
shola,49881,6
nautic,49877,6
dysuria,49873,6
celesta,49867,6
warbles,49867,6
fowlers,49862,6
naped,49859,6
tandoor,49851,6
antrum,49846,6
gowans,49844,6
chides,49843,6
bozos,49842,6
owt,49840,6
whooped,49839,6
haught,49838,6
ovules,49838,6
unladen,49838,6
baggers,49833,6
homonym,49814,6
conures,49812,6
baye,49798,6
gundog,49793,6
warks,49780,6
deres,49777,6
ureters,49774,6
grouted,49763,6
sporter,49755,6
frother,49749,6
undine,49746,6
criollo,49743,6
sheeple,49742,6
ensnare,49715,6
axeman,49710,6
sames,49702,6
weeke,49698,6
jujube,49696,6
kiltie,49694,6
seamer,49680,6
spurted,49672,6
ejido,49671,6
umbral,49671,6
sutured,49668,6
loathes,49655,6
sulfone,49654,6
urate,49640,6
toupees,49632,6
lipe,49608,6
nife,49597,6
scads,49595,6
oleate,49588,6
picacho,49586,6
rathe,49569,6
vomits,49557,6
gubbins,49549,6
miked,49541,6
skittle,49532,6
votable,49531,6
sillier,49508,6
jibes,49492,6
smectic,49484,6
gasohol,49476,6
yurts,49475,6
jato,49472,6
stoat,49468,6
moping,49439,6
dagwood,49434,6
thees,49427,6
titrate,49426,6
cretins,49416,6
roue,49415,6
dhol,49401,6
showbox,49396,6
magnes,49392,6
slaty,49371,6
blare,49365,6
pooka,49363,6
wides,49358,6
steens,49355,6
curlies,49352,6
secondi,49347,6
sofar,49346,6
piton,49345,6
mulley,49340,6
evilly,49328,6
noice,49320,6
prent,49319,6
peaty,49312,6
bads,49311,6
yaws,49303,6
harkens,49296,6
wabs,49279,6
trebled,49277,6
rebuts,49274,6
clausal,49271,6
offtake,49255,6
sobers,49243,6
tindal,49237,6
musos,49228,6
dicted,49224,6
valved,49207,6
aufs,49195,6
chimo,49195,6
roughs,49184,6
impugn,49180,6
troggs,49175,6
jicama,49172,6
postop,49166,6
greeny,49161,6
budos,49160,6
defiler,49157,6
drawled,49149,6
entwine,49145,6
florins,49125,6
sechs,49108,6
protei,49105,6
bokken,49100,6
doxie,49093,6
koka,49093,6
munter,49089,6
eolian,49087,6
poot,49084,6
pointes,49079,6
kops,49049,6
clerked,49046,6
swatter,49046,6
volar,49012,6
vele,48997,6
puranas,48989,6
delphic,48985,6
villous,48983,6
kakuro,48982,6
steil,48974,6
uplifts,48967,6
caramba,48962,6
bruxism,48953,6
dawah,48953,6
tecs,48951,6
armer,48949,6
modals,48932,6
udders,48925,6
renege,48922,6
forager,48921,6
nagged,48917,6
metatag,48887,6
rueful,48872,6
relives,48845,6
vakil,48840,6
rawness,48835,6
holmium,48802,6
almas,48769,6
tuns,48765,6
teddie,48729,6
dignify,48723,6
enology,48705,6
swagman,48705,6
mouthy,48704,6
tarried,48692,6
drys,48677,6
basant,48645,6
minge,48616,6
evader,48600,6
tsars,48591,6
tilth,48587,6
grazers,48574,6
capiz,48568,6
platina,48563,6
dipshit,48548,6
ecus,48536,6
spicey,48534,6
corms,48528,6
ravish,48528,6
gluteus,48526,6
flugel,48524,6
realest,48517,6
byword,48491,6
renne,48474,6
burtons,48466,6
warded,48463,6
stygian,48462,6
piler,48459,6
bahu,48443,6
serval,48441,6
happi,48438,6
etoiles,48432,6
doleful,48428,6
drooled,48427,6
ritt,48426,6
domy,48423,6
ridging,48418,6
baize,48414,6
ethene,48403,6
blagues,48378,6
peening,48378,6
polecat,48373,6
spoked,48371,6
granita,48356,6
mayst,48355,6
dunker,48348,6
harling,48337,6
lingam,48337,6
dicer,48336,6
parried,48336,6
rhamnus,48324,6
serifs,48323,6
samosa,48318,6
bovines,48313,6
talpa,48306,6
dogleg,48297,6
elbowed,48297,6
ewers,48288,6
nerdier,48288,6
buhr,48287,6
hairdos,48286,6
dualist,48283,6
conchas,48264,6
eik,48264,6
furze,48262,6
guana,48251,6
alembic,48245,6
sambal,48237,6
alang,48219,6
blazar,48207,6
cultist,48202,6
pawned,48202,6
hydatid,48193,6
bunkie,48177,6
oaky,48176,6
friz,48169,6
charism,48153,6
dills,48131,6
feal,48126,6
hend,48121,6
warders,48119,6
whens,48116,6
unibody,48104,6
unital,48102,6
paster,48092,6
nairu,48069,6
mentos,48064,6
simkins,48057,6
cang,48042,6
flagon,48041,6
loll,48041,6
janny,48039,6
wieners,48028,6
sorbed,48023,6
wormy,48023,6
ligges,48018,6
dicamba,47998,6
geste,47991,6
octant,47987,6
clonic,47985,6
uglies,47979,6
ciders,47959,6
grifter,47953,6
crem,47952,6
teers,47950,6
triadic,47944,6
horsing,47943,6
slank,47932,6
steerer,47928,6
killjoy,47923,6
milia,47922,6
sulph,47919,6
loopers,47918,6
pebbly,47917,6
rebated,47914,6
loots,47910,6
nole,47890,6
abashed,47881,6
bocage,47879,6
plunked,47878,6
carboy,47875,6
kindler,47857,6
boutons,47855,6
crosser,47850,6
watter,47840,6
apted,47832,6
offerer,47821,6
amnesic,47818,6
canted,47818,6
refile,47816,6
brooded,47813,6
tingles,47813,6
gamb,47811,6
marcato,47806,6
ranker,47784,6
feaster,47775,6
paten,47772,6
curiosa,47768,6
dandies,47763,6
mulched,47761,6
aals,47736,6
striae,47732,6
pensees,47714,6
kiddle,47712,6
jujutsu,47696,6
kippah,47691,6
serail,47686,6
ingenue,47685,6
dobs,47678,6
juncos,47671,6
maxing,47671,6
gleeman,47670,6
hallux,47667,6
doxy,47666,6
manakin,47654,6
unities,47652,6
chaw,47638,6
silts,47638,6
circlip,47637,6
rakish,47627,6
roble,47626,6
xis,47623,6
rhymer,47608,6
arrear,47588,6
pangram,47585,6
trimix,47578,6
peptone,47577,6
roids,47575,6
unraced,47572,6
portas,47570,6
gitano,47550,6
carnets,47549,6
harrows,47529,6
deme,47517,6
latus,47517,6
lapdog,47506,6
punning,47503,6
nonny,47498,6
korat,47485,6
tufa,47481,6
leaker,47471,6
choons,47465,6
finjan,47457,6
blobby,47455,6
gawking,47451,6
hilar,47448,6
diorite,47442,6
gherkin,47437,6
prober,47433,6
aldea,47423,6
bougie,47400,6
bazz,47375,6
onside,47355,6
glady,47349,6
prese,47337,6
basked,47331,6
aureole,47319,6
grece,47284,6
emend,47283,6
cloaca,47281,6
golpe,47267,6
footmen,47260,6
recoils,47256,6
leavy,47254,6
excepts,47253,6
dobbie,47243,6
flyte,47235,6
tangs,47230,6
loir,47220,6
culty,47215,6
gobos,47193,6
legging,47183,6
gorging,47181,6
trode,47157,6
lumpen,47153,6
depute,47150,6
musks,47139,6
savours,47139,6
mansard,47134,6
sutor,47130,6
bucko,47129,6
skive,47114,6
clods,47107,6
hexyl,47095,6
mantled,47092,6
whacker,47089,6
illite,47066,6
noesis,47061,6
thetic,47059,6
carinae,47058,6
readier,47052,6
floes,47050,6
kente,47041,6
clarkia,47031,6
bulley,47025,6
cowered,47024,6
shying,47023,6
goitre,47012,6
sundew,46991,6
renga,46990,6
cutworm,46965,6
edgier,46964,6
brrr,46959,6
khadi,46957,6
slacken,46957,6
diazo,46955,6
aloo,46950,6
leaper,46949,6
yack,46941,6
milieux,46940,6
lorica,46938,6
booboo,46927,6
tomcats,46922,6
keloid,46905,6
warre,46901,6
bisect,46896,6
wallie,46895,6
russias,46890,6
trouper,46884,6
cadi,46879,6
funfair,46871,6
hotpot,46847,6
pome,46846,6
ceder,46829,6
mousy,46820,6
colly,46813,6
ariki,46804,6
luit,46799,6
thrawn,46799,6
upended,46773,6
druggie,46751,6
wavey,46745,6
trustor,46739,6
hedera,46723,6
lopped,46722,6
rodes,46703,6
scrunch,46703,6
secreta,46702,6
dogfood,46690,6
harks,46663,7
sabella,46663,7
unaired,46656,7
regrind,46654,7
colling,46650,7
lustily,46643,7
zoner,46617,7
reefers,46591,7
bimetal,46586,7
munis,46585,7
aiders,46583,7
winns,46583,7
sixfold,46579,7
blueway,46574,7
gists,46570,7
unchain,46557,7
roky,46545,7
dingus,46519,7
chorion,46518,7
sakti,46511,7
scorns,46502,7
laggard,46500,7
beany,46499,7
sial,46491,7
amylose,46490,7
hurtle,46483,7
norths,46478,7
honkers,46470,7
meers,46469,7
dogger,46464,7
whacko,46462,7
gentes,46461,7
liri,46459,7
richens,46458,7
nane,46457,7
hyphal,46443,7
satins,46431,7
teleost,46425,7
coppery,46417,7
toddle,46417,7
amidase,46404,7
pallium,46403,7
istana,46402,7
cabala,46396,7
hinging,46388,7
gimpy,46387,7
nomina,46386,7
guffaw,46384,7
levins,46362,7
carneys,46350,7
acerola,46344,7
linga,46335,7
ragtop,46331,7
vised,46330,7
unicity,46323,7
inured,46306,7
tackler,46305,7
mallei,46302,7
helling,46299,7
cowslip,46297,7
cantar,46273,7
ramekin,46260,7
scarily,46256,7
xrays,46248,7
wizened,46239,7
yankers,46237,7
comique,46232,7
berthed,46212,7
mudcat,46207,7
gorged,46182,7
arabis,46172,7
kines,46172,7
hurra,46164,7
ossuary,46158,7
necking,46157,7
falloff,46150,7
mucins,46147,7
segs,46142,7
musters,46135,7
gunwale,46127,7
agonize,46116,7
deducts,46115,7
flopper,46115,7
swatted,46111,7
doughs,46107,7
sorbus,46107,7
jowl,46104,7
defocus,46096,7
kenaf,46083,7
astilbe,46070,7
fetiche,46051,7
mbira,46043,7
coving,46042,7
prodrug,46032,7
fuddy,46030,7
thill,46026,7
panga,46002,7
galing,46000,7
haying,46000,7
whetted,45998,7
funker,45995,7
leavens,45994,7
spim,45990,7
carious,45988,7
emic,45968,7
orbita,45959,7
thwack,45950,7
nitwit,45944,7
encinal,45924,7
meres,45920,7
aeneus,45918,7
gelcaps,45918,7
grotty,45891,7
icecap,45886,7
dewdrop,45883,7
tritons,45874,7
retros,45873,7
huffed,45866,7
swizz,45863,7
slavers,45861,7
kippot,45844,7
nard,45844,7
carse,45840,7
rafale,45836,7
treater,45835,7
humpy,45823,7
pown,45814,7
aurally,45811,7
hankie,45800,7
bungs,45792,7
weigher,45790,7
itas,45783,7
maffia,45776,7
scupper,45774,7
orbited,45767,7
roose,45767,7
inhales,45759,7
broths,45755,7
shrove,45754,7
wendigo,45754,7
abbs,45751,7
cerias,45744,7
augurs,45741,7
saiga,45727,7
slacked,45718,7
palet,45716,7
encamp,45711,7
frustum,45707,7
scalped,45707,7
trigo,45704,7
ricer,45703,7
pelotas,45701,7
gauger,45700,7
stane,45697,7
cetane,45690,7
evinces,45680,7
zonk,45676,7
skims,45654,7
erics,45651,7
smoothy,45649,7
mobe,45647,7
selles,45644,7
tutus,45643,7
corella,45630,7
deputed,45622,7
glitchy,45609,7
phasor,45607,7
rearm,45604,7
chancy,45599,7
orogen,45592,7
postie,45592,7
conine,45587,7
laisse,45577,7
caber,45575,7
bostons,45572,7
bollen,45567,7
demur,45556,7
sloper,45544,7
imposts,45532,7
raffled,45514,7
levered,45487,7
moten,45477,7
wagged,45474,7
rhombic,45460,7
garran,45450,7
arish,45447,7
reeded,45432,7
halons,45429,7
copays,45408,7
earwig,45402,7
satyrs,45396,7
ijtihad,45395,7
meting,45383,7
cornu,45380,7
cortege,45364,7
hangups,45364,7
beholds,45332,7
patte,45332,7
kadi,45324,7
terpene,45323,7
baster,45316,7
sainted,45316,7
whereat,45302,7
fibber,45291,7
glueing,45286,7
utas,45280,7
invar,45261,7
semipro,45224,7
thale,45218,7
aune,45217,7
cuit,45213,7
cancan,45210,7
fusilli,45207,7
inscape,45187,7
piani,45176,7
recolor,45175,7
lurches,45165,7
decidua,45154,7
henleys,45153,7
segar,45150,7
halling,45143,7
boleros,45141,7
airshed,45138,7
gamay,45134,7
omegas,45132,7
squawks,45128,7
lobar,45124,7
dewing,45116,7
binger,45107,7
deaden,45103,7
mizz,45102,7
twangy,45089,7
jonty,45085,7
mawk,45084,7
sammies,45077,7
ovule,45073,7
venial,45072,7
hansom,45070,7
sabir,45054,7
barged,45051,7
windbag,45051,7
lameter,45050,7
capelin,45047,7
birken,45042,7
biotype,45033,7
snively,45033,7
wideout,45025,7
righter,45021,7
foggers,45020,7
pinetum,45015,7
lamed,45011,7
bivvy,45002,7
waterer,45002,7
mixte,44992,7
hulks,44989,7
serrate,44979,7
brocket,44975,7
dodder,44970,7
pigging,44966,7
quiches,44962,7
wynns,44962,7
caprine,44957,7
abjured,44937,7
tricker,44936,7
jacobin,44932,7
wedging,44916,7
stiffed,44911,7
egis,44898,7
mogs,44893,7
tenny,44893,7
heckuva,44888,7
pries,44883,7
delph,44880,7
rajas,44879,7
machan,44874,7
skald,44871,7
kyne,44866,7
cupric,44859,7
slobber,44858,7
coital,44857,7
demy,44843,7
almes,44838,7
cloches,44816,7
temenos,44812,7
bitting,44796,7
hurly,44789,7
cleated,44787,7
skiable,44779,7
papasan,44769,7
toco,44768,7
tapings,44767,7
bunter,44756,7
burgher,44750,7
herdman,44740,7
silicic,44740,7
ceas,44736,7
gally,44736,7
dryas,44723,7
monocle,44698,7
doby,44697,7
guarder,44689,7
undyed,44680,7
chiasm,44677,7
spicule,44671,7
lapper,44669,7
swith,44669,7
mauls,44665,7
meanies,44661,7
vocalic,44659,7
notaire,44657,7
offy,44650,7
crims,44647,7
dabbles,44644,7
deceits,44643,7
saponin,44639,7
policer,44636,7
neep,44619,7
opaline,44616,7
creds,44604,7
practic,44581,7
merlins,44579,7
totara,44566,7
grans,44562,7
mukluk,44560,7
canards,44553,7
mollify,44539,7
bulked,44533,7
cranch,44533,7
greeing,44527,7
verdin,44527,7
spruced,44516,7
pareo,44508,7
acnes,44507,7
quiring,44491,7
floreat,44489,7
tids,44488,7
griffe,44486,7
ligula,44480,7
platy,44469,7
nodder,44468,7
malleus,44465,7
oilman,44457,7
rends,44455,7
cinched,44452,7
nuzzled,44448,7
kibbles,44424,7
kight,44422,7
sculpts,44405,7
perilla,44401,7
truing,44393,7
toffees,44386,7
zila,44373,7
spleens,44367,7
eggy,44364,7
lowboy,44360,7
brillo,44355,7
earworm,44345,7
scarabs,44344,7
dugongs,44328,7
boff,44323,7
marras,44312,7
spaders,44304,7
bisects,44280,7
huia,44274,7
catfood,44271,7
legates,44270,7
beardy,44254,7
trialed,44247,7
aplasia,44244,7
dibutyl,44229,7
gallica,44226,7
traves,44215,7
cruddy,44206,7
tagine,44202,7
pians,44201,7
miscues,44196,7
brimmer,44194,7
shitake,44192,7
conics,44184,7
romanza,44181,7
bels,44175,7
vidette,44173,7
organdy,44172,7
rootsy,44172,7
natto,44145,7
linch,44144,7
surveil,44139,7
tappet,44139,7
loquat,44121,7
sylph,44120,7
jesting,44109,7
vinal,44098,7
trebles,44097,7
burgled,44095,7
deltaic,44093,7
icterus,44092,7
masjids,44087,7
townie,44086,7
tendril,44078,7
dooks,44077,7
dangler,44074,7
modica,44072,7
drogues,44068,7
rushen,44062,7
lynes,44061,7
clangs,44055,7
nubby,44046,7
firn,44045,7
harpies,44043,7
condie,44036,7
lupins,44028,7
papery,44010,7
honked,44007,7
brassed,44006,7
sorbets,43954,7
kirkton,43950,7
sleighs,43947,7
maximin,43943,7
cohere,43940,7
quango,43935,7
ebaying,43932,7
liard,43929,7
circs,43924,7
punned,43916,7
aridity,43908,7
salvos,43900,7
splined,43900,7
uncoded,43891,7
puddy,43886,7
glucans,43883,7
amarone,43869,7
limply,43866,7
puces,43865,7
dosha,43861,7
madrasa,43840,7
cental,43822,7
piddle,43816,7
talls,43808,7
lovies,43799,7
serac,43796,7
anaemic,43795,7
rabidly,43792,7
baftas,43790,7
euglena,43788,7
postmen,43782,7
bandh,43780,7
holing,43780,7
kobs,43778,7
minium,43770,7
rashed,43765,7
trocar,43758,7
clitics,43754,7
refurbs,43749,7
pinguin,43745,7
assizes,43737,7
shier,43728,7
ursine,43722,7
funked,43719,7
devons,43711,7
zinco,43694,7
cheapie,43687,7
lauras,43672,7
woosh,43669,7
doncha,43667,7
ngaio,43660,7
bolas,43633,7
lurcher,43630,7
wardrop,43616,7
anhinga,43613,7
niter,43607,7
bosquet,43602,7
pyxis,43594,7
labella,43578,7
peacoat,43572,7
poolers,43570,7
copyist,43563,7
logline,43562,7
degs,43561,7
watchet,43544,7
cecal,43532,7
slimes,43531,7
litoral,43522,7
avionic,43520,7
grouts,43510,7
taenia,43505,7
tousled,43502,7
wolfer,43502,7
venire,43497,7
whup,43494,7
courser,43493,7
talas,43491,7
imbues,43486,7
cremes,43481,7
avas,43479,7
halberd,43478,7
doona,43477,7
kesh,43466,7
ahadith,43441,7
blaw,43420,7
enol,43412,7
extols,43407,7
finner,43399,7
rosti,43398,7
pyrrhic,43397,7
erects,43390,7
outwear,43390,7
instars,43385,7
reindex,43385,7
murre,43380,7
chillum,43358,7
bellboy,43354,7
reak,43338,7
bencher,43334,7
amiably,43322,7
sundog,43316,7
kbar,43310,7
nappe,43295,7
fulsome,43289,7
schmalz,43277,7
hitcher,43276,7
retitle,43272,7
gauzy,43269,7
curies,43267,7
maggies,43243,7
manges,43229,7
amoebae,43226,7
tuatara,43224,7
mangel,43223,7
permed,43221,7
marcher,43213,7
avens,43203,7
moated,43183,7
blitzes,43170,7
owlet,43168,7
amoebic,43166,7
laziest,43164,7
oblasts,43158,7
unco,43145,7
czarist,43141,7
coddle,43139,7
debase,43136,7
toroids,43133,7
gossipy,43132,7
orogeny,43124,7
willer,43117,7
ains,43107,7
chappie,43103,7
bricked,43098,7
distil,43074,7
shoguns,43063,7
albite,43059,7
intels,43053,7
quids,43051,7
soju,43050,7
passel,43048,7
hugest,43040,7
colins,43036,7
hornish,43036,7
gelt,43032,7
canso,43027,7
moers,43027,7
entires,43018,7
whirly,43018,7
gaged,43017,7
jumbles,43009,7
eath,43006,7
doodads,43004,7
vug,42999,7
placers,42992,7
airdrop,42984,7
ruedas,42982,7
vaster,42982,7
seethe,42974,7
reny,42970,7
ablated,42963,7
clifty,42936,7
prajna,42936,7
garis,42928,7
turista,42922,7
sawfly,42904,7
specula,42903,7
caftan,42896,7
custos,42895,7
braza,42894,7
fazenda,42887,7
alus,42875,7
besom,42868,7
bajan,42864,7
derbies,42845,7
sprawls,42843,7
texter,42821,7
idylls,42819,7
frisson,42805,7
friezes,42802,7
infimum,42787,7
pintle,42783,7
spinout,42780,7
inia,42764,7
lovat,42761,7
farces,42760,7
sexpert,42759,7
unshift,42759,7
puffers,42757,7
delphin,42754,7
gooks,42729,7
skiffle,42710,7
cowpoke,42709,7
eloped,42704,7
samosas,42700,7
ronning,42684,7
yobbo,42684,7
synodal,42681,7
pareve,42676,7
lamely,42662,7
menta,42660,7
exergy,42657,7
curdled,42652,7
lobbing,42639,7
kindy,42624,7
pullups,42622,7
kuku,42618,7
chametz,42617,7
dermoid,42610,7
carom,42604,7
regius,42602,7
psyop,42581,7
carny,42572,7
paydays,42569,7
kuchen,42560,7
wonted,42560,7
shies,42546,7
anemias,42545,7
vacates,42541,7
benomyl,42539,7
reworks,42537,7
lauding,42535,7
aping,42534,7
fixity,42528,7
matcha,42521,7
yelping,42515,7
botting,42513,7
neals,42505,7
reoccur,42503,7
glottis,42474,7
elided,42463,7
sorbs,42461,7
mellows,42449,7
ransack,42435,7
buddied,42433,7
melena,42433,7
peafowl,42430,7
coning,42426,7
busboy,42425,7
rilling,42423,7
chucker,42414,7
ducker,42403,7
arroyos,42398,7
waps,42388,7
sunnier,42384,7
taler,42377,7
skoal,42373,7
piously,42369,7
dinged,42361,7
tenuis,42360,7
bogging,42359,7
katydid,42351,7
kirn,42350,7
usque,42348,7
partis,42347,7
russula,42341,7
fudged,42308,7
loverly,42297,7
auricle,42293,7
zax,42286,7
dopes,42277,7
hydrops,42275,7
woolman,42267,7
dolina,42265,7
koans,42253,7
hirers,42252,7
kidskin,42250,7
gitana,42237,7
treaded,42227,7
unwraps,42221,7
tortie,42217,7
mescal,42213,7
felucca,42203,7
molla,42202,7
hapu,42200,7
hayfork,42189,7
glibly,42186,7
flamm,42179,7
simitar,42170,7
orphic,42168,7
largish,42164,7
advisee,42160,7
pottage,42155,7
stayers,42154,7
ligger,42150,7
outers,42129,7
plumped,42126,7
premie,42126,7
kernes,42118,7
apposed,42114,7
damson,42101,7
unpacks,42100,7
mullite,42096,7
duffers,42083,7
tzar,42081,7
fudgy,42078,7
gurgled,42068,7
motus,42057,7
roomier,42057,7
bumming,42053,7
incher,42050,7
pinene,42029,7
voiles,42017,7
ellagic,42012,7
citer,42011,7
wheezy,42010,7
betony,42005,7
dehors,42004,7
triable,41998,7
pya,41989,7
lolling,41982,7
diking,41979,7
malanga,41958,7
lores,41944,7
starrs,41920,7
dinna,41912,7
bawled,41906,7
linum,41894,7
tooms,41882,7
gools,41866,7
brogues,41865,7
tiering,41839,7
byname,41833,7
nkosi,41833,7
shags,41829,7
egads,41819,7
corkage,41818,7
henbane,41810,7
lectors,41805,7
tikanga,41796,7
lockset,41787,7
soke,41786,7
splog,41784,7
aldose,41780,7
boke,41778,7
jaggy,41772,7
fended,41758,7
skiffs,41753,7
cutwork,41741,7
marri,41719,7
havers,41712,7
jangly,41711,7
hirings,41710,7
screwup,41708,7
bolls,41704,7
petard,41680,7
deduces,41675,7
cermet,41673,7
navaid,41673,7
geishas,41672,7
ouk,41668,7
reames,41662,7
fusee,41659,7
octopi,41655,7
baric,41654,7
hellier,41652,7
atoc,41644,7
conk,41618,7
coupers,41616,7
zippos,41614,7
cashbox,41606,7
culms,41591,7
tragus,41583,7
oblates,41573,7
unitard,41547,7
reavers,41544,7
fretful,41530,7
knifed,41523,7
smriti,41520,7
tildes,41516,7
calved,41515,7
palazzi,41500,7
stouts,41495,7
yojana,41491,7
mashers,41482,7
moghul,41482,7
hoopoe,41472,7
maquila,41470,7
vetoing,41468,7
coddled,41464,7
fifer,41451,7
kreuzer,41451,7
wafts,41443,7
cowal,41438,7
khanate,41433,7
unpaged,41427,7
galette,41422,7
killick,41415,7
vitrine,41408,7
omerta,41406,7
torero,41405,7
pigpen,41399,7
coned,41397,7
pervs,41390,7
rotas,41389,7
querier,41388,7
etage,41383,7
volute,41368,7
korma,41365,7
remoter,41353,7
hooping,41341,7
fondu,41338,7
wych,41316,7
hemes,41315,7
cants,41309,7
pippins,41309,7
mousie,41303,7
grego,41299,7
flaunts,41292,7
nisei,41285,7
fungo,41280,7
runts,41260,7
whitely,41252,7
toles,41244,7
limed,41243,7
jibber,41238,7
mutism,41237,7
tympani,41235,7
armlets,41230,7
luaus,41227,7
conkers,41214,7
fishway,41212,7
azole,41201,7
deckle,41200,7
blowfly,41196,7
clouter,41193,7
ampules,41190,7
unhip,41188,7
cupful,41178,7
poutine,41178,7
spaza,41173,7
overdub,41167,7
coqui,41162,7
lugger,41160,7
gangly,41159,7
botnets,41155,7
mangles,41153,7
lur,41144,7
atoned,41138,7
fullan,41137,7
revalue,41129,7
fibbers,41126,7
yarr,41119,7
spang,41109,7
leam,41104,7
doormen,41098,7
suckled,41091,7
illest,41088,7
niggle,41088,7
pulpy,41088,7
debus,41084,7
tase,41084,7
luser,41074,7
pigmy,41068,7
wayang,41067,7
bulbar,41064,7
charnel,41060,7
spooned,41050,7
broody,41044,7
cosets,41040,7
digged,41024,7
spag,41016,7
sneath,41013,7
hurlers,41007,7
fust,40998,7
hypes,40997,7
shrikes,40993,7
trances,40976,7
vouched,40974,7
barkeep,40946,7
keta,40932,7
earplug,40931,7
lunched,40922,7
corylus,40908,7
hamzah,40897,7
selvage,40896,7
grazes,40893,7
sidemen,40885,7
mutuals,40883,7
polars,40878,7
netters,40872,7
romanos,40870,7
moppets,40868,7
empting,40857,7
tracery,40843,7
billon,40841,7
foody,40829,7
groper,40828,7
behoove,40824,7
connes,40818,7
yeehaw,40818,7
pandits,40814,7
slabbed,40812,7
karmas,40808,7
crumpet,40805,7
seemly,40804,7
tarring,40799,7
catched,40796,7
arowana,40792,7
snaring,40786,7
pucelle,40723,7
snubber,40721,7
penury,40713,7
curcuma,40694,7
bopping,40692,7
forgers,40689,7
esky,40687,7
outsold,40687,7
tanyard,40676,7
oboist,40649,7
cellule,40635,7
panko,40631,7
orgue,40630,7
flits,40623,7
avise,40613,7
jocular,40596,7
mantids,40594,7
zenaida,40594,7
galop,40586,7
skidder,40584,7
senhor,40581,7
delts,40571,7
stokers,40548,7
daal,40546,7
roding,40541,7
pleon,40540,7
tiros,40539,7
chiding,40532,7
boggled,40528,7
anlagen,40511,7
funnest,40507,7
monarda,40493,7
cedis,40486,7
cautery,40485,7
knowns,40485,7
bonnies,40477,7
patin,40474,7
wakeful,40472,7
propone,40460,7
bungles,40453,7
toreros,40441,7
antral,40434,7
didder,40423,7
creaks,40420,7
skreen,40420,7
roid,40417,7
beaders,40414,7
swooned,40414,7
unclog,40414,7
ascitic,40394,7
vertues,40393,7
signees,40387,7
taluka,40380,7
drear,40377,7
upfield,40364,7
laggy,40361,7
exhales,40327,7
taxied,40327,7
fakers,40325,7
hayloft,40321,7
bokeh,40320,7
duping,40312,7
impels,40306,7
typhon,40304,7
yukata,40303,7
heckled,40296,7
zos,40296,7
choux,40291,7
fledge,40289,7
daff,40288,7
govs,40285,7
blud,40268,7
flayer,40262,7
curser,40261,7
myrica,40255,7
egging,40251,7
keloids,40247,7
missis,40244,7
calp,40234,7
kinfolk,40234,7
spences,40216,7
jills,40192,7
slunk,40167,7
swad,40148,7
yelps,40144,7
bosques,40142,7
scalds,40140,7
virga,40140,7
flexors,40130,7
hemin,40119,7
capias,40118,7
webers,40100,7
gapless,40094,7
nonuse,40094,7
avgas,40092,7
endued,40091,7
raita,40083,7
detuned,40079,7
texted,40079,7
toeing,40070,7
slub,40069,7
tappers,40057,7
blub,40056,7
saheb,40056,7
tramped,40051,7
troys,40050,7
stria,40045,7
dimwit,40044,7
parlays,40032,7
waylaid,40032,7
stapes,40018,7
diester,40016,7
cannae,40014,7
easts,40013,7
halma,40013,7
myxoma,40012,7
ombres,40009,7
lauric,39961,7
jaggers,39957,7
avow,39955,7
conns,39954,7
poobah,39953,7
polyoma,39952,7
cowls,39950,7
deek,39949,7
battier,39941,7
curare,39927,7
scherzi,39926,7
quahog,39920,7
assize,39919,7
hungers,39918,7
ducat,39914,7
allying,39912,7
doppio,39911,7
jollies,39906,7
romped,39903,7
bobbers,39886,7
anole,39883,7
iftar,39882,7
coved,39880,7
lopper,39880,7
canners,39879,7
allicin,39877,7
holyday,39877,7
cessed,39873,7
senhora,39870,7
redraft,39868,7
murti,39866,7
mattock,39853,7
fiers,39852,7
icers,39847,7
tuffs,39840,7
padders,39831,7
allel,39827,7
tsuba,39823,7
sudsy,39819,7
fragged,39813,7
rimer,39811,7
deists,39809,7
betook,39807,7
pullets,39803,7
hooted,39792,7
smores,39790,7
towboat,39781,7
loaches,39766,7
thrombi,39765,7
kisan,39762,7
waggle,39755,7
broncho,39753,7
micas,39750,7
shet,39750,7
myalgic,39741,7
dabbler,39735,7
tombola,39726,7
stumm,39724,7
elute,39723,7
veldt,39718,7
tinct,39709,7
rubbies,39708,7
shucked,39698,7
munged,39697,7
yus,39686,7
quicks,39682,7
ancilla,39678,7
scuds,39676,7
scoots,39673,7
navels,39672,7
moshav,39662,7
pshaw,39660,7
barnier,39651,7
bunia,39646,7
chumley,39630,7
ferrel,39621,7
esparto,39614,7
ashrams,39609,7
beting,39602,7
misters,39599,7
lipases,39593,7
redpoll,39588,7
suckler,39583,7
shaya,39577,7
basest,39576,7
ephod,39569,7
fitly,39568,7
restyle,39568,7
limas,39567,7
impalas,39566,7
loosest,39565,7
cummer,39551,7
troche,39531,7
trypan,39513,7
ecotone,39507,7
xylan,39507,7
duetto,39503,7
moze,39498,7
briony,39495,7
bassy,39488,7
diuron,39485,7
boogies,39483,7
matai,39476,7
medaka,39476,7
pedis,39462,7
animato,39457,7
buist,39457,7
parkade,39454,7
plaints,39445,7
hummock,39444,7
tews,39441,7
primas,39427,7
hews,39419,7
fetcher,39418,7
gompa,39410,7
koine,39394,7
standee,39385,7
ampule,39382,7
dozy,39368,7
dragger,39362,7
miscast,39361,7
fandoms,39358,7
lare,39357,7
apers,39349,7
deader,39343,7
dustpan,39341,7
nebulas,39309,7
redroot,39308,7
quoter,39305,7
braying,39304,7
dancey,39303,7
bluet,39292,7
preneed,39283,7
wyte,39279,7
blee,39273,7
dohs,39262,7
proso,39260,7
capelet,39256,7
plinths,39256,7
druidry,39252,7
grottos,39248,7
phonies,39247,7
sagely,39238,7
hurtled,39236,7
adipic,39233,7
spacy,39233,7
geocode,39221,7
tinkler,39212,7
payslip,39210,7
bobbles,39207,7
valving,39206,7
spinet,39194,7
varvel,39185,7
heddle,39182,7
eugenol,39172,7
prolix,39172,7
runkle,39166,7
curium,39163,7
scops,39159,7
liaises,39150,7
shews,39148,7
petered,39144,7
terrae,39133,7
debugs,39118,7
tola,39102,7
waqf,39100,7
bubinga,39097,7
deforms,39090,7
nodders,39083,7
cholis,39076,7
smidge,39064,7
levator,39058,7
gigot,39052,7
codger,39043,7
venters,39042,7
spital,39041,7
chems,39037,7
donjon,39035,7
goutte,39031,7
gigue,39029,7
halite,39026,7
pompons,39014,7
waff,39014,7
quartos,39008,7
housel,39007,7
pisser,38993,7
diquat,38991,7
sigla,38984,7
boneset,38979,7
pouts,38976,7
hogans,38974,7
boxplot,38971,7
rioted,38966,7
lookit,38955,7
liefer,38953,7
bushie,38946,7
alkynes,38937,7
ryals,38933,7
cheapy,38931,7
etape,38928,7
bunds,38923,7
gambol,38916,7
tace,38915,7
alack,38913,7
brothas,38905,7
psoas,38903,7
miaow,38898,7
fenny,38897,7
gool,38896,7
keyers,38894,7
dimness,38892,7
risible,38891,7
dripper,38880,7
demaine,38879,7
escheat,38871,7
khans,38869,7
palaeo,38865,7
sunrays,38861,7
nyanza,38860,7
daunt,38855,7
chikara,38854,7
gillie,38853,7
cires,38841,7
poky,38830,7
rente,38816,7
manent,38814,7
pedicel,38804,7
obovate,38790,7
gambrel,38778,7
skookum,38777,7
worrier,38770,7
splogs,38768,7
aquae,38767,7
doser,38761,7
dhal,38759,7
igloos,38755,7
vervet,38738,7
laith,38732,7
serin,38729,7
ninny,38726,7
skol,38706,7
cackled,38705,7
gater,38694,7
beeves,38691,7
lucks,38688,7
mounter,38685,7
cony,38683,7
toper,38676,7
quacker,38674,7
smegma,38673,7
leps,38663,7
babesia,38656,7
tene,38653,7
conduce,38652,7
sien,38651,7
gliadin,38650,7
cantors,38649,7
loping,38639,7
schnorr,38639,7
anatase,38636,7
xeroxed,38628,7
darner,38622,7
moai,38621,7
schmick,38621,7
feare,38620,7
miliary,38619,7
earldom,38614,7
sloshed,38595,7
ticky,38595,7
caulks,38587,7
aralia,38571,7
etalon,38567,7
durably,38564,7
starves,38562,7
edgings,38559,7
dogsled,38557,7
ouverte,38550,7
mughals,38544,7
gnomish,38542,7
geodes,38540,7
skinks,38537,7
saros,38529,7
linage,38501,7
gingers,38497,7
feen,38494,7
cammie,38493,7
kaons,38492,7
proses,38489,7
maters,38487,7
lulling,38485,7
handsaw,38482,7
sheeter,38477,7
toucher,38477,7
alpines,38466,7
rowth,38465,7
pepo,38435,7
sies,38435,7
steeled,38423,7
linguae,38420,7
iodides,38410,7
treeing,38409,7
eyecup,38406,7
backset,38403,7
detests,38398,7
oxime,38389,7
debes,38385,7
morra,38381,7
willowy,38381,7
uncured,38379,7
annuli,38376,7
terbium,38373,7
omentum,38366,7
ilka,38361,7
karaka,38351,7
betide,38345,7
budged,38335,7
billies,38328,7
pellach,38327,7
medleys,38325,7
pipets,38317,7
deshi,38311,7
unlord,38309,7
silkies,38307,7
terming,38307,7
lavers,38300,7
matzoh,38300,7
logans,38294,7
prithee,38294,7
butoh,38293,7
persico,38286,7
joeys,38283,7
beeped,38281,7
laager,38273,7
snooks,38267,7
yuzu,38254,7
ethnos,38236,7
feer,38233,7
nisse,38233,7
titbits,38224,7
stagers,38222,7
poxy,38220,7
dopants,38214,7
tingled,38194,7
olms,38180,7
disinfo,38179,7
pipped,38175,7
demoed,38168,7
yessir,38166,7
pyruvic,38162,7
tassell,38162,7
gobby,38152,7
topazes,38149,7
sifts,38137,7
goyle,38131,7
pully,38127,7
bigram,38123,7
unwinds,38121,7
maras,38116,7
scilla,38114,7
geeked,38108,7
mahonia,38108,7
neps,38103,7
cozier,38088,7
mangels,38088,7
whorled,38082,7
yowie,38079,7
quiets,38073,7
larn,38056,7
rasters,38049,7
grrls,38041,7
glycyl,38039,7
jynx,38035,7
parer,38034,7
purees,38030,7
tertius,38023,7
treys,38021,7
crapola,38004,7
guzzle,38003,7
viols,37992,7
stabled,37984,7
gunplay,37952,7
zeugma,37947,7
pricer,37943,7
relight,37940,7
jitney,37937,7
goosey,37933,7
blurts,37927,7
pedaled,37922,7
envies,37920,7
hoise,37918,7
jiggly,37912,7
loor,37911,7
pigmeat,37908,7
autarky,37905,7
cuboid,37897,7
pepita,37894,7
justed,37892,7
volve,37888,7
pinnate,37883,7
cottony,37859,7
offramp,37859,7
angas,37853,7
chaebol,37851,7
golfs,37851,7
chapati,37849,7
flounce,37828,7
strake,37825,7
retch,37821,7
towage,37819,7
hobbles,37814,7
amnion,37811,7
pardner,37804,7
zappy,37801,7
tuskers,37800,7
savable,37798,7
sool,37797,7
kalmia,37781,7
reekie,37774,7
boyars,37765,7
cundy,37743,7
flagger,37740,7
saronic,37740,7
uneaten,37738,7
weepies,37736,7
unready,37735,7
truants,37731,7
careen,37712,7
stupas,37711,7
kippa,37691,7
rebid,37691,7
chirk,37688,7
markkaa,37673,7
nestler,37672,7
megara,37652,7
midrib,37642,7
trist,37640,7
ethmoid,37633,7
scriber,37633,7
incus,37616,7
dingoes,37612,7
estro,37611,7
pastis,37605,7
rins,37603,7
tatts,37602,7
benzin,37590,7
dredger,37579,7
picas,37578,7
pickoff,37577,7
uveal,37574,7
predawn,37571,7
cinches,37568,7
donga,37549,7
sitrep,37548,7
glom,37546,7
munches,37541,7
stumper,37530,7
pined,37529,7
humint,37528,7
chays,37524,7
fondles,37522,7
anodize,37511,7
spruces,37509,7
barish,37497,7
filch,37497,7
kabbala,37494,7
kiff,37491,7
wiel,37489,7
weeder,37488,7
gaster,37484,7
plaits,37476,7
desses,37472,7
purpure,37471,7
elts,37459,7
daftar,37454,7
totemic,37449,7
bascule,37447,7
ghosted,37447,7
nonslip,37443,7
anoraks,37441,7
tressel,37441,7
rucks,37438,7
guanxi,37428,7
leks,37425,7
haloes,37417,7
upmost,37417,7
belabor,37412,7
roil,37402,7
tertia,37398,7
margay,37395,7
lumbago,37394,7
nabla,37393,7
arene,37383,7
ligs,37363,7
fids,37362,7
bashaw,37353,7
budded,37351,7
orisha,37351,7
kokiri,37350,7
anyon,37349,7
moonies,37343,7
lunker,37327,7
propene,37316,7
subtil,37313,7
ascus,37312,7
mooks,37312,7
subhas,37311,7
sarangi,37307,7
mows,37303,7
mauger,37291,7
demeans,37290,7
doob,37284,7
pulsate,37283,7
maining,37282,7
drayage,37281,7
lassus,37281,7
humper,37280,7
runoffs,37273,7
phasis,37272,7
hirudin,37271,7
tripack,37268,7
gashes,37267,7
armadas,37266,7
lyssa,37254,7
oohs,37253,7
defo,37251,7
gnar,37241,7
cojones,37239,7
bura,37234,7
shored,37232,7
gamgee,37219,7
outsize,37212,7
escrows,37200,7
purls,37194,7
athwart,37177,7
fluffed,37172,7
gumdrop,37162,7
godhood,37160,7
tunny,37154,7
nonet,37151,7
ordains,37139,7
plugger,37134,7
yaba,37131,7
twinset,37120,7
kharif,37119,7
dweebs,37116,7
mycotic,37115,7
kroons,37111,7
boronic,37103,7
zendo,37102,7
targe,37088,7
keycard,37087,7
vihara,37084,7
stye,37083,7
marles,37082,7
biogs,37080,7
carline,37080,7
mity,37075,7
hewed,37071,7
mening,37061,7
flunky,37058,7
apices,37055,7
pepino,37041,7
taurean,37032,7
kittler,37030,7
stipes,37029,7
gibber,37023,7
fatback,37020,7
sech,37016,7
fusker,37014,7
adhan,37011,7
cabildo,37010,7
garbs,37010,7
cockers,37007,7
gruffly,36988,7
sanely,36988,7
molas,36986,7
eyer,36978,7
soppy,36978,7
gaffs,36976,7
accompt,36969,7
nankin,36966,7
welkin,36948,7
ionised,36943,7
marle,36938,7
sheikhs,36937,7
kilted,36923,7
buncher,36915,7
cloke,36907,7
toytown,36896,7
chiel,36895,7
meowing,36872,7
muskox,36867,7
hoyles,36866,7
poule,36866,7
tilter,36860,7
haslet,36849,7
curacy,36847,7
umps,36845,7
milord,36841,7
ringway,36841,7
velours,36834,7
holos,36828,7
midship,36794,7
congers,36786,7
siddhi,36774,7
pyrites,36773,7
mycelia,36767,7
cerises,36758,7
coronae,36751,7
verted,36751,7
wheely,36749,7
boffo,36747,7
chary,36745,7
mikron,36732,7
lardy,36712,7
pung,36695,7
mizzen,36693,7
proles,36684,7
vireos,36683,7
zappers,36679,7
pedder,36671,7
bleats,36666,7
yare,36656,7
furrier,36652,7
millets,36635,7
fract,36618,7
shote,36612,7
fluting,36607,7
swage,36605,7
garbed,36601,7
denting,36599,7
organum,36598,7
bordes,36590,7
vitric,36584,7
debaser,36581,7
owo,36581,7
bipods,36573,7
mitis,36570,7
czarina,36568,7
flairs,36560,7
huddles,36544,7
libras,36544,7
abates,36543,7
pullet,36543,7
coucher,36542,7
dousing,36539,7
creagh,36528,7
phial,36526,7
snidely,36526,7
zebu,36524,7
arrant,36517,7
sitch,36507,7
skanks,36502,7
hothead,36495,7
slobs,36492,7
tangelo,36478,7
swamper,36470,7
pouf,36462,7
orrery,36461,7
harking,36459,7
smush,36448,7
epidote,36444,7
rockery,36444,7
apert,36425,7
hornier,36418,7
surimi,36418,7
atalaya,36416,7
bilevel,36411,7
busload,36410,7
pitons,36410,7
thallus,36389,7
plews,36383,7
wined,36379,7
dukedom,36372,7
efface,36361,7
furioso,36351,7
cruets,36346,7
hatted,36341,7
rishis,36339,7
sneezy,36334,7
luny,36333,7
krunk,36332,7
tenser,36318,7
flails,36310,7
lyres,36304,7
dulls,36301,7
allylic,36276,7
algas,36273,7
batwing,36267,7
ladens,36257,7
jarvie,36256,7
dinks,36255,7
tilers,36249,7
wittily,36239,7
vodou,36232,7
soaping,36229,7
foolery,36223,7
airer,36215,7
akitas,36214,7
miff,36210,7
querida,36204,7
corries,36201,7
teaware,36192,7
grayer,36187,7
craned,36182,7
bocci,36179,7
sisted,36167,7
seitan,36164,7
zuppa,36160,7
limulus,36154,7
meows,36149,7
boyo,36138,7
occiput,36135,7
flesher,36134,7
halakha,36134,7
shinier,36130,7
ocker,36128,7
dabba,36124,7
eiders,36110,7
bowwow,36108,7
grot,36102,7
dobe,36089,7
leaches,36089,7
earmuff,36085,7
questor,36079,7
layups,36074,7
teasel,36074,7
pontes,36069,7
stache,36069,7
adobes,36066,7
flinty,36064,7
porkers,36058,7
riem,36055,7
flatus,36044,7
snouts,36034,7
unbowed,36033,7
hagg,36029,7
milko,36029,7
unbox,36026,7
adzuki,36021,7
dominie,36019,7
gloire,36018,7
blouson,36007,7
ubique,36006,7
tensive,36003,7
shirted,35996,7
serai,35974,7
sawlogs,35972,7
sypher,35972,7
gummies,35965,7
realia,35965,7
waffler,35964,7
mokoro,35960,7
acing,35956,7
stipa,35952,7
passado,35950,7
snifter,35942,7
teledu,35942,7
solaria,35939,7
poled,35937,7
pein,35934,7
vizard,35931,7
pooter,35930,7
ruffs,35928,7
cowpeas,35927,7
louts,35918,7
gular,35915,7
fris,35910,7
dicots,35907,7
beguine,35906,7
clunker,35900,7
droog,35894,7
ippon,35894,7
colossi,35884,7
demark,35879,7
undrawn,35869,7
hapten,35867,7
meins,35867,7
tersely,35859,7
disarms,35858,7
duros,35849,7
lottos,35839,7
sorex,35839,7
quaichs,35826,7
sallies,35815,7
glenoid,35810,7
jemmy,35798,7
jellied,35797,7
trull,35795,7
armful,35794,7
nervy,35793,7
tiggers,35792,7
byre,35791,7
noria,35779,7
lexeme,35776,7
trons,35762,7
cohabit,35751,7
impost,35742,7
swaddle,35737,7
essayed,35731,7
porlock,35731,7
anga,35729,7
peats,35728,7
niggles,35716,7
gittin,35700,7
fauvism,35698,7
pariahs,35696,7
globose,35690,7
nahal,35681,7
vaguest,35681,7
dukas,35678,7
liquefy,35673,7
tweeds,35671,7
gomoku,35657,7
dharmas,35634,7
recit,35632,7
ogrish,35629,7
plodded,35628,7
rachis,35623,7
toyshop,35622,7
scrumpy,35614,7
brise,35611,7
moch,35611,7
yaffs,35604,7
moshing,35602,7
taipans,35600,7
stachys,35588,7
augury,35584,7
eluate,35582,7
darters,35579,7
inflect,35579,7
finnan,35563,7
blights,35553,7
mayhap,35552,7
humbles,35550,7
recasts,35548,7
globins,35546,7
meatus,35545,7
welted,35544,7
stayer,35536,7
fleadh,35532,7
tacrine,35509,7
elision,35508,7
somites,35508,7
metier,35507,7
glim,35505,7
saltine,35503,7
crocket,35472,7
bushed,35470,7
bighead,35461,7
unowned,35453,7
cany,35452,7
nicety,35448,7
dupatta,35436,7
shippen,35413,7
savate,35400,7
tufting,35397,7
cozen,35392,7
airglow,35385,7
gangrel,35381,7
iritis,35373,7
raird,35368,7
tiptoed,35361,7
mesial,35345,7
oyer,35342,7
puer,35341,7
sleezy,35339,7
myrtles,35332,7
moggy,35330,7
panisse,35326,7
rebuys,35325,7
fluffer,35314,7
blader,35311,7
trussed,35310,7
gub,35302,7
dulcet,35298,7
cavies,35297,7
sirrah,35294,7
crassly,35291,7
kobolds,35290,7
calluna,35283,7
indows,35283,7
festal,35277,7
prolate,35266,7
couteau,35263,7
baronne,35262,7
clou,35260,7
amies,35247,7
gabion,35242,7
dule,35241,7
longan,35235,7
tazza,35222,7
nigiri,35215,7
playday,35213,7
uptimes,35207,7
monera,35199,7
squibs,35199,7
pintos,35198,7
tippets,35189,7
flagman,35173,7
nonskid,35170,7
cravats,35167,7
kerne,35166,7
fikes,35149,7
steeps,35147,7
gibs,35137,7
nisin,35134,7
redds,35127,7
whinger,35127,7
twistor,35126,7
yeow,35126,7
whelk,35122,7
shaitan,35120,7
toped,35112,7
textism,35111,7
augh,35106,7
stridor,35098,7
gannets,35092,7
goolie,35081,7
burrel,35080,7
unbaked,35078,7
escribe,35076,7
cannas,35073,7
quaich,35068,7
factive,35061,7
raki,35060,7
ingrain,35051,7
archons,35040,7
geoduck,35040,7
rotis,35038,7
seamy,35034,7
twelves,35015,7
ringlet,35011,7
eidetic,35006,7
souks,34993,7
zoysia,34990,7
reeler,34988,7
cosmids,34974,7
quangos,34964,7
pikemen,34957,7
omigod,34954,7
toxine,34953,7
cubing,34951,7
spikers,34951,7
hylas,34950,7
carless,34948,7
cyclers,34932,7
racemes,34929,7
iodate,34922,7
pounces,34919,7
cowries,34913,7
douma,34906,7
rapiers,34906,7
polje,34901,7
biltong,34899,7
tumulus,34898,7
musha,34893,7
ratbag,34886,7
phylon,34881,7
poler,34859,7
prickle,34857,7
toehold,34857,7
silting,34854,7
whits,34854,7
largess,34848,7
snigger,34832,7
atriums,34831,7
poral,34824,7
zingers,34824,7
gemsbok,34814,7
naos,34805,7
etas,34803,7
tacts,34801,7
dojos,34797,7
boogy,34796,7
spanker,34796,7
sastra,34794,7
munchie,34791,7
bairn,34786,7
veining,34785,7
yawner,34784,7
stollen,34783,7
milers,34779,7
hetman,34776,7
moola,34775,7
girdler,34774,7
tzaddik,34767,7
pareos,34763,7
murren,34755,7
langur,34753,7
qualm,34744,7
yeasty,34740,7
homages,34738,7
oxblood,34729,7
coxes,34726,7
smartie,34710,7
chaines,34704,7
coses,34704,7
viny,34704,7
visages,34696,7
retama,34688,7
mense,34682,7
opining,34669,7
alane,34667,7
casemix,34665,7
lambdas,34662,7
sties,34650,7
pinworm,34648,7
cack,34636,7
positif,34616,7
bombo,34612,7
mannish,34610,7
daubed,34609,7
cloop,34608,7
laded,34603,7
ampulla,34597,7
whereto,34587,7
impasto,34581,7
precode,34569,7
dsos,34568,7
voluble,34568,7
cocotte,34566,7
alencon,34564,7
showmen,34564,7
kathak,34541,7
buyable,34539,7
rousers,34532,7
salal,34529,7
spoofer,34528,7
kalis,34525,7
yabby,34524,7
mentum,34523,7
pruh,34517,7
crower,34512,7
pochard,34512,7
isotopy,34511,7
rollbar,34505,7
auris,34496,7
plusses,34495,7
balking,34486,7
intones,34484,7
mollies,34484,7
toughs,34484,7
bleaker,34481,7
musca,34480,7
smarten,34468,7
rudest,34462,7
miny,34458,7
eked,34451,7
forcer,34449,7
prex,34447,7
retuned,34442,7
glower,34440,7
gilets,34435,7
sparke,34432,7
ravager,34424,7
pageboy,34419,7
squark,34418,7
wontons,34416,7
scrat,34413,7
celly,34408,7
gyal,34402,7
estrich,34400,7
hajji,34398,7
goldies,34395,7
blook,34378,7
thirsts,34378,7
sisting,34374,7
bickers,34360,7
wicken,34360,7
okes,34356,7
plumbs,34352,7
crazes,34351,7
oculi,34351,7
strums,34351,7
vulval,34347,7
teamer,34338,7
amabile,34337,7
etches,34335,7
swished,34334,7
kulak,34328,7
enviros,34326,7
farrant,34322,7
burthen,34320,7
mesclun,34306,7
risp,34304,7
hiders,34303,7
demotic,34301,7
servery,34283,7
foyles,34281,7
geotag,34281,7
doubter,34280,7
espied,34274,7
coquina,34267,7
zanella,34260,7
dinges,34254,7
weirds,34254,7
popple,34253,7
kumbaya,34250,7
vacuity,34250,7
ricers,34240,7
defiles,34238,7
tierce,34237,7
toxoids,34235,7
mottoes,34220,7
fends,34209,7
proband,34198,7
talar,34181,7
plebs,34153,7
cuttle,34141,7
slaters,34139,7
baches,34136,7
caseins,34136,7
ionize,34132,7
gasman,34131,7
splats,34124,7
heists,34122,7
flailed,34116,7
hosey,34108,7
alans,34103,7
snee,34097,7
dabbed,34086,7
stifler,34086,7
mozzie,34085,7
oups,34085,7
ditz,34082,7
sloops,34069,7
ignatia,34067,7
fascial,34066,7
virals,34062,7
monas,34061,7
cakebox,34055,7
hask,34055,7
jennet,34046,7
gunlock,34040,7
noels,34012,7
outgo,34007,7
cycas,33996,7
axels,33994,7
bloop,33990,7
baiter,33988,7
swats,33987,7
canape,33980,7
baxters,33978,7
tyer,33973,7
betties,33970,7
rasped,33970,7
punkers,33952,7
blazars,33951,7
gonch,33946,7
covets,33945,7
dongola,33934,7
bluing,33925,7
lexica,33925,7
oner,33919,7
pascals,33919,7
misted,33900,7
faas,33895,7
addend,33894,7
swaging,33890,7
destine,33889,7
premiss,33888,7
skyhook,33887,7
roke,33885,7
butty,33867,7
pressie,33864,7
ginch,33850,7
waggons,33849,7
duenna,33848,7
summat,33823,7
bespeak,33822,7
zonda,33819,7
selfs,33812,7
wedgies,33809,7
perming,33807,7
fub,33805,7
guidon,33796,7
sandbur,33793,7
winces,33790,7
compt,33774,7
delaine,33772,7
grex,33762,7
selkie,33761,7
secco,33756,7
cringes,33750,7
squirmy,33748,7
alow,33746,7
witting,33746,7
nectars,33745,7
oolitic,33744,7
kayle,33741,7
twerp,33740,7
levo,33724,7
godown,33718,7
leke,33716,7
bustled,33715,7
soyle,33710,7
tarty,33708,7
lahar,33707,7
copple,33698,7
tiz,33692,7
nurser,33686,7
indeedy,33676,7
gamp,33671,7
yowza,33661,7
berates,33643,7
pierogi,33635,7
percen,33627,7
torpid,33624,7
rimshot,33620,7
putti,33619,7
harl,33613,7
kippers,33607,7
alerter,33606,7
borates,33602,7
yokels,33599,7
fiere,33598,7
bogans,33595,7
becke,33592,7
phoca,33589,7
lacer,33587,7
flumes,33586,7
corm,33582,7
owlish,33581,7
sauger,33581,7
exurban,33565,7
holms,33562,7
flambe,33561,7
binging,33560,7
peccary,33551,7
ceria,33549,7
sonars,33549,7
dacha,33545,7
sampan,33545,7
bossed,33542,7
stroy,33541,7
soldado,33530,7
pukes,33527,7
hackery,33524,7
caracal,33516,7
smoothe,33501,7
sepoy,33499,7
selloff,33495,7
jook,33490,7
unstack,33483,7
ivies,33473,7
skitter,33467,7
icepack,33464,7
nonces,33452,7
relleno,33440,7
reelect,33439,7
wallah,33428,7
moodies,33420,7
owly,33419,7
brooder,33417,7
numbs,33408,7
leakers,33407,7
cenote,33402,7
cense,33401,7
smoggy,33391,7
unmute,33387,7
sexpot,33386,7
gloated,33377,7
tonus,33364,7
gerunds,33363,7
sarod,33361,7
eyeful,33353,7
habu,33350,7
chocked,33345,7
temblor,33342,7
ingrate,33340,7
bairns,33332,7
centile,33330,7
funkier,33327,7
purlins,33327,7
fondues,33324,7
cullis,33319,7
typic,33310,7
notate,33305,7
quinze,33305,7
bewray,33291,7
scenary,33290,7
barmen,33286,7
qibla,33281,7
caldron,33278,7
claver,33255,7
niobate,33250,7
wens,33250,7
alee,33245,7
caymans,33244,7
rackers,33243,7
postin,33238,7
nepeta,33229,7
awhirl,33226,7
basks,33223,7
fakie,33214,7
magnox,33209,7
mikveh,33193,7
pagings,33180,7
achoo,33177,7
flitter,33174,7
striga,33166,7
lensman,33164,7
tenia,33152,7
thulium,33140,7
kibbe,33137,7
divvy,33136,7
sitings,33136,7
jeeze,33131,7
nubbin,33127,7
snoot,33126,7
ulva,33122,7
trillo,33116,7
stylet,33106,7
nippled,33102,7
lobules,33094,7
aesir,33093,7
wailer,33085,7
envying,33084,7
seiling,33081,7
kimchee,33076,7
quern,33075,7
balata,33074,7
gleave,33060,7
sigils,33057,7
sadden,33046,7
schul,33045,7
haunch,33036,7
mugg,33036,7
reunify,33036,7
bluffer,33033,7
vegies,33033,7
coteaux,33031,7
meatier,33029,7
tidally,33028,7
cosmin,33027,7
oxtail,33025,7
wolfish,33025,7
prising,33021,7
cestas,33017,7
abets,33014,7
mimsy,33001,7
notum,32996,7
explant,32992,7
sauced,32983,7
nopal,32978,7
spitter,32969,7
gazers,32965,7
squirms,32965,7
adnexal,32959,7
kinetin,32958,7
zymosan,32957,7
lythrum,32949,7
titch,32945,7
amebic,32942,7
cresses,32942,7
goading,32939,7
foveal,32938,7
mirin,32938,7
huckle,32936,7
bollox,32933,7
kalpa,32933,7
hardier,32927,7
poas,32924,7
rayons,32916,7
coaling,32915,7
kabab,32906,7
genlock,32902,7
limeade,32891,7
crosier,32883,7
robinia,32880,7
oestrus,32873,7
volving,32869,7
palapas,32862,7
matza,32856,7
popout,32854,7
citrin,32838,7
arbours,32837,7
mohel,32836,7
derham,32828,7
purling,32822,7
seppuku,32821,7
niello,32820,7
looby,32818,7
unzips,32818,7
snafus,32817,7
nitinol,32812,7
vamped,32797,7
nosegay,32791,7
wattled,32781,7
cankers,32770,7
trooped,32770,7
cooky,32767,7
carboys,32758,7
brimful,32754,7
bogong,32750,7
wadded,32750,7
sussed,32747,7
slurped,32744,7
seaways,32740,7
burse,32738,7
viand,32735,7
fadeout,32733,7
dingos,32732,7
gaffers,32726,7
geal,32723,7
pigman,32722,7
testudo,32718,7
relabel,32706,7
warpage,32703,7
atomism,32696,7
bedbug,32693,7
boletus,32692,7
pened,32682,7
phisher,32666,7
paunch,32665,7
humate,32662,7
tuis,32658,7
zygotes,32650,7
cantle,32646,7
ruelle,32643,7
gourami,32642,7
offals,32642,7
gunks,32641,7
krafts,32624,7
melty,32620,7
prowled,32617,7
aldol,32614,7
tugger,32614,7
fibered,32612,7
dulse,32611,7
stylers,32605,7
flus,32604,7
grig,32603,7
suramin,32591,7
sepal,32590,7
pudsy,32587,7
melters,32583,7
litchi,32575,7
arars,32570,7
perps,32564,7
lunette,32563,7
mummery,32558,7
palea,32558,7
kais,32557,7
slating,32557,7
imino,32549,7
crams,32544,7
patroon,32543,7
doughy,32536,7
ponga,32533,7
vesture,32530,7
braise,32527,7
pusley,32512,7
cheka,32509,7
tipis,32508,7
salver,32506,7
cacks,32499,7
drawee,32499,7
burbot,32493,7
gunnel,32493,7
winos,32493,7
remands,32483,7
sural,32482,7
neddy,32471,7
durn,32469,7
favelas,32465,7
tektite,32459,7
vorpal,32457,7
hitless,32451,7
grecque,32450,7
gentles,32448,7
puckers,32443,7
laksa,32438,7
pickler,32432,7
panner,32417,7
wauls,32415,7
toodle,32399,7
pylorus,32395,7
sabayon,32393,7
ronnies,32392,7
pintuck,32391,7
adenyl,32389,7
berline,32387,7
etagere,32386,7
strew,32385,7
lassies,32383,7
dites,32374,7
caking,32373,7
positon,32372,7
withy,32365,7
medlars,32355,7
mained,32350,7
quoit,32350,7
cassock,32348,7
crooned,32348,7
aufgabe,32345,7
bustles,32338,7
timbale,32335,7
piccy,32328,7
skyclad,32325,7
poilu,32317,7
paisano,32314,7
avowal,32304,7
lycee,32303,7
matlow,32298,7
hurdler,32297,7
retirer,32294,7
flacks,32293,7
elodea,32289,7
divests,32286,7
muid,32285,7
revers,32282,7
flatted,32278,7
amoebas,32273,7
baldly,32271,7
prevue,32267,7
miniest,32264,7
hooped,32262,7
tapirs,32260,7
testate,32260,7
coxed,32256,7
dustman,32250,7
oilskin,32245,7
jazzmen,32241,7
blancos,32235,7
curule,32226,7
crinum,32223,7
stanch,32222,7
gluteal,32218,7
neuk,32218,7
grammas,32212,7
roseola,32212,7
saunt,32211,7
ryot,32206,7
pawed,32205,7
swains,32202,7
achar,32197,7
woolens,32197,7
squeezy,32193,7
buchu,32186,7
nakedly,32186,7
ingate,32185,7
bugeye,32180,7
onlays,32179,7
brize,32178,7
rubato,32174,7
ulus,32174,7
costars,32173,7
mayster,32171,7
scrawls,32170,7
relents,32165,7
repin,32159,7
stashes,32159,7
jiz,32154,7
valuate,32151,7
fulmar,32141,7
minger,32137,7
bines,32124,7
etchers,32123,7
mezcal,32123,7
eyres,32122,7
killie,32119,7
randon,32116,7
palmed,32112,7
chugged,32110,7
bokes,32100,7
veery,32100,7
hasted,32098,7
mopani,32096,7
mucker,32092,7
chaton,32087,7
manioc,32087,7
dins,32077,7
rasher,32075,7
vire,32072,7
chintzy,32066,7
sendoff,32066,7
sandfly,32058,7
courter,32057,7
namu,32057,7
hausen,32054,7
flusher,32053,7
pidgins,32053,7
pieman,32047,7
quintic,32045,7
pealed,32042,7
retook,32039,7
subring,32033,7
shyer,32023,7
stets,32019,7
bogeyed,32014,7
requite,32014,7
gogos,32011,7
larges,32010,7
layback,31997,7
acers,31994,7
minilab,31990,7
swerves,31990,7
chaunge,31987,7
brans,31986,7
cines,31971,7
diabase,31971,7
blotto,31966,7
delice,31958,7
filii,31954,7
kopek,31953,7
jetton,31952,7
poohs,31951,7
reify,31944,7
meze,31943,7
whooper,31942,7
hakes,31941,7
gamey,31934,7
timbral,31933,7
tinning,31929,7
chugs,31923,7
firmest,31898,7
dumbly,31896,7
fipple,31873,7
elfs,31871,7
dalt,31867,7
citrusy,31863,7
toison,31863,7
trimers,31851,7
hurtles,31844,7
abscond,31834,7
flyways,31834,7
roks,31834,7
quina,31830,7
ruddle,31830,7
cruder,31827,7
belched,31812,7
kabala,31812,7
sipple,31811,7
bidis,31810,7
groins,31807,7
heeds,31805,7
angioma,31801,7
doted,31799,7
torqued,31798,7
jiggled,31794,7
sleekly,31791,7
runrig,31789,7
chota,31788,7
hawala,31783,7
sexily,31781,7
jaggery,31780,7
tappa,31775,7
waxen,31767,7
whomp,31761,7
chinch,31749,7
maned,31747,7
lanched,31741,7
syenite,31739,7
spaers,31738,7
raggs,31733,7
dashi,31732,7
thymol,31720,7
waddled,31710,7
triacs,31694,7
whin,31686,7
maund,31677,7
volves,31676,7
quinces,31671,7
grazier,31669,7
prefabs,31667,7
lubber,31662,7
kark,31654,7
scabby,31650,7
fakery,31646,7
fermata,31633,7
changs,31629,7
dools,31626,7
diedre,31619,7
strewed,31619,7
runanga,31616,7
hoplite,31614,7
tacan,31613,7
moras,31610,7
halva,31605,7
celotex,31597,7
scuzzy,31595,7
quites,31593,7
unsworn,31593,7
rabbet,31588,7
gefilte,31587,7
rakers,31586,7
sadhus,31582,7
quais,31579,7
lacinia,31577,7
contort,31576,7
centu,31561,7
astatic,31554,7
laming,31548,7
mekka,31541,7
tsotsi,31537,7
swards,31536,7
sestina,31531,7
eggless,31526,7
pranced,31517,7
tuckets,31514,7
bobbies,31509,7
whelped,31509,7
averts,31503,7
tendenz,31502,7
ingrams,31498,7
potch,31494,7
croaks,31490,7
derate,31487,7
exeem,31485,7
salsify,31484,7
jeepney,31473,7
bassets,31470,7
prepreg,31470,7
lariats,31468,7
gelee,31457,7
cullet,31455,7
cannel,31452,7
heare,31450,7
privies,31445,7
abeles,31444,7
cains,31441,7
dols,31439,7
nekton,31436,7
kneeler,31433,7
rawn,31432,7
agaric,31427,7
nival,31420,7
soirees,31418,7
preshow,31415,7
ihram,31412,7
gropes,31409,7
mobies,31408,7
schemed,31407,7
lawned,31402,7
allots,31401,7
spicier,31394,7
vouches,31393,7
drongo,31392,7
vogs,31392,7
hickie,31391,7
hains,31365,7
piggery,31354,7
callboy,31347,7
dotes,31347,7
bonsoir,31336,7
nerval,31333,7
cotts,31330,7
rotini,31328,7
upend,31323,7
photogs,31315,7
dextrin,31309,7
minuted,31309,7
outdoes,31304,7
collop,31303,7
duchies,31300,7
overbid,31300,7
cuirass,31298,7
dhimmis,31297,7
middens,31293,7
refiled,31290,7
goanna,31284,7
annatto,31283,7
aphasic,31280,7
inwall,31279,7
widder,31275,7
slather,31271,7
arachis,31269,7
pinkeye,31269,7
onst,31263,7
phreaks,31259,7
cantal,31257,7
haraam,31251,7
isoamyl,31251,7
styes,31241,7
garbe,31214,7
cosign,31205,7
poult,31205,7
burster,31204,7
ecotype,31204,7
miming,31204,7
festas,31203,7
warred,31196,7
westing,31190,7
vinas,31188,7
bolos,31187,7
oxygens,31177,7
dhikr,31149,7
hazed,31148,7
ajuga,31146,7
dedans,31144,7
nanooks,31140,7
roved,31140,7
mouille,31138,7
gawky,31136,7
eruv,31132,7
lobule,31132,7
spinto,31123,7
tumoral,31122,7
chado,31119,7
rugger,31111,7
leming,31106,7
chocho,31100,7
miniver,31098,7
siller,31097,7
grees,31089,7
hisself,31084,7
shiurim,31084,7
jacker,31075,7
crinkly,31073,7
yeading,31072,7
mirs,31065,7
sithens,31065,7
croons,31053,7
muskeg,31052,7
eying,31044,7
pigface,31040,7
infall,31039,7
stanol,31034,7
chypre,31022,7
shlock,31022,7
befit,31021,7
edified,31020,7
toter,31019,7
thwaite,31016,7
arborio,31015,7
portier,31015,7
vaulter,31010,7
roiled,31006,7
scowls,31006,7
baulk,31004,7
jehad,30996,7
sashay,30994,7
crouton,30987,7
savors,30987,7
tectum,30978,7
poort,30977,7
halloo,30970,7
crudest,30964,7
shoyu,30956,7
bawd,30944,7
monied,30939,7
ocher,30934,7
gofer,30932,7
wowee,30929,7
rudis,30928,7
mamluk,30923,7
colonus,30922,7
adjudge,30916,7
smarted,30914,7
dactyl,30911,7
mucoid,30910,7
tuina,30910,7
sturnus,30909,7
mounded,30907,7
yae,30891,7
guyed,30888,7
coeval,30884,7
djembes,30874,7
twinky,30869,7
fops,30864,7
vorlage,30853,7
jotun,30849,7
blowgun,30841,7
finna,30841,7
virally,30840,7
limmer,30839,7
klaxon,30838,7
pilfer,30838,7
vouvray,30836,7
inkers,30830,7
toom,30830,7
disrobe,30822,7
bindis,30821,7
krishi,30807,7
icewine,30803,7
havarti,30788,7
slouchy,30783,7
jobing,30782,7
adman,30780,7
harten,30767,7
chinwag,30764,7
priapus,30762,7
sessed,30760,7
biling,30745,7
tzitzit,30736,7
drap,30729,7
betimes,30727,7
roons,30727,7
haricot,30719,7
gyoza,30716,7
fifthly,30709,7
fleche,30706,7
spean,30703,7
orexin,30702,7
beefier,30694,7
reveres,30691,7
beamers,30690,7
spidery,30676,7
footpad,30671,7
deposes,30669,7
pachisi,30666,7
mochis,30665,7
levs,30663,7
dilates,30660,7
bewail,30644,7
mojitos,30637,7
twitter,30630,7
rainout,30618,7
halm,30617,7
adeptly,30608,7
eans,30602,7
nuzzle,30602,7
poney,30601,7
zorbing,30587,7
dowsers,30577,7
gunnels,30573,7
lionly,30542,7
certes,30541,7
vedette,30540,7
vicary,30538,7
marcels,30532,7
bedpan,30530,7
kissers,30513,7
santon,30503,7
venules,30486,7
cerne,30479,7
guiro,30477,7
heares,30466,7
pimply,30463,7
mafias,30459,7
zymic,30459,7
burgee,30458,7
simar,30450,7
souring,30442,7
grinded,30438,7
exulted,30432,7
genu,30431,7
overlie,30428,7
gallies,30416,7
jape,30401,7
smolder,30399,7
guesser,30398,7
misch,30396,7
poley,30396,7
hatful,30394,7
taches,30389,7
basen,30386,7
hyperon,30378,7
pealing,30377,7
rehs,30376,7
grails,30371,7
bract,30353,7
griped,30347,7
tinks,30345,7
corvina,30342,7
spod,30333,7
teredo,30330,7
chits,30328,7
mooting,30326,7
garfish,30325,7
sondes,30320,7
peruser,30319,7
vegie,30318,7
eew,30316,7
purdah,30314,7
tagetes,30312,7
bonitas,30309,7
readd,30307,7
finagle,30306,7
epha,30304,7
mottles,30291,7
hymnody,30289,7
reviver,30288,7
lawbook,30285,7
pical,30280,7
nerved,30278,7
braccio,30273,7
guffaws,30266,7
couvert,30265,7
amtrack,30262,7
capas,30260,7
fugal,30257,7
ologies,30257,7
breves,30256,7
copters,30255,7
reseat,30254,7
boites,30251,7
waltzed,30250,7
hether,30243,7
lusher,30239,7
ratha,30236,7
cercis,30233,7
boun,30229,7
azides,30222,7
moas,30219,7
caleche,30214,7
hosier,30203,7
ecozone,30197,7
medius,30196,7
catling,30186,7
linacs,30184,7
gurnard,30182,7
carrack,30181,7
prancer,30174,7
roofies,30167,7
eatable,30155,7
crudo,30151,7
semes,30150,7
meanly,30141,7
foraged,30121,7
blaize,30120,7
kue,30118,7
couter,30114,7
plebe,30111,7
boulle,30106,7
cripe,30106,7
rachet,30105,7
kitsets,30102,7
finks,30098,7
spinous,30055,7
tangi,30054,7
bifidus,30053,7
sunup,30047,7
fuzzed,30036,7
jowls,30028,7
hostler,30023,7
cuneate,30021,7
strad,30021,7
fous,30016,7
cumber,30015,7
rotes,30015,7
doddle,30014,7
erns,30013,7
fleshes,30010,7
usnea,30010,7
nashi,30001,7
degauss,29997,7
yipes,29997,7
boody,29996,7
deictic,29995,7
glop,29995,7
hoed,29989,7
rankled,29982,7
sparred,29979,7
regexes,29977,7
slickly,29964,7
hotrods,29959,7
oarsman,29956,7
bibble,29955,7
sexto,29954,7
sirup,29954,7
sorrels,29954,7
alko,29944,7
chorals,29944,7
automan,29940,7
goor,29938,7
duroc,29926,7
somata,29921,7
roulade,29919,7
basto,29914,7
lapides,29907,7
garble,29903,7
gymnic,29903,7
artel,29896,7
sperms,29888,7
toran,29885,7
hooding,29883,7
coxless,29880,7
wifeys,29880,7
mallows,29877,7
klatch,29876,7
sadists,29875,7
gings,29873,7
iconify,29872,7
lour,29872,7
hoodman,29843,7
racoons,29841,7
queeny,29840,7
silted,29830,7
fantast,29825,7
coaxes,29824,7
mucks,29822,7
bedpost,29815,7
frier,29815,7
katanas,29809,7
reik,29807,7
bumkins,29801,7
tilths,29798,7
klinker,29796,7
misdeed,29789,7
pujas,29788,7
patible,29785,7
droned,29781,7
divots,29779,7
jaggies,29776,7
auspice,29771,7
dubbin,29770,7
whap,29762,7
redtail,29754,7
felch,29748,7
mawkish,29748,7
abler,29740,7
tieing,29718,7
glints,29714,7
platens,29711,7
manias,29709,7
nervine,29703,7
genua,29699,7
triers,29697,7
hobday,29683,7
widdle,29682,7
brung,29676,7
manches,29675,7
inners,29671,7
psis,29669,7
grisons,29668,7
axils,29666,7
leanest,29666,7
titman,29659,7
asuras,29655,7
liker,29652,7
segued,29645,7
loups,29642,7
tantras,29631,7
correas,29626,7
fyke,29625,7
ared,29624,7
cribbed,29620,7
overtop,29620,7
rines,29619,7
sunward,29619,7
hogweed,29617,7
murres,29617,7
gynae,29598,7
inkless,29596,7
kiloton,29593,7
irid,29590,7
squints,29586,7
arsine,29581,7
bael,29580,7
zill,29580,7
wahoos,29577,7
punker,29572,7
shammy,29572,7
amorosa,29566,7
pupate,29562,7
horrify,29561,7
spart,29561,7
sloughi,29560,7
lattin,29553,7
gaper,29551,7
daubers,29550,7
pottier,29544,7
stows,29544,7
ariels,29538,7
herms,29538,7
moister,29528,7
decane,29527,7
hyoid,29523,7
unfurls,29521,7
rusalka,29518,7
deely,29517,7
haunter,29515,7
tabbies,29513,7
stoats,29494,7
sizers,29492,7
tamps,29488,7
boggart,29473,7
tommies,29473,7
zigzags,29472,7
bokos,29471,7
hearses,29463,7
nastic,29460,7
salines,29458,7
capsids,29444,7
accost,29427,7
ratable,29427,7
agnosia,29426,7
yogini,29421,7
suq,29420,7
twofer,29418,7
itched,29416,7
regrade,29416,7
libels,29411,7
yogas,29407,7
cayuses,29405,7
pratts,29401,7
dithers,29399,7
rabbets,29398,7
simper,29393,7
abase,29383,7
occlude,29382,7
viverra,29376,7
rubeola,29370,7
celosia,29366,7
soldan,29363,7
winker,29363,7
middy,29344,7
vails,29331,7
clumpy,29327,7
limbus,29313,7
risings,29311,7
fervid,29297,7
katas,29296,7
owie,29294,7
gilling,29293,7
wethers,29289,7
avoider,29288,7
merel,29286,7
drek,29279,7
litten,29266,7
roosa,29266,7
burble,29265,7
iroko,29265,7
gayly,29264,7
roomer,29263,7
mokes,29259,7
antigay,29257,7
saltbox,29256,7
billman,29250,7
provine,29244,7
engs,29242,7
urgings,29240,7
osteoid,29235,7
swabbed,29230,7
jutted,29223,7
scutum,29222,7
berbice,29220,7
pening,29216,7
duple,29199,7
tetrode,29196,7
fiascos,29191,7
barny,29190,7
behoves,29188,7
hickeys,29176,7
broo,29169,7
deadeye,29160,7
limn,29146,7
basally,29144,7
foliate,29144,7
dilled,29119,7
kores,29119,7
eggar,29112,7
pedicab,29112,7
livens,29107,7
pinkies,29107,7
subtile,29103,7
suer,29103,7
jomon,29102,7
eparchy,29096,7
disking,29092,7
burette,29090,7
orangey,29088,7
milker,29085,7
parian,29084,7
pule,29084,7
hewer,29077,7
nowise,29077,7
sculp,29076,7
cided,29066,7
tatted,29064,7
ranke,29061,7
brambly,29051,7
marid,29048,7
retyped,29043,7
hawkey,29040,7
sallied,29035,7
rondel,29026,7
floozy,29017,7
sifters,29015,7
vealed,29001,7
lamella,28999,7
loligo,28996,7
unwaged,28996,7
rolltop,28992,7
offpeak,28991,7
clipe,28987,7
quaff,28987,7
kowtow,28981,7
prowls,28964,7
petti,28957,7
kanes,28951,7
mopane,28950,7
talaq,28949,7
craning,28948,7
parrs,28948,7
kinking,28947,7
potes,28946,7
neuters,28943,7
ungroup,28943,7
redact,28938,7
romeos,28930,7
buddle,28927,7
charas,28925,7
makeups,28925,7
normies,28925,7
soutar,28916,7
rales,28903,7
bise,28901,7
legatee,28901,7
bailers,28893,7
kwaito,28889,7
agendum,28886,7
imbuing,28885,7
pipits,28881,7
leadman,28880,7
signee,28878,7
inhere,28873,7
tinier,28868,7
oocyst,28867,7
puky,28862,7
blende,28858,7
nabob,28856,7
abrazo,28854,7
cavort,28854,7
pyric,28854,7
suras,28851,7
uprise,28850,7
catkins,28848,7
izzat,28845,7
staving,28830,7
rotifer,28827,7
slurps,28823,7
abitur,28816,7
dolts,28809,7
hexed,28804,7
azido,28802,7
upflow,28800,7
winge,28795,7
ruru,28785,7
dulces,28772,7
likins,28768,7
tucket,28766,7
saimiri,28760,7
milty,28755,7
retests,28747,7
winey,28737,7
cambric,28730,7
scarth,28729,7
camming,28728,7
messias,28728,7
weirded,28721,7
vishing,28716,7
deads,28715,7
leetle,28708,7
dowser,28704,7
arhat,28698,7
drumlin,28695,7
glinted,28695,7
turfing,28688,7
maxes,28685,7
rochet,28681,7
emptier,28675,7
blueish,28656,7
figgy,28656,7
cagers,28650,7
doys,28650,7
mignons,28649,7
babysat,28647,7
kirtles,28641,7
rait,28627,7
aitch,28626,7
uplight,28625,7
cliffy,28619,7
farebox,28618,7
kindles,28614,7
reutter,28602,7
vacance,28596,7
senryu,28592,7
woning,28590,7
deets,28583,7
pousse,28583,7
oblasti,28578,7
pushup,28578,7
wends,28578,7
touchup,28577,7
dinitro,28569,7
guanaco,28561,7
hila,28547,7
fesses,28542,7
trouts,28542,7
grum,28538,7
frenum,28536,7
affray,28534,7
chicle,28528,7
bolide,28523,7
scouser,28521,7
bitties,28510,7
snaggle,28509,7
skeg,28507,7
lisk,28498,7
livered,28492,7
buglet,28485,7
churro,28485,7
tarots,28483,7
peated,28478,7
albizia,28474,7
ternate,28474,7
towery,28447,7
overset,28444,7
soupcon,28443,7
technos,28431,7
reraise,28425,7
lathers,28423,7
molter,28420,7
alastor,28417,7
ponded,28413,7
akela,28395,7
shiplap,28394,7
wheen,28391,7
opulus,28386,7
kookie,28384,7
tinner,28382,7
hipness,28380,7
chuse,28372,7
bungey,28367,7
dishy,28360,7
dunt,28357,7
quacked,28357,7
heelers,28354,7
skuas,28353,7
deltic,28347,7
steane,28346,7
eldin,28334,7
speats,28334,7
danged,28327,7
pestles,28325,7
amandla,28315,7
censers,28314,7
trysts,28313,7
reciter,28312,7
champy,28306,7
trifled,28304,7
wurzel,28304,7
abaxial,28300,7
cognacs,28299,7
comped,28298,7
felty,28295,7
rarebit,28295,7
steem,28290,7
yuca,28287,7
melick,28278,7
brants,28271,7
fumaric,28247,7
coiner,28244,7
pirnie,28240,7
flooder,28238,7
misers,28232,7
warran,28231,7
pelorus,28230,7
citator,28229,7
kex,28228,7
bonking,28223,7
erhu,28222,7
mutely,28217,7
billowy,28214,7
swaged,28212,7
hyrax,28208,7
natron,28206,7
nutsack,28203,7
kyats,28202,7
trant,28201,7
shalwar,28200,7
hanker,28198,7
dugs,28196,7
roans,28190,7
fasti,28179,7
helmers,28176,7
blunk,28171,7
cenacle,28166,7
gurn,28166,7
adwares,28163,7
gapper,28163,7
joles,28157,7
scrims,28148,7
fecit,28147,7
chancer,28144,7
boated,28139,7
banias,28137,7
toilers,28130,7
revies,28128,7
snored,28122,7
naric,28120,7
plim,28119,7
eards,28115,7
airth,28113,7
rancour,28110,7
sixths,28110,7
twines,28110,7
thrum,28106,7
akes,28105,7
folkie,28099,7
vomica,28098,7
netty,28089,7
apercu,28088,7
sewel,28078,7
styrax,28073,7
atlatl,28072,7
rudie,28068,7
riband,28065,7
teargas,28059,7
sparser,28058,7
catlins,28051,7
frisked,28043,7
brayer,28038,7
acequia,28036,7
vaut,28031,7
hangmen,28021,7
hawked,28015,7
nidus,28010,7
boogey,28008,7
amain,28001,7
cytisus,28001,7
cavil,27985,7
bergens,27983,7
huskily,27980,7
dilli,27978,7
klicks,27977,7
curates,27973,7
tidies,27969,7
anent,27966,7
wudu,27963,7
airlike,27947,7
uncork,27944,7
icings,27942,7
leered,27942,7
palmy,27941,7
whelmed,27939,7
soyling,27935,7
coiffed,27930,7
hovels,27922,7
chiru,27919,7
verruca,27917,7
amate,27910,7
yowling,27910,7
eloge,27904,7
camisas,27903,7
abjure,27897,7
rushers,27893,7
faros,27882,7
briner,27881,7
cochair,27880,7
debauch,27880,7
spackle,27880,7
parch,27869,7
pondok,27868,7
cypres,27866,7
parsecs,27864,7
finito,27862,7
splotch,27860,7
brahmas,27853,7
caples,27853,7
bumbles,27852,7
cleek,27852,7
blanker,27837,7
ratites,27837,7
sugo,27835,7
sunnies,27834,7
crofter,27828,7
tankage,27827,7
shash,27825,7
gramp,27822,7
laree,27813,7
homosex,27807,7
waxer,27793,7
fagot,27790,7
foulest,27789,7
ferias,27787,7
rills,27784,7
wised,27775,7
makos,27773,7
pinfall,27773,7
teepees,27771,7
calkin,27770,7
pube,27764,7
rhemes,27764,7
ouma,27760,7
cogency,27757,7
eagled,27757,7
hyles,27756,7
wilga,27754,7
belugas,27748,7
marling,27738,7
smoor,27737,7
micht,27736,7
ecads,27731,7
tidier,27722,7
gank,27718,7
thermae,27708,7
etchant,27706,7
brisker,27696,7
crawdad,27693,7
tamely,27687,7
congee,27686,7
dexters,27672,7
zendik,27665,7
keening,27662,7
inbreds,27661,7
adelgid,27659,7
boohoo,27657,7
pyrogen,27657,7
domicil,27654,7
fracks,27647,7
kursaal,27640,7
sealion,27639,7
sakis,27631,7
hotch,27629,7
skycap,27624,7
gibe,27622,7
hobnob,27614,7
burls,27611,7
villan,27610,7
aporia,27609,7
beiges,27608,7
ferals,27606,7
curlews,27603,7
drily,27603,7
paire,27597,7
hentais,27591,7
plutons,27588,7
urtext,27573,7
osteoma,27566,7
culti,27564,7
schlep,27556,7
staved,27555,7
sigmas,27550,7
scythes,27545,7
bricken,27544,7
shirked,27542,7
rumple,27534,7
weigela,27532,7
tarsier,27528,7
oompah,27526,7
ropey,27525,7
doshas,27518,7
whow,27518,7
nikah,27512,7
grrrls,27509,7
shoed,27509,7
freebee,27499,7
tetany,27498,7
wimmin,27496,7
glumly,27493,7
corbie,27492,7
keeves,27484,7
scarps,27480,7
vulpine,27478,7
dabbing,27473,7
pomelo,27472,7
gainsay,27471,7
sythe,27462,7
funner,27442,7
piment,27436,7
waggish,27436,7
bobos,27432,7
dullard,27432,7
zounds,27423,7
jennies,27415,7
rollups,27414,7
steyer,27412,7
sourly,27403,7
tiddler,27381,7
soakers,27379,7
wetware,27379,7
gnaws,27374,7
lept,27374,7
agger,27373,7
tarras,27364,7
raggy,27361,7
mool,27348,7
shooed,27341,7
squinty,27339,7
gaddi,27337,7
linocut,27337,7
platers,27337,7
pothos,27332,7
coude,27331,7
wangled,27319,7
cloacae,27313,7
sluices,27313,7
ludic,27306,7
stangs,27306,7
lascar,27303,7
maty,27297,7
nabbing,27289,7
bunts,27287,7
quelch,27286,7
aureate,27285,7
bedevil,27285,7
appal,27269,7
distils,27267,7
ashing,27260,7
ancon,27256,7
sawlog,27255,7
kilty,27252,7
haviour,27251,7
rangoli,27250,7
murkier,27248,7
prepuce,27248,7
honks,27247,7
roed,27239,7
rasing,27230,7
worser,27229,7
equable,27227,7
nutjobs,27221,7
yummies,27212,7
tylers,27207,7
doggers,27201,7
boodle,27198,7
matrics,27192,7
fundi,27189,7
ackers,27188,7
kelt,27181,7
bammer,27178,7
lere,27175,7
acquits,27171,7
batshit,27155,7
dook,27154,7
sulked,27151,7
kerbing,27146,7
proximo,27146,7
cardan,27143,7
whimsey,27139,7
tatou,27138,7
melony,27133,7
tolu,27130,7
nulling,27118,7
tintype,27116,7
cremate,27115,7
waah,27111,7
tricorn,27101,7
blissed,27099,7
tweeze,27098,7
gracile,27088,7
pippy,27084,7
pintado,27077,7
zoisite,27049,7
expiate,27047,7
sike,27044,7
whets,27039,7
entrain,27023,7
ruffe,27023,7
bulgars,27020,7
eale,27016,7
joypads,27011,7
planxty,27010,7
betes,27006,7
cultish,27000,7
motivic,26993,7
bowfin,26990,7
pietism,26982,7
zoic,26980,7
mudding,26975,7
panders,26970,7
hadj,26964,7
tinamou,26953,7
dollops,26943,7
jaks,26939,7
haptens,26934,7
ingests,26931,7
uranian,26925,7
fecking,26918,7
mizzy,26918,7
thae,26918,7
katsina,26916,7
glumes,26914,7
vongole,26907,7
sacaton,26895,7
milkers,26881,7
dawdle,26880,7
imbed,26877,7
requin,26864,7
challan,26860,7
punny,26860,7
gelly,26858,7
liquify,26858,7
verra,26854,7
cowshed,26851,7
aulos,26850,7
scamps,26849,7
mukluks,26846,7
quarte,26845,7
assayer,26843,7
earnt,26843,7
lenging,26843,7
cheaps,26840,7
grinner,26836,7
chayote,26830,7
hunh,26830,7
blares,26829,7
gravers,26825,7
douceur,26821,7
cittern,26798,7
ludes,26797,7
hustles,26791,7
oarsmen,26783,7
shoos,26781,7
admixed,26776,7
tartlet,26766,7
pschent,26765,7
stickle,26765,7
ballan,26753,7
orison,26752,7
whump,26746,7
basilic,26741,7
pities,26738,7
dagoba,26728,7
damns,26728,7
suttas,26724,7
beebee,26718,7
canopic,26715,7
chromis,26709,7
scarers,26707,7
mortify,26702,7
tingler,26701,7
gipsies,26697,7
eking,26695,7
popover,26692,7
pulmo,26689,7
dahs,26683,7
seasure,26682,7
aahs,26679,7
strine,26676,7
disker,26668,7
raggle,26662,7
dryads,26660,7
arced,26654,7
ither,26653,7
hagfish,26652,7
ulpan,26652,7
aristos,26650,7
unmanly,26649,7
mazy,26646,7
encinas,26644,7
frats,26636,7
kales,26636,7
jimson,26633,7
beader,26629,7
colicin,26627,7
flybys,26619,7
niton,26617,7
tondo,26615,7
enstyle,26598,7
unruled,26598,7
headmen,26589,7
waiata,26582,7
jataka,26580,7
jewfish,26580,7
cholic,26579,7
pocked,26576,7
yealing,26570,7
cryogen,26548,7
jurat,26547,7
schists,26547,7
blore,26544,7
amnio,26543,7
palest,26540,7
unfussy,26540,7
recal,26539,7
kief,26536,7
roamers,26536,7
seesaws,26535,7
eclairs,26533,7
vicinal,26532,7
sparge,26531,7
ront,26524,7
coiler,26522,7
flub,26522,7
upsides,26519,7
bania,26516,7
teared,26512,7
gradus,26510,7
overdid,26510,7
sarcoid,26504,7
stemple,26503,7
sitten,26500,7
pinking,26495,7
gowland,26487,7
demoing,26482,7
braw,26481,7
berko,26479,7
quants,26469,7
nakfa,26467,7
pures,26458,7
exhume,26454,7
stie,26453,7
cosey,26452,7
madams,26448,7
encases,26446,7
hayer,26443,7
pelmet,26442,7
turgor,26442,7
pavin,26441,7
pinfold,26440,7
shyster,26439,7
jerkins,26434,7
liers,26434,7
plops,26429,7
papes,26426,7
audient,26424,7
diquark,26418,7
mugwump,26416,7
munters,26414,7
pompon,26412,7
tostada,26412,7
armlet,26409,7
bossing,26407,7
rean,26389,7
botes,26384,7
stupids,26384,7
limbeck,26378,7
luter,26368,7
pledgor,26364,7
flyable,26359,7
bocking,26356,7
hods,26354,7
desis,26353,7
shako,26339,7
slatter,26332,7
noway,26329,7
savarin,26325,7
rapine,26320,7
situps,26320,7
gabions,26318,7
sture,26313,7
instals,26295,7
argan,26269,7
vouge,26261,7
aurorae,26255,7
gazon,26247,7
gobbo,26246,7
malefic,26238,7
emoting,26234,7
jawan,26233,7
lecher,26232,7
listel,26228,7
rale,26226,7
betake,26216,7
firer,26208,7
wallows,26205,7
wissing,26204,7
dufus,26201,7
fauve,26199,7
tuckers,26199,7
vidiot,26190,7
rafted,26184,7
brays,26177,7
cantate,26174,7
hydros,26169,7
nicols,26168,7
quietus,26168,7
dharna,26165,7
enorm,26155,7
reiver,26147,7
lammer,26145,7
macher,26134,7
alarum,26124,7
dryable,26124,7
whirr,26124,7
brined,26122,7
vees,26114,7
quoits,26111,7
renvoi,26110,7
vinous,26109,7
meranti,26101,7
sker,26098,7
minny,26097,7
bunking,26096,7
enrages,26095,7
saurian,26094,7
thermes,26093,7
inkspot,26091,7
sekt,26085,7
outport,26079,7
mudflat,26078,7
hent,26076,7
shivery,26071,7
jambe,26069,7
exarch,26068,7
curdle,26065,7
redcoat,26056,7
anergy,26050,7
bodices,26048,7
chigger,26047,7
krays,26042,7
beadles,26033,7
soaped,26032,7
terek,26030,7
juicier,26025,7
tideway,26020,7
adaxial,26016,7
pizzle,26013,7
haylage,26006,7
burped,26004,7
sonder,25999,7
crooker,25993,7
copulas,25988,7
inro,25986,7
pottle,25984,7
sniped,25974,7
muckler,25971,7
subdues,25968,7
reate,25955,7
fellah,25953,7
kittles,25951,7
nasally,25939,7
toerag,25932,7
leets,25931,7
dorter,25926,7
shott,25924,7
sesh,25912,7
blowoff,25911,7
hotting,25906,7
mensual,25903,7
meltemi,25902,7
hatbox,25900,7
hooven,25899,7
rawest,25896,7
rowdies,25894,7
pirogue,25887,7
reluct,25886,7
cooee,25881,7
lanced,25881,7
lauf,25877,7
caprese,25876,7
poseurs,25870,7
crinoid,25867,7
gigged,25866,7
inducts,25863,7
gloried,25855,7
miscue,25855,7
nastily,25853,7
crudes,25850,7
crozer,25843,7
menisci,25842,7
walkies,25836,7
malarky,25831,7
peddles,25826,7
telson,25825,7
mynah,25824,7
biga,25815,7
bivvies,25814,7
raun,25813,7
griots,25812,7
goris,25809,7
trins,25806,7
pontil,25805,7
cajones,25800,7
hefte,25798,7
caliche,25797,7
mezuzot,25797,7
chalupa,25792,7
skyring,25792,7
yuke,25791,7
hosel,25789,7
thiram,25787,7
sizzled,25785,7
jargons,25760,7
jigged,25755,7
assents,25753,7
tartine,25753,7
horsie,25751,7
twinges,25749,7
khanum,25748,7
yips,25742,7
skidoos,25736,7
omikron,25735,7
eyebolt,25730,7
fudges,25730,7
wheezes,25728,7
usurps,25719,7
barbes,25715,7
bingle,25711,7
shariat,25710,7
bilking,25702,7
chillis,25702,7
heinie,25702,7
mahuang,25702,7
flinger,25701,7
gwine,25691,7
glovers,25679,7
cackles,25677,7
scoters,25675,7
preop,25674,7
flatcar,25668,7
hangi,25667,7
dotcoms,25663,7
masu,25656,7
menfolk,25654,7
hyson,25651,7
endcaps,25650,7
kiester,25644,7
trines,25644,7
euge,25631,7
omers,25630,7
bennies,25625,7
honker,25623,7
slainte,25621,7
caille,25612,7
ksar,25612,7
frazzle,25611,7
slinks,25611,7
smoosh,25604,7
braider,25601,7
conmen,25585,7
carbene,25583,7
hoer,25583,7
abelia,25579,7
chowing,25576,7
kakapo,25571,7
halwa,25564,7
ovonic,25561,7
oxic,25560,7
pelota,25559,7
outplay,25557,7
mastics,25554,7
hyaena,25553,7
kasher,25553,7
burgeon,25551,7
pineta,25547,7
unmasks,25539,7
bacha,25536,7
abrade,25533,7
dero,25532,7
hoopers,25532,7
huhu,25529,7
ruses,25529,7
outran,25527,7
beath,25518,7
lustra,25517,7
lods,25516,7
moong,25492,7
rusks,25492,7
grampus,25491,7
dilling,25489,7
piques,25486,7
toge,25483,7
taes,25482,7
apport,25479,7
galled,25476,7
viers,25474,7
graupel,25471,7
hexapod,25471,7
logies,25469,7
hindgut,25464,7
toey,25456,7
tabun,25447,7
soloed,25445,7
flacon,25437,7
spick,25431,7
meddled,25427,7
gloop,25416,7
crypton,25411,7
feigns,25411,7
mezze,25398,7
caulked,25390,7
frack,25385,7
derides,25376,7
steeve,25374,7
plyer,25371,7
solito,25365,7
polt,25359,7
gingery,25358,7
abutted,25341,7
abbes,25330,7
battuta,25330,7
thig,25322,7
prad,25321,7
nimrods,25313,7
yest,25302,7
scrimp,25301,7
urus,25297,7
cembalo,25281,7
sporks,25279,7
kipps,25278,7
carduus,25274,7
tinware,25268,7
imide,25264,7
cistus,25261,7
arling,25259,7
mzee,25257,7
unstick,25256,7
leprous,25245,7
tway,25244,7
convos,25242,7
lambent,25235,7
manati,25234,7
asocial,25220,7
rebook,25219,7
cimex,25209,7
slogged,25208,7
nones,25207,7
jansky,25203,7
hadaway,25200,7
spasmed,25199,7
wending,25194,7
chesil,25186,7
pentode,25172,7
readmes,25172,7
bason,25169,7
latakia,25165,7
mozes,25161,7
reseaux,25156,7
amido,25154,7
exempla,25154,7
oppos,25152,7
troves,25148,7
dicking,25137,7
drunker,25115,7
slops,25111,7
viners,25100,7
chut,25098,7
inocula,25097,7
shiso,25086,7
veges,25082,7
orate,25080,7
hakea,25068,7
mocker,25067,7
redleg,25066,7
brank,25065,7
churros,25065,7
dirtied,25059,7
noisome,25045,7
milieus,25044,7
croquis,25029,7
penni,25022,7
jumbuck,25009,7
deray,25003,7
tortes,25002,7
simas,24995,7
curtsey,24988,7
renay,24985,7
thionyl,24984,7
toted,24979,7
fyle,24970,7
pilose,24967,7
crispen,24965,7
revote,24962,7
blokey,24961,7
gox,24961,7
dooming,24958,7
foys,24956,7
puffery,24953,7
sodic,24953,7
tensity,24952,7
afros,24950,7
balky,24948,7
drole,24936,7
hefted,24932,7
despoil,24929,7
pappus,24929,7
fogies,24927,7
marm,24926,7
direst,24920,7
ukes,24918,7
dants,24917,7
inroad,24917,7
brigs,24912,7
racino,24912,7
wireman,24912,7
mantic,24908,7
dirndl,24906,7
targed,24906,7
devot,24904,7
theca,24903,7
whicker,24903,7
yuppy,24901,7
coerces,24900,7
nerfed,24891,7
busher,24887,7
bouffe,24884,7
zagging,24879,7
roset,24878,7
pearled,24874,7
furring,24865,7
peckers,24864,7
spading,24858,7
bellmen,24845,7
barrat,24843,7
conchal,24841,7
fanarts,24841,7
kaws,24832,7
pinnace,24831,7
plummy,24819,7
coquet,24816,7
greisen,24799,7
sluit,24797,7
bastile,24796,7
cames,24794,7
agoras,24793,7
batcher,24790,7
mhos,24785,7
quizzer,24784,7
kest,24782,7
fanged,24778,7
imposer,24775,7
prill,24775,7
korero,24773,7
cenotes,24747,7
glowers,24747,7
femals,24743,7
onliner,24743,7
agood,24742,7
quintas,24742,7
bilked,24741,7
stear,24734,7
boyar,24725,7
kibosh,24723,7
unburnt,24721,7
yean,24719,7
dayglo,24714,7
wanks,24708,7
onlay,24706,7
dogman,24703,7
tinges,24701,7
rued,24698,7
poopers,24695,7
triller,24694,7
squidgy,24691,7
gyrate,24690,7
cuing,24687,7
botty,24685,7
wastrel,24683,7
euk,24677,7
postern,24676,7
roups,24670,7
snipper,24663,7
arsis,24659,7
jackies,24659,7
handier,24654,7
styptic,24649,7
lathing,24635,7
leonine,24634,7
issei,24630,7
plenums,24628,7
botte,24625,7
worts,24619,7
ruffing,24613,7
accedes,24606,7
dobies,24593,7
inforce,24593,7
ygo,24589,7
fuzzier,24580,7
inutile,24578,7
sorbic,24567,7
arties,24561,7
togged,24561,7
batfish,24560,7
tetanic,24559,7
soling,24549,7
byelaw,24541,7
trochus,24531,7
hewing,24529,7
lupines,24529,7
pusser,24526,7
strafed,24523,7
forgoes,24510,7
outmost,24509,7
capric,24507,7
wanked,24507,7
vicuna,24501,7
larking,24498,7
abysses,24496,7
porins,24491,7
gushy,24488,7
renker,24486,7
codder,24485,7
pacy,24484,7
creese,24481,7
clivia,24474,7
inseams,24469,7
maguey,24468,7
pushpin,24467,7
recoat,24467,7
rhines,24458,7
empts,24450,7
shunter,24447,7
kowhai,24439,7
doomy,24436,7
lavra,24436,7
nagari,24432,7
froward,24430,7
witan,24428,7
goobers,24426,7
crumbed,24424,7
loused,24419,7
farrago,24417,7
physis,24417,7
keet,24415,7
zetas,24414,7
nauplii,24399,7
noyau,24399,7
acini,24397,7
dudette,24395,7
hights,24387,7
unsplit,24384,7
rangy,24374,7
cytes,24372,7
occams,24371,7
nocks,24367,7
chiton,24364,7
nereid,24359,7
bubbe,24357,7
seining,24355,7
plods,24353,7
trollop,24353,7
malwa,24347,7
ottar,24341,7
kapu,24338,7
genista,24336,7
hasps,24335,7
clocker,24334,7
sups,24329,7
unakite,24329,7
stompy,24325,7
daes,24324,7
eyecups,24309,7
solde,24298,7
anaphor,24294,7
boord,24287,7
kidded,24287,7
maraca,24286,7
nark,24280,7
tractus,24279,7
ibises,24270,7
ictal,24270,7
plafond,24265,7
spired,24262,7
eliad,24261,7
perts,24257,7
pactum,24254,7
writhes,24247,7
viroid,24245,7
brazils,24243,7
crones,24233,7
bodge,24225,7
repping,24222,7
couldst,24217,7
barfing,24216,7
laugher,24216,7
bleeped,24212,7
cryonic,24212,7
hybris,24205,7
skryer,24204,7
kegler,24199,7
bionomy,24196,7
prate,24190,7
frate,24184,7
patinas,24174,7
belying,24162,7
anoles,24159,7
knish,24159,7
crammer,24158,7
druggy,24156,7
keyline,24156,7
girdled,24146,7
abased,24145,7
slayed,24145,7
zymes,24137,7
carabao,24132,7
mairs,24132,7
porges,24128,7
piazzas,24125,7
cerge,24119,7
drey,24115,7
votings,24113,7
bobak,24111,7
effacer,24111,7
needler,24102,7
putouts,24097,7
cusk,24095,7
mobie,24095,7
waide,24095,7
antient,24094,7
sulks,24093,7
thunks,24089,7
vampy,24079,7
imine,24076,7
zanies,24074,7
traipse,24070,7
branner,24066,7
cottier,24065,7
noys,24059,7
minicab,24054,7
laxer,24047,7
titmice,24047,7
bejesus,24040,7
riving,24038,7
mazing,24032,7
kumkum,24031,7
overfed,24031,7
coom,24027,7
barwood,24026,7
biturbo,24023,7
buret,24021,7
gateaux,24019,7
skulk,24018,7
yakking,24012,7
hatpins,24010,7
anatta,24009,7
beigel,24007,7
budging,24007,7
cockade,24001,7
pentad,24001,7
busbars,23995,7
keps,23991,7
sippers,23989,7
asarum,23988,7
carpels,23984,7
soss,23980,7
dawk,23974,7
folium,23956,7
alfas,23952,7
byres,23946,7
benison,23940,7
doun,23937,7
suasion,23937,7
gayety,23932,7
treck,23931,7
arriver,23928,7
puds,23928,7
agrin,23924,7
lakebed,23913,7
maneb,23912,7
clat,23891,7
ormolu,23891,7
meths,23887,7
dueler,23880,7
oints,23880,7
crunked,23879,7
foule,23875,7
usagers,23872,7
charact,23871,7
turm,23869,7
neuston,23866,7
icefall,23865,7
cordons,23864,7
onymous,23855,7
udal,23855,7
bodger,23851,7
parries,23843,7
brail,23839,7
lames,23839,7
precess,23836,7
gansey,23829,7
bowsers,23827,7
complot,23827,7
engross,23813,7
zymogen,23812,7
umu,23806,7
worths,23805,7
polacca,23801,7
axemen,23795,7
elide,23795,7
upchuck,23787,7
intone,23777,7
slaked,23777,7
calmest,23770,7
busman,23766,7
glutted,23766,7
wintle,23764,7
dirges,23762,7
monist,23760,7
battel,23757,7
fatted,23752,7
letch,23741,7
colls,23740,7
suttles,23740,7
ingoing,23739,7
amenta,23731,7
parure,23731,7
pargo,23730,7
liaised,23716,7
harissa,23711,7
catnap,23708,7
palay,23707,7
brekkie,23702,7
yaps,23699,7
faine,23695,7
oafs,23690,7
kneads,23688,7
spendy,23684,7
bretons,23682,7
alit,23675,7
tabards,23667,7
ruiner,23663,7
coracle,23659,7
seamark,23650,7
bapu,23648,7
pectins,23648,7
phis,23645,7
tootle,23636,7
carby,23634,7
teagle,23633,7
airily,23631,7
gynos,23629,7
heathy,23627,7
riels,23627,7
cloyes,23613,7
brents,23611,7
valiums,23608,7
reline,23605,7
nicoise,23602,7
ecad,23600,7
cumuli,23591,7
yarding,23591,7
ledum,23585,7
glorias,23583,7
morcha,23579,7
essayer,23574,7
currans,23569,7
redware,23568,7
honer,23567,7
shoosh,23566,7
reface,23556,7
restudy,23553,7
meddler,23545,7
tinas,23544,7
khalif,23541,7
geebung,23537,7
gollan,23537,7
droops,23533,7
mantes,23530,7
teazing,23526,7
nymphal,23522,7
lexemes,23520,7
quashes,23510,7
doodler,23507,7
lumenal,23492,7
getup,23481,7
wadd,23480,7
logia,23477,7
paceman,23472,7
stolons,23470,7
manats,23467,7
smaragd,23465,7
recco,23464,7
peached,23456,7
webworm,23453,7
okeh,23449,7
kazoos,23444,7
steamie,23443,7
rehear,23439,7
cuits,23438,7
embar,23437,7
damps,23436,7
guested,23435,7
carns,23434,7
sorn,23431,7
indican,23429,7
tylosin,23426,7
mafiosi,23423,7
sheepy,23413,7
quoll,23407,7
inheres,23406,7
seethes,23404,7
toughie,23402,7
oose,23399,7
cleome,23398,7
zins,23398,7
cowry,23397,7
ataman,23396,7
connate,23393,7
speir,23387,7
parodic,23385,7
gestes,23383,7
atonic,23379,7
surger,23378,7
druse,23371,7
hallel,23370,7
teletex,23363,7
tallet,23362,7
ethne,23360,7
quaver,23360,7
yawp,23360,7
cordate,23359,7
fulls,23358,7
selfing,23353,7
puggy,23349,7
rosaria,23349,7
brasier,23346,7
chode,23345,7
bonders,23342,7
awls,23336,7
clipes,23334,7
ryal,23332,7
wrapt,23332,7
ternes,23329,7
trommel,23328,7
willers,23327,7
tenons,23326,7
wetly,23325,7
bialy,23321,7
couped,23318,7
fices,23311,7
resus,23306,7
endears,23303,7
disas,23302,7
cawker,23299,7
lapsus,23299,7
tranced,23298,7
ephah,23285,7
erven,23279,7
collabs,23277,7
rusas,23275,7
gurneys,23274,7
flogs,23265,7
shelfs,23263,7
soonish,23260,7
sucrase,23259,7
repower,23257,7
whippy,23244,7
lathi,23242,7
althaea,23237,7
bunde,23237,7
eventer,23227,7
cruses,23225,7
slive,23223,7
enoki,23208,7
loaners,23206,7
relock,23204,7
dramedy,23199,7
wolfing,23189,7
chich,23184,7
gelati,23184,7
kegger,23181,7
brik,23179,7
vanitas,23177,7
prester,23161,7
djinni,23160,7
cruzado,23158,7
graving,23152,7
feckin,23147,7
prelaw,23147,7
redound,23140,7
moodily,23136,7
outworn,23119,7
sambas,23118,7
stobie,23116,7
tose,23116,7
snick,23113,7
hollo,23109,7
dals,23105,7
saltier,23105,7
haik,23103,7
transe,23093,7
curette,23092,7
redcap,23089,7
livened,23084,7
ratted,23083,7
whizzy,23081,7
wigged,23081,7
ileitis,23072,7
purlin,23069,7
goombay,23059,7
congeal,23057,7
krabs,23057,7
tidily,23052,7
seadog,23050,7
tamal,23048,7
scry,23043,7
armours,23038,7
devisee,23035,7
twills,23035,7
picric,23025,7
poohed,23025,7
tiredly,23020,7
dovie,23016,7
sniffy,23015,7
psions,23014,7
wristed,23005,7
viands,23001,7
auklet,23000,7
tamped,23000,7
coppins,22999,7
soom,22999,7
rhizoma,22998,7
lenes,22995,7
qadi,22994,7
kaisers,22991,7
deicer,22984,7
aulas,22980,7
libeled,22973,7
dispone,22972,7
brinjal,22969,7
bunger,22969,7
incise,22957,7
hijabs,22956,7
pyran,22954,7
uniface,22950,7
gussied,22948,7
alloxan,22945,7
sivers,22937,7
pawning,22926,7
gyps,22917,7
lechwe,22910,7
mercers,22910,7
sunwise,22908,7
crays,22904,7
octavos,22903,7
imamate,22899,7
egotist,22897,7
hwyl,22896,7
cowers,22892,7
viver,22892,7
metic,22884,7
hant,22882,7
cyclus,22881,7
papaw,22881,7
rankles,22878,7
unplugs,22875,7
kippen,22872,7
shanny,22868,7
nandu,22865,7
ragus,22861,7
jiving,22858,7
pyrope,22856,7
ghosty,22854,7
imputes,22850,7
moil,22840,7
diyas,22839,7
waxwork,22838,7
anomy,22835,7
slae,22835,7
donas,22823,7
bewitch,22818,7
allures,22812,7
passman,22812,7
lasered,22801,7
deglaze,22799,7
yippy,22796,7
ichor,22795,7
clanged,22793,7
jupes,22789,7
paans,22788,7
centry,22786,7
eaglet,22781,7
dubber,22772,7
privily,22771,7
prewrap,22770,7
sudokus,22766,7
shippo,22764,7
dunnock,22763,7
fuds,22761,7
rehome,22757,7
vizslas,22756,7
lehua,22750,7
surahs,22750,7
dipso,22748,7
moste,22739,7
fiefs,22735,7
medlar,22735,7
beaky,22734,7
teamers,22731,7
sandhi,22727,7
brookie,22723,7
outbred,22721,7
likin,22718,7
mandira,22713,7
gumma,22711,7
exilic,22707,7
kabaddi,22707,7
figtree,22701,7
caseman,22696,7
infests,22691,7
gurgles,22680,7
hubbies,22677,7
muslins,22677,7
vermis,22672,7
cubital,22669,7
succoth,22669,7
joyed,22666,7
ulex,22663,7
kelvins,22661,7
abducts,22659,7
limina,22654,7
turfed,22645,7
petaled,22640,7
ecotour,22638,7
rimland,22633,7
laneway,22627,7
shahada,22626,7
maddest,22625,7
boursin,22620,7
thuds,22613,7
nooner,22609,7
babka,22606,7
reskin,22604,7
browny,22597,7
dits,22597,7
silkie,22597,7
fanfold,22590,7
whiffs,22586,7
carsey,22583,7
lychnis,22577,7
fent,22576,7
eery,22575,7
swigs,22572,7
borstal,22570,7
samek,22569,7
auspex,22565,7
duking,22564,7
pomace,22558,7
cusum,22557,7
weeper,22552,7
gabbing,22547,7
messman,22547,7
norteno,22541,7
caecum,22535,7
dentil,22535,7
kesar,22533,7
myoma,22529,7
silen,22517,7
latke,22512,7
retune,22510,7
skanker,22510,7
metisse,22506,7
compone,22504,7
pablum,22504,7
catlike,22503,7
macchia,22502,7
phut,22493,7
dovish,22490,7
cesspit,22488,7
olpe,22488,7
fluents,22486,7
glaive,22485,7
swoons,22481,7
bursal,22479,7
wakame,22475,7
arietta,22469,7
orebody,22468,7
dzo,22466,7
faddish,22466,7
hackler,22462,7
nare,22452,7
flunks,22450,7
tottie,22443,7
goffs,22441,7
capless,22437,7
crackly,22435,7
leers,22432,7
bonza,22431,7
heliman,22431,7
dotage,22430,7
burled,22427,7
swiper,22427,7
jawline,22426,7
pedants,22408,7
quaked,22407,7
goops,22403,7
rayle,22402,7
emprise,22395,7
gager,22394,7
ambles,22393,7
ecomm,22391,7
cervids,22389,7
borna,22376,7
jiff,22376,7
vivat,22376,7
quacky,22372,7
vitelli,22370,7
anarch,22360,7
outher,22354,7
jimmies,22347,7
plodder,22344,7
dormy,22337,7
coper,22335,8
upsize,22330,8
arioso,22329,8
buzzcut,22327,8
roues,22326,8
fremd,22321,8
severer,22321,8
scrums,22319,8
canid,22313,8
zuke,22305,8
ropeway,22302,8
hogback,22299,8
ocas,22298,8
raschel,22296,8
indol,22293,8
axenic,22279,8
hussies,22277,8
parve,22277,8
tonally,22265,8
jabot,22262,8
tammar,22261,8
arrowed,22260,8
wights,22252,8
flappy,22250,8
laxness,22250,8
dipt,22243,8
girding,22235,8
sego,22235,8
baffler,22231,8
goral,22229,8
kopje,22229,8
cowpox,22226,8
pardi,22219,8
babul,22216,8
mercat,22215,8
chomps,22205,8
patines,22199,8
rosies,22196,8
wrings,22195,8
gunge,22183,8
grein,22178,8
reship,22178,8
manihot,22164,8
dicht,22161,8
vermes,22160,8
kinin,22149,8
goofus,22148,8
ypsilon,22148,8
draftee,22146,8
viscum,22140,8
snuffs,22137,8
aptamer,22136,8
grunter,22135,8
hahas,22134,8
upends,22123,8
loped,22120,8
heaver,22118,8
asepsis,22116,8
barfs,22116,8
quieten,22106,8
mucor,22105,8
parlous,22103,8
foreleg,22094,8
lenity,22088,8
mawkin,22084,8
pedes,22083,8
inkpot,22078,8
quorums,22078,8
sabots,22076,8
shochu,22074,8
enactor,22068,8
cuddler,22064,8
bowlegs,22060,8
podia,22060,8
squarks,22057,8
criers,22053,8
veejay,22049,8
rockier,22048,8
videoed,22045,8
herry,22044,8
nerka,22040,8
ineptly,22037,8
ratpack,22037,8
pyres,22032,8
mattin,22030,8
erning,22023,8
rewatch,22022,8
cuspid,22013,8
glads,22012,8
warby,22006,8
gades,22004,8
chevin,21998,8
homines,21995,8
medii,21995,8
fossae,21994,8
stiver,21994,8
silicas,21991,8
torsade,21990,8
awaked,21985,8
regally,21982,8
upbraid,21979,8
bluffed,21977,8
brehon,21966,8
mashes,21965,8
odic,21961,8
brocks,21959,8
fastly,21958,8
gazania,21950,8
beaus,21947,8
prepays,21946,8
jives,21944,8
surfy,21936,8
grandee,21930,8
orad,21923,8
prunier,21922,8
phlomis,21903,8
oximes,21897,8
taws,21897,8
loury,21894,8
buhund,21890,8
tules,21888,8
takeup,21885,8
doole,21883,8
dhoti,21870,8
bleys,21869,8
moused,21866,8
kepi,21854,8
smelted,21852,8
doodled,21850,8
dragees,21846,8
thebe,21840,8
granges,21833,8
senecas,21829,8
jollity,21828,8
whata,21828,8
likings,21819,8
eloping,21812,8
ioniser,21810,8
seckel,21810,8
kalends,21808,8
okara,21808,8
apeshit,21798,8
porkpie,21797,8
caulder,21793,8
animi,21791,8
reddest,21790,8
bladers,21789,8
smites,21786,8
manged,21782,8
velum,21780,8
trireme,21776,8
bursars,21770,8
detents,21769,8
hazer,21768,8
cogger,21763,8
brocard,21756,8
gavels,21756,8
degus,21755,8
orisons,21754,8
debbies,21749,8
younker,21747,8
murree,21745,8
reposes,21736,8
taproom,21736,8
gorget,21731,8
phenoms,21731,8
hauses,21730,8
oxes,21728,8
pinkey,21725,8
belled,21718,8
zonally,21708,8
femora,21705,8
dowries,21704,8
owre,21703,8
sket,21699,8
femurs,21693,8
bailor,21689,8
coopted,21689,8
perdus,21684,8
muumuu,21683,8
blive,21681,8
inula,21681,8
bigrams,21680,8
dolma,21677,8
volet,21675,8
hoodoos,21674,8
voulu,21672,8
evos,21669,8
chasten,21667,8
curtsy,21663,8
flans,21660,8
coked,21657,8
databus,21646,8
kawau,21640,8
vagary,21636,8
recits,21632,8
foppish,21628,8
palooka,21627,8
spicers,21626,8
monades,21624,8
yardman,21620,8
funking,21616,8
bawley,21610,8
khutbah,21606,8
hogged,21600,8
ennoble,21592,8
nontax,21592,8
lucking,21591,8
grabby,21581,8
palsied,21578,8
jinns,21569,8
pentyl,21569,8
uvea,21569,8
scrod,21554,8
smilers,21554,8
renos,21551,8
apeman,21550,8
upas,21538,8
aglet,21535,8
bracero,21531,8
tofts,21528,8
highboy,21526,8
parky,21525,8
toolman,21525,8
weiners,21522,8
intrada,21521,8
lingos,21517,8
mnemic,21516,8
dimmest,21509,8
baff,21508,8
skeets,21507,8
teras,21504,8
harim,21493,8
concent,21490,8
poults,21488,8
cive,21484,8
plack,21481,8
whoot,21476,8
whop,21470,8
lahars,21468,8
wheezed,21466,8
frati,21465,8
radicle,21463,8
viroids,21460,8
fugs,21450,8
shanked,21443,8
villany,21440,8
giggity,21439,8
anginal,21437,8
tragi,21437,8
forded,21435,8
halfs,21434,8
atavism,21428,8
spects,21426,8
cutlers,21425,8
tushies,21423,8
disman,21411,8
valete,21410,8
gawked,21405,8
tumults,21398,8
momi,21393,8
twirly,21386,8
lovebug,21382,8
aits,21376,8
gouger,21376,8
resends,21373,8
garvie,21372,8
diked,21369,8
simpkin,21358,8
abris,21355,8
leir,21352,8
sulci,21352,8
prepack,21351,8
athames,21350,8
snakey,21350,8
occy,21349,8
ranters,21349,8
fornix,21345,8
oread,21344,8
whinny,21343,8
conflux,21337,8
miombo,21337,8
canonic,21335,8
kneepad,21333,8
darkish,21328,8
bungler,21318,8
morula,21316,8
chinky,21307,8
bolters,21303,8
petrify,21299,8
riata,21298,8
tolars,21297,8
fanner,21291,8
shinty,21291,8
giddily,21288,8
trocken,21288,8
mauzy,21286,8
mudder,21284,8
zoomers,21282,8
antbird,21281,8
elint,21266,8
scums,21265,8
murra,21261,8
hauberk,21256,8
motts,21248,8
punani,21244,8
rankle,21243,8
algum,21242,8
unseal,21242,8
dacite,21239,8
biddies,21236,8
iamb,21232,8
husked,21231,8
boose,21230,8
airt,21227,8
mateys,21222,8
fivers,21209,8
gowling,21208,8
roves,21191,8
elevens,21185,8
ostium,21185,8
bounden,21180,8
massifs,21179,8
rappe,21177,8
berlins,21175,8
fifes,21173,8
ditsy,21172,8
poppets,21168,8
reeboks,21168,8
serape,21165,8
seiners,21159,8
jumby,21158,8
hafting,21156,8
basely,21154,8
compart,21153,8
giros,21152,8
avulsed,21149,8
indow,21149,8
nonword,21149,8
zaida,21138,8
fesse,21134,8
chunnel,21133,8
sanko,21131,8
sating,21131,8
morat,21130,8
reran,21130,8
icily,21127,8
retrait,21123,8
rucking,21123,8
dashers,21121,8
dreg,21115,8
spred,21115,8
ogled,21111,8
pontic,21109,8
amping,21108,8
teemed,21104,8
bipeds,21102,8
gambo,21101,8
donnees,21098,8
dupion,21097,8
manaia,21094,8
nitwits,21093,8
outrank,21088,8
hapus,21083,8
shamal,21082,8
pise,21072,8
dishpan,21068,8
funks,21067,8
ireless,21059,8
hipbone,21058,8
lurgi,21054,8
sapele,21052,8
lenged,21047,8
verser,21046,8
ohone,21043,8
vamoose,21042,8
stoical,21037,8
aptness,21033,8
salvor,21031,8
renk,21025,8
reroof,21023,8
kickbox,21022,8
topoi,20996,8
easer,20995,8
pedler,20995,8
nasals,20994,8
zamia,20993,8
bootees,20991,8
keens,20989,8
unwire,20989,8
kombu,20988,8
blowups,20984,8
granum,20982,8
kludgy,20982,8
hims,20977,8
broche,20976,8
ragi,20975,8
ragman,20966,8
crabbed,20965,8
clonus,20964,8
gulph,20956,8
mespil,20953,8
laris,20952,8
allays,20947,8
fibular,20944,8
unnerve,20940,8
plights,20936,8
gangue,20931,8
pinery,20924,8
busying,20918,8
durries,20916,8
outwar,20916,8
puggles,20910,8
jaegers,20909,8
lanais,20897,8
gaud,20884,8
cudgels,20879,8
groaner,20874,8
waffled,20868,8
dendron,20863,8
wisha,20861,8
limpets,20856,8
twirler,20853,8
palis,20847,8
waling,20847,8
ictus,20839,8
gyri,20834,8
uprate,20830,8
pongee,20829,8
faxable,20827,8
agitato,20824,8
hryvna,20822,8
syncom,20819,8
prao,20810,8
knifing,20809,8
molts,20806,8
soukous,20806,8
bulling,20795,8
corking,20795,8
navette,20785,8
citral,20782,8
cowans,20777,8
esteems,20766,8
sacker,20763,8
bennets,20762,8
anosmia,20758,8
dadaism,20757,8
jube,20755,8
annuls,20749,8
camaron,20748,8
harems,20748,8
trevis,20739,8
yens,20737,8
daymark,20735,8
mirv,20735,8
moppet,20725,8
natrium,20725,8
quirt,20725,8
jaunted,20723,8
bedrug,20722,8
conjoin,20719,8
introit,20719,8
lording,20715,8
broches,20710,8
godet,20707,8
ailed,20703,8
fouth,20702,8
batatas,20701,8
jazzing,20700,8
rotters,20691,8
sourses,20688,8
churl,20686,8
birlinn,20685,8
furbish,20684,8
slimed,20684,8
crozes,20681,8
ratatat,20677,8
sheilas,20669,8
aspers,20656,8
mensing,20654,8
jugal,20650,8
allice,20646,8
palmier,20645,8
sarky,20639,8
distain,20633,8
peroxy,20631,8
reeders,20626,8
plonked,20621,8
muffles,20620,8
yukky,20614,8
sherd,20612,8
cabezon,20609,8
archly,20599,8
offed,20595,8
avocets,20582,8
synfuel,20582,8
septate,20568,8
luffa,20564,8
bhang,20562,8
sukh,20560,8
bawn,20558,8
dinkey,20558,8
lapilli,20549,8
careens,20546,8
vanner,20546,8
sparker,20544,8
gliosis,20535,8
declaim,20533,8
coati,20528,8
snooped,20522,8
emigres,20520,8
barky,20516,8
wefts,20506,8
boluses,20505,8
bilges,20504,8
chough,20500,8
crisped,20500,8
curvey,20500,8
stouter,20495,8
wiling,20476,8
inures,20475,8
vum,20470,8
purin,20468,8
oaked,20464,8
muntjac,20454,8
alertly,20453,8
crudity,20453,8
mudlark,20452,8
ablate,20449,8
modish,20438,8
chuppah,20429,8
danker,20425,8
prier,20417,8
deigns,20412,8
dobber,20397,8
ossia,20395,8
cottus,20393,8
jiggles,20391,8
trug,20390,8
eyeline,20388,8
siping,20388,8
baptise,20386,8
jackers,20386,8
stemme,20384,8
sutler,20378,8
hempen,20375,8
serosal,20369,8
moaners,20365,8
taniwha,20365,8
novenas,20356,8
oxer,20349,8
boomy,20346,8
drywell,20345,8
muddles,20330,8
figurer,20329,8
deicers,20325,8
liriope,20310,8
wrasses,20310,8
piccata,20299,8
drusen,20290,8
proa,20289,8
polycot,20287,8
goony,20285,8
septs,20285,8
dueled,20284,8
kantele,20282,8
stopt,20275,8
enzian,20269,8
unfed,20266,8
ratched,20254,8
bohs,20253,8
hioi,20252,8
kaim,20251,8
fibbing,20249,8
shoon,20249,8
yulan,20249,8
herries,20246,8
eths,20239,8
logoi,20238,8
mopper,20238,8
hatpin,20235,8
shofars,20234,8
prudes,20233,8
ranee,20233,8
wiglets,20233,8
strati,20231,8
krater,20228,8
bready,20227,8
doree,20227,8
mussed,20226,8
birse,20224,8
krang,20220,8
diols,20219,8
biobank,20215,8
ageist,20206,8
alae,20202,8
nork,20199,8
nitros,20177,8
ocicat,20174,8
inclose,20173,8
glute,20171,8
bided,20170,8
vends,20166,8
mewling,20164,8
kerygma,20163,8
edaphic,20161,8
figwort,20154,8
arenes,20152,8
beggary,20140,8
hesp,20133,8
defacer,20132,8
albedos,20122,8
doodad,20120,8
pistils,20119,8
fettle,20112,8
mimed,20111,8
repros,20107,8
gryce,20104,8
deil,20101,8
gallow,20100,8
gashed,20100,8
neeps,20099,8
bakkie,20086,8
bouge,20083,8
chare,20082,8
guaiac,20082,8
jafa,20080,8
wady,20080,8
siegers,20078,8
tocsin,20078,8
cuber,20073,8
weeders,20069,8
dimity,20065,8
awave,20063,8
palpate,20054,8
tetrads,20049,8
mistype,20048,8
lidding,20047,8
orra,20045,8
murein,20036,8
ponzu,20031,8
fedoras,20029,8
rhumb,20027,8
inion,20026,8
triaged,20024,8
lithops,20023,8
paunchy,20021,8
asylees,20020,8
coys,20020,8
progged,20019,8
perking,20015,8
blebs,20013,8
noumena,20011,8
limper,20007,8
endash,20006,8
despond,20005,8
marse,20005,8
brewski,20001,8
sparer,20000,8
pustule,19998,8
vamping,19984,8
simians,19980,8
ligule,19972,8
barters,19967,8
testily,19967,8
boak,19954,8
curfs,19951,8
ratting,19949,8
chack,19946,8
tyran,19943,8
pross,19937,8
doowop,19935,8
tatter,19935,8
flavas,19933,8
flays,19928,8
numbly,19924,8
phorate,19915,8
vogues,19908,8
batboy,19906,8
tokers,19905,8
medfly,19903,8
gumming,19900,8
oersted,19899,8
fango,19896,8
nelis,19894,8
plushes,19890,8
vlei,19888,8
fayres,19886,8
frug,19883,8
clogger,19882,8
varlet,19860,8
lohans,19858,8
munchy,19852,8
severy,19850,8
slaid,19838,8
whatsit,19838,8
plotz,19834,8
achiote,19826,8
wagyu,19825,8
peke,19824,8
cesse,19821,8
swang,19816,8
belgard,19812,8
botels,19812,8
stogie,19812,8
leaming,19810,8
tibiae,19810,8
airgap,19809,8
bleakly,19795,8
blini,19794,8
cloacal,19794,8
soras,19792,8
difs,19777,8
inters,19776,8
puzzel,19773,8
chazan,19769,8
sickos,19769,8
rattery,19768,8
pinnae,19765,8
strophe,19765,8
petto,19758,8
riffage,19757,8
exclave,19751,8
sturmer,19749,8
laths,19745,8
preyer,19743,8
waac,19742,8
jawbox,19739,8
deify,19734,8
pardy,19729,8
veiny,19725,8
palsies,19716,8
buba,19713,8
augite,19708,8
tubifex,19707,8
bacalao,19705,8
lungi,19705,8
mixings,19701,8
sered,19699,8
babas,19694,8
outwell,19694,8
showery,19694,8
skitch,19694,8
amende,19689,8
chooks,19679,8
feints,19673,8
chyron,19665,8
sanny,19660,8
trites,19656,8
chromes,19652,8
morgues,19643,8
delly,19642,8
compeer,19641,8
gammer,19639,8
unkept,19639,8
azolla,19628,8
lisping,19627,8
shads,19622,8
muddies,19620,8
geck,19617,8
pokal,19613,8
justs,19611,8
croci,19604,8
voluspa,19601,8
cowhand,19595,8
trental,19593,8
hilum,19592,8
skean,19591,8
fowling,19590,8
adbot,19586,8
panoche,19586,8
clachan,19579,8
nogg,19579,8
uncaged,19579,8
oranger,19578,8
tinies,19578,8
wirra,19577,8
foregut,19574,8
sads,19573,8
enrols,19572,8
borsch,19568,8
loges,19568,8
hogfish,19566,8
ferial,19565,8
sneller,19565,8
nonwork,19563,8
fluxing,19561,8
blits,19557,8
prig,19552,8
ginners,19551,8
armeria,19548,8
auxins,19544,8
riling,19543,8
jiggers,19541,8
celiacs,19533,8
yawing,19533,8
ollies,19532,8
tiddly,19528,8
lummox,19527,8
verged,19524,8
amoret,19516,8
cabman,19515,8
paratha,19514,8
fawned,19513,8
futzing,19512,8
nandina,19512,8
dadaist,19504,8
barfed,19503,8
kaftans,19490,8
newcome,19488,8
accrete,19487,8
squill,19478,8
favell,19473,8
pompoms,19463,8
gleed,19458,8
towse,19451,8
sourse,19446,8
meataxe,19443,8
droving,19442,8
pupu,19440,8
hanami,19438,8
succot,19437,8
plumps,19426,8
batta,19422,8
belches,19416,8
heftier,19416,8
holdups,19416,8
venator,19415,8
pulped,19414,8
morae,19411,8
lagunas,19409,8
mylars,19406,8
spains,19402,8
usager,19401,8
muffed,19398,8
jinni,19391,8
wicky,19391,8
tikis,19390,8
emceed,19388,8
axone,19386,8
bocks,19385,8
siles,19384,8
kinins,19382,8
harped,19380,8
clanger,19374,8
asteria,19372,8
pieties,19369,8
claros,19368,8
palming,19366,8
hauf,19359,8
toun,19357,8
clucked,19353,8
nerine,19353,8
loches,19352,8
flubbed,19351,8
ekka,19348,8
bisk,19345,8
caudron,19345,8
inturn,19345,8
enew,19341,8
holons,19341,8
trilled,19337,8
awned,19334,8
stelae,19330,8
spirts,19325,8
unfound,19324,8
downlow,19320,8
humbugs,19319,8
hoboes,19318,8
togas,19316,8
aret,19314,8
jilt,19312,8
lewdly,19308,8
manky,19299,8
sovran,19293,8
pastie,19292,8
erodium,19285,8
typy,19282,8
saltos,19281,8
birls,19278,8
sircar,19264,8
creedal,19256,8
reroll,19255,8
flauta,19253,8
zester,19252,8
sublot,19250,8
ewk,19247,8
chippie,19243,8
hawse,19238,8
catkin,19230,8
pledgee,19229,8
bolar,19223,8
kuzu,19219,8
goller,19216,8
brawer,19210,8
zoodles,19210,8
staker,19209,8
nulled,19203,8
wena,19202,8
hakam,19201,8
viscid,19198,8
minicar,19195,8
penname,19195,8
pessary,19194,8
reefed,19193,8
hardpan,19190,8
hoaxers,19190,8
abaft,19188,8
crampy,19187,8
dodos,19185,8
swamis,19184,8
avaunt,19173,8
rehomed,19172,8
stabber,19167,8
unlove,19158,8
pileus,19153,8
ursae,19152,8
fjeld,19150,8
gingles,19146,8
hawing,19142,8
deffo,19135,8
lamming,19134,8
mengs,19131,8
nemesia,19129,8
tolt,19129,8
bogarts,19128,8
marari,19126,8
reist,19118,8
sponged,19118,8
youk,19116,8
redfin,19113,8
speltz,19109,8
hovea,19107,8
bibber,19106,8
gurry,19106,8
veles,19096,8
queenly,19092,8
gons,19091,8
punkish,19089,8
preppie,19087,8
koel,19085,8
samey,19085,8
indigos,19083,8
taubes,19083,8
hoarder,19075,8
coequal,19069,8
livest,19068,8
connive,19063,8
exegete,19063,8
cowing,19062,8
adnexa,19061,8
exedra,19055,8
sepium,19054,8
herl,19051,8
pinkos,19048,8
hydria,19042,8
conked,19040,8
boreen,19033,8
doges,19033,8
crucian,19028,8
unicum,19022,8
skilly,19021,8
rorie,19018,8
attorn,19017,8
adjure,19014,8
abettor,19013,8
juleps,19009,8
delict,19000,8
piny,18995,8
lotuses,18994,8
wallas,18994,8
mavin,18985,8
potshot,18975,8
azotes,18973,8
grundle,18971,8
stators,18959,8
repaved,18955,8
lolled,18939,8
navvy,18939,8
daube,18929,8
adsorbs,18928,8
greylag,18920,8
onigiri,18920,8
gowned,18915,8
stope,18912,8
tossup,18911,8
garron,18901,8
adages,18898,8
faibles,18896,8
gean,18895,8
mopey,18894,8
sumos,18889,8
monkish,18888,8
zouaves,18885,8
riads,18882,8
flaneur,18880,8
volvox,18876,8
auks,18875,8
gouk,18867,8
weaner,18867,8
bogues,18865,8
vego,18861,8
hoppus,18860,8
tyde,18858,8
godowns,18855,8
winched,18855,8
neoteny,18848,8
tarsi,18846,8
ruching,18840,8
datto,18838,8
petters,18832,8
joggle,18830,8
bedroll,18828,8
zaftig,18822,8
hydroid,18821,8
agami,18814,8
aquavit,18812,8
meane,18812,8
langar,18809,8
zebrano,18809,8
isopod,18807,8
cohens,18801,8
hookey,18800,8
gestate,18798,8
cuke,18795,8
recons,18793,8
skears,18793,8
villans,18788,8
wingmen,18781,8
bhaji,18778,8
pyrexia,18777,8
ouvrier,18774,8
sludgy,18774,8
blings,18773,8
shamble,18772,8
samas,18769,8
wice,18757,8
adagios,18754,8
lacunar,18752,8
lowness,18750,8
fuzzing,18748,8
fessed,18742,8
airball,18736,8
bullae,18729,8
wandle,18724,8
balise,18722,8
heteros,18718,8
vors,18710,8
curring,18704,8
stonier,18704,8
firkins,18701,8
xebec,18700,8
hoving,18689,8
bedes,18687,8
sheesha,18686,8
safing,18681,8
carryon,18672,8
coltan,18662,8
enticer,18662,8
lues,18660,8
phatic,18660,8
azygos,18659,8
fayence,18650,8
ribby,18650,8
sulkily,18642,8
yech,18641,8
slopped,18640,8
trema,18640,8
porgie,18635,8
europop,18633,8
decapod,18630,8
vexes,18629,8
bolson,18627,8
gyres,18626,8
tramper,18616,8
bakeoff,18611,8
mapau,18606,8
goodier,18604,8
starn,18604,8
vendue,18598,8
hydras,18583,8
snaky,18580,8
moted,18579,8
bathos,18577,8
moocher,18576,8
wheedle,18566,8
hushing,18557,8
lusers,18543,8
piddly,18543,8
syntype,18543,8
decani,18542,8
parki,18537,8
booh,18536,8
osmunda,18530,8
seism,18530,8
gamming,18529,8
foxie,18525,8
osetra,18525,8
kenos,18513,8
rhoncus,18512,8
queerly,18511,8
swy,18510,8
stede,18504,8
cheesed,18502,8
gagger,18502,8
lumpia,18492,8
buik,18488,8
mouflon,18483,8
almirah,18478,8
umbers,18477,8
pizzaz,18472,8
reweigh,18472,8
putties,18467,8
rosiers,18467,8
tartly,18465,8
melik,18462,8
dulness,18461,8
tackers,18461,8
goopy,18459,8
datable,18454,8
ngoma,18454,8
chalone,18453,8
rhetor,18453,8
hexene,18450,8
grunion,18438,8
creels,18436,8
decan,18435,8
lotic,18432,8
spiels,18421,8
lablab,18419,8
knobbly,18413,8
stroppy,18412,8
offish,18411,8
trues,18411,8
harmel,18408,8
kheda,18408,8
stabby,18408,8
babyish,18407,8
hennies,18400,8
novelle,18397,8
murri,18396,8
segars,18394,8
mizen,18393,8
grumps,18392,8
farl,18385,8
knuts,18383,8
respire,18374,8
eisel,18365,8
fuddle,18363,8
kilobit,18360,8
pelas,18360,8
kois,18359,8
sposed,18357,8
limma,18356,8
nuffin,18351,8
eikon,18345,8
hexoses,18340,8
fatwah,18339,8
minces,18332,8
foible,18328,8
futhark,18324,8
numen,18324,8
folkies,18322,8
rubins,18319,8
gallier,18316,8
borak,18314,8
derated,18310,8
datings,18309,8
flaying,18307,8
houts,18304,8
lowan,18303,8
harmans,18302,8
haud,18292,8
ruths,18289,8
clinked,18271,8
umph,18266,8
cohesin,18263,8
brewis,18262,8
flouts,18261,8
logwood,18260,8
seised,18256,8
hedgers,18252,8
mahoe,18251,8
waxbill,18251,8
furphy,18247,8
wharfs,18244,8
karstic,18243,8
quokka,18243,8
wended,18242,8
baldric,18239,8
debile,18234,8
feni,18233,8
ropy,18229,8
mumper,18226,8
bergama,18224,8
omental,18224,8
synodic,18224,8
bunraku,18223,8
chais,18222,8
lambers,18218,8
lumbers,18215,8
soken,18213,8
bacca,18209,8
loof,18198,8
gleaves,18194,8
wifely,18192,8
kenting,18191,8
cassina,18187,8
camos,18180,8
reede,18178,8
mudbugs,18176,8
consols,18175,8
ashame,18172,8
amus,18161,8
defund,18159,8
ladled,18159,8
motty,18153,8
untuned,18145,8
snugger,18141,8
geep,18136,8
pianola,18135,8
forbore,18132,8
signets,18131,8
finless,18127,8
phyton,18125,8
bungees,18123,8
mopier,18113,8
musse,18113,8
asswipe,18110,8
rawer,18102,8
sierran,18102,8
avos,18096,8
ilea,18090,8
astanga,18083,8
cicala,18083,8
tinnie,18081,8
clavis,18077,8
emmas,18069,8
kevil,18063,8
fauchon,18054,8
muley,18053,8
juku,18050,8
dextral,18048,8
primmer,18047,8
jotters,18043,8
albinos,18042,8
fidgets,18038,8
ransoms,18036,8
repass,18035,8
clarino,18027,8
naeve,18025,8
nocturn,18017,8
vespas,18017,8
turfs,18014,8
tigon,18010,8
medusae,18004,8
burghs,17995,8
junkman,17987,8
whackos,17985,8
leapers,17979,8
shebeen,17979,8
panni,17978,8
socking,17972,8
weepers,17971,8
brei,17967,8
salep,17960,8
dieted,17954,8
garrote,17947,8
requins,17947,8
peever,17946,8
knobbed,17938,8
nabis,17936,8
spates,17936,8
costus,17931,8
haggled,17927,8
pissant,17925,8
embalm,17924,8
khaya,17917,8
pial,17915,8
sabines,17915,8
vaguer,17913,8
daedal,17911,8
yagis,17911,8
tarted,17909,8
kerogen,17907,8
sunbow,17907,8
divvied,17904,8
fullam,17904,8
jedis,17904,8
tallboy,17904,8
strakes,17903,8
messily,17901,8
redear,17899,8
culet,17895,8
imboss,17894,8
descry,17891,8
raths,17877,8
replot,17865,8
albs,17863,8
assegai,17861,8
tinkled,17858,8
guavas,17849,8
whishes,17843,8
nevel,17833,8
padauk,17829,8
biassed,17828,8
oughly,17824,8
pulpal,17821,8
cilium,17819,8
tepals,17816,8
denarii,17801,8
dvornik,17797,8
lianas,17797,8
drayman,17793,8
talma,17793,8
wussies,17788,8
bobbled,17787,8
isopods,17778,8
taxons,17778,8
protium,17776,8
kantha,17770,8
lobi,17764,8
elfish,17761,8
galah,17753,8
teaze,17751,8
hoofers,17748,8
trone,17745,8
truckle,17741,8
gabble,17739,8
beardie,17737,8
ekes,17735,8
terete,17734,8
obento,17731,8
phons,17726,8
emblaze,17712,8
bolds,17710,8
numnahs,17708,8
wigwams,17708,8
goliard,17706,8
swarf,17705,8
chatons,17701,8
numbat,17700,8
elytra,17690,8
subha,17689,8
sunlike,17688,8
fumetto,17685,8
guck,17683,8
hexanes,17680,8
acutes,17678,8
admix,17678,8
versos,17673,8
seedier,17671,8
frays,17669,8
charry,17668,8
chemic,17668,8
wincer,17657,8
beignet,17648,8
winkles,17646,8
spelter,17641,8
rotch,17632,8
mooing,17623,8
tachs,17611,8
griffes,17607,8
linuron,17604,8
hilding,17601,8
wolly,17600,8
whups,17599,8
tectrix,17597,8
mocap,17595,8
persued,17592,8
centavo,17589,8
coucal,17586,8
signior,17577,8
sedes,17575,8
supping,17572,8
withs,17564,8
faps,17562,8
jawans,17558,8
daine,17557,8
untrust,17550,8
lenti,17547,8
hudna,17539,8
nellies,17538,8
calk,17536,8
glazers,17529,8
loutish,17527,8
ashcan,17521,8
sapid,17521,8
snells,17521,8
piastre,17520,8
bleb,17519,8
pryer,17518,8
deports,17517,8
henges,17513,8
tautog,17509,8
halutz,17508,8
oropesa,17505,8
apsos,17502,8
luthern,17502,8
reamy,17501,8
umiacs,17501,8
kulas,17499,8
puffa,17494,8
leazes,17490,8
nibbly,17490,8
yaird,17487,8
scute,17485,8
slagged,17485,8
bedel,17484,8
rugrat,17482,8
palp,17480,8
rozet,17480,8
caitiff,17476,8
elmy,17476,8
tureens,17476,8
gauch,17474,8
dextro,17472,8
elain,17472,8
pysanky,17472,8
ecurie,17471,8
scoria,17469,8
keek,17468,8
toking,17465,8
tooted,17459,8
linguas,17458,8
cists,17452,8
anoints,17451,8
punctum,17451,8
jangled,17449,8
thuya,17449,8
tirr,17445,8
patins,17443,8
avenges,17441,8
raceme,17440,8
briquet,17439,8
embroil,17433,8
keirin,17432,8
hartal,17430,8
athirst,17429,8
pennon,17429,8
mitoses,17427,8
cutely,17426,8
gnashed,17422,8
parches,17421,8
cobbers,17414,8
batard,17411,8
fayer,17406,8
anagen,17401,8
caltha,17393,8
glaces,17393,8
grens,17393,8
boozers,17389,8
chochos,17380,8
ofter,17374,8
upshift,17365,8
molted,17363,8
mooned,17363,8
primly,17360,8
pummels,17355,8
paleos,17352,8
hipshot,17346,8
tantos,17345,8
wyles,17342,8
lippen,17324,8
sialon,17322,8
abeam,17316,8
martlet,17312,8
focally,17307,8
mainer,17305,8
baes,17304,8
tutee,17303,8
reos,17300,8
exults,17299,8
scalene,17299,8
miry,17298,8
specced,17293,8
marls,17292,8
frugs,17289,8
lodes,17287,8
phenome,17286,8
guiders,17282,8
pupfish,17276,8
mackle,17265,8
backfat,17263,8
seconal,17262,8
oilmen,17261,8
sended,17261,8
tautly,17259,8
echium,17255,8
ectasia,17252,8
canids,17246,8
stymies,17246,8
arcsine,17243,8
tussles,17236,8
coaming,17232,8
agaves,17227,8
helos,17225,8
tolyl,17223,8
nappes,17222,8
socle,17222,8
frass,17220,8
arval,17215,8
cowskin,17214,8
eponym,17214,8
souple,17204,8
yews,17203,8
censed,17198,8
shamos,17196,8
fiords,17192,8
lysing,17192,8
rivel,17192,8
syrtis,17191,8
junking,17190,8
tennies,17187,8
bedsits,17180,8
dozes,17178,8
cloy,17176,8
orach,17167,8
jailor,17161,8
mamluks,17161,8
naras,17161,8
yappy,17161,8
dotter,17160,8
undy,17154,8
cissus,17152,8
noised,17149,8
bondmen,17148,8
vigoro,17148,8
denars,17145,8
vesical,17138,8
vaunt,17134,8
crannog,17132,8
espial,17130,8
kapas,17130,8
katti,17130,8
gybe,17124,8
anteed,17118,8
grasser,17113,8
retablo,17113,8
zonked,17109,8
unai,17106,8
everted,17096,8
gilders,17089,8
refuser,17086,8
regnant,17085,8
frump,17084,8
lunate,17084,8
mudcats,17084,8
tuque,17083,8
sowder,17082,8
bachs,17081,8
bartons,17079,8
ponied,17076,8
quondam,17076,8
ginned,17072,8
proem,17071,8
hangtag,17066,8
jeton,17064,8
daric,17063,8
mixt,17059,8
magnons,17052,8
potage,17052,8
unsexy,17045,8
octan,17041,8
pirls,17041,8
babied,17037,8
tirls,17037,8
erucic,17036,8
codding,17032,8
teils,17030,8
nesher,17028,8
epoxied,17026,8
maltman,17026,8
uraemic,17022,8
haith,17021,8
happed,17020,8
washtub,17019,8
eses,17018,8
domoic,17015,8
oxidise,17015,8
palps,17014,8
kidlet,17013,8
rashers,17005,8
hecks,17000,8
ruellia,16996,8
mirchi,16993,8
kueh,16991,8
minored,16989,8
rebill,16988,8
genizah,16981,8
sopor,16980,8
loftily,16979,8
riffed,16976,8
pilau,16975,8
unmake,16970,8
carpus,16969,8
persing,16969,8
armload,16968,8
doffed,16963,8
cobber,16958,8
mossie,16954,8
windway,16951,8
pikas,16945,8
frothed,16940,8
enfolds,16936,8
paeans,16933,8
festers,16929,8
chomped,16927,8
girds,16916,8
sease,16912,8
sulfo,16910,8
termer,16908,8
readmit,16906,8
usurer,16904,8
scudo,16902,8
unitive,16899,8
cuffing,16898,8
jousts,16895,8
sient,16892,8
theed,16889,8
kinas,16886,8
tinkles,16880,8
papular,16877,8
sansei,16876,8
mings,16874,8
thoro,16869,8
daith,16866,8
mochas,16864,8
kemple,16859,8
unline,16851,8
rugose,16848,8
bides,16845,8
cycloid,16844,8
hatrack,16832,8
glossa,16831,8
nyloned,16830,8
parvis,16804,8
rhones,16797,8
relook,16795,8
whitens,16783,8
cyte,16778,8
tabouli,16776,8
isobath,16772,8
scrive,16768,8
lipomas,16757,8
phytol,16753,8
gambits,16750,8
idees,16744,8
oafish,16742,8
bruits,16741,8
waddles,16740,8
coercer,16734,8
fibred,16730,8
wolfers,16729,8
unrolls,16727,8
kludges,16726,8
cochins,16723,8
bilboa,16722,8
reginae,16722,8
tael,16721,8
fimbria,16718,8
simchas,16718,8
windigo,16717,8
antifa,16716,8
baboo,16716,8
freshet,16714,8
wadis,16705,8
toyman,16704,8
linny,16703,8
edifier,16700,8
lapsang,16699,8
kanas,16695,8
lochan,16695,8
kappas,16689,8
citers,16688,8
gordita,16681,8
drabs,16675,8
gaita,16673,8
iridian,16665,8
heister,16661,8
hairier,16657,8
grummer,16656,8
bunked,16650,8
escaper,16644,8
tactual,16642,8
kegging,16640,8
boree,16638,8
thurl,16621,8
coronis,16615,8
drubs,16611,8
anuran,16607,8
chollas,16605,8
alights,16597,8
soldo,16595,8
scarfed,16594,8
witters,16587,8
sheens,16585,8
bevers,16581,8
durgan,16578,8
doming,16577,8
morphew,16575,8
chib,16566,8
trover,16562,8
blist,16549,8
sneap,16545,8
ambry,16543,8
jakey,16541,8
securer,16537,8
synes,16535,8
adduces,16534,8
nemeses,16532,8
flosser,16531,8
succubi,16526,8
megohm,16524,8
motoric,16524,8
oxid,16522,8
feres,16519,8
aortas,16514,8
snoozes,16511,8
refits,16510,8
mockers,16509,8
sloyd,16508,8
rynd,16507,8
snorers,16507,8
hogtie,16496,8
cabals,16491,8
bating,16488,8
afars,16470,8
ankush,16465,8
roven,16464,8
duka,16463,8
talaria,16462,8
petcock,16461,8
peckish,16451,8
solei,16449,8
forker,16448,8
valses,16446,8
sough,16442,8
spalted,16441,8
skunked,16440,8
filched,16435,8
britts,16433,8
suspens,16425,8
prances,16423,8
dumka,16420,8
spoony,16420,8
trudges,16419,8
khedive,16418,8
reshoot,16413,8
toyon,16413,8
ishes,16410,8
pabulum,16409,8
tholos,16407,8
hepper,16398,8
twiglet,16397,8
barock,16389,8
inchers,16388,8
ciggies,16387,8
unties,16385,8
marting,16382,8
poncy,16378,8
boding,16377,8
groused,16376,8
shushed,16376,8
shooing,16375,8
repped,16373,8
aped,16370,8
puddly,16367,8
heydays,16366,8
middler,16363,8
mudroom,16360,8
carouse,16357,8
nikau,16356,8
muggins,16355,8
plumpy,16344,8
diether,16342,8
traduce,16341,8
hypoid,16338,8
bourree,16335,8
duett,16335,8
sensate,16330,8
tasar,16330,8
wyverns,16326,8
gooby,16325,8
curtesy,16324,8
kirs,16324,8
waltzer,16324,8
medivac,16319,8
mehendi,16317,8
dafter,16315,8
repine,16315,8
pusses,16309,8
alkyne,16308,8
ratel,16306,8
birling,16305,8
canella,16304,8
jingled,16302,8
forcat,16301,8
churchy,16299,8
lyes,16291,8
bitonal,16282,8
fuckup,16282,8
hinky,16281,8
gimel,16276,8
morion,16270,8
bimble,16260,8
bize,16260,8
tomboys,16253,8
swidden,16252,8
croute,16250,8
repots,16250,8
speccy,16250,8
hogen,16248,8
whiling,16245,8
baken,16235,8
chafes,16234,8
defames,16232,8
gaoler,16231,8
bancs,16230,8
gusted,16230,8
jilting,16228,8
blabbed,16220,8
scrine,16217,8
jazzier,16216,8
draps,16206,8
onrush,16206,8
yangs,16205,8
kukri,16200,8
loche,16196,8
myxoid,16196,8
klap,16189,8
salvias,16188,8
serosa,16188,8
noil,16185,8
truncal,16178,8
ataxic,16176,8
lentigo,16175,8
laddy,16174,8
setline,16169,8
oldish,16167,8
elate,16161,8
anted,16159,8
bordel,16155,8
crueler,16154,8
diamide,16153,8
riflery,16152,8
sparkie,16152,8
callid,16150,8
gooses,16149,8
spruit,16142,8
sodded,16139,8
waly,16139,8
lawing,16130,8
khanda,16128,8
appall,16124,8
clach,16123,8
polks,16112,8
addax,16108,8
sinding,16108,8
deboned,16100,8
binocs,16095,8
gloats,16091,8
kylin,16091,8
histing,16089,8
devall,16087,8
ghaut,16083,8
ketubot,16082,8
coupure,16081,8
forze,16078,8
fechter,16075,8
bondman,16072,8
fauves,16068,8
trifid,16067,8
edhs,16066,8
desse,16062,8
peaces,16062,8
libbed,16057,8
comper,16052,8
fumer,16052,8
dhaba,16049,8
doorns,16049,8
bestir,16037,8
lubing,16034,8
swearer,16033,8
cyanate,16032,8
rustles,16017,8
girasol,16015,8
douar,16014,8
dropt,16010,8
inapt,16009,8
ninon,16007,8
sprits,16006,8
obloquy,16002,8
coxa,15993,8
wanky,15993,8
bezique,15992,8
virls,15992,8
fobbed,15984,8
plap,15979,8
pyrola,15977,8
saidst,15974,8
yock,15973,8
swinge,15972,8
coryza,15969,8
conium,15963,8
husking,15963,8
twinkly,15961,8
acidify,15957,8
doddy,15957,8
shivas,15953,8
yttria,15943,8
reginal,15939,8
lechery,15928,8
noirish,15921,8
seelie,15921,8
applier,15911,8
channer,15903,8
codas,15903,8
lindens,15901,8
rivo,15900,8
ticed,15896,8
rubdown,15894,8
lemel,15890,8
cartful,15885,8
skimped,15881,8
cachaca,15879,8
fetlock,15878,8
chitter,15877,8
neral,15869,8
ischial,15868,8
peened,15865,8
brume,15864,8
undock,15863,8
cecity,15861,8
kipping,15861,8
palmate,15861,8
gyrated,15858,8
quavers,15847,8
weeing,15845,8
camerae,15839,8
beadman,15837,8
muser,15833,8
lapdogs,15827,8
purger,15827,8
copaiba,15826,8
sheel,15825,8
awes,15824,8
eccrine,15824,8
bezoar,15819,8
kotch,15817,8
scarer,15816,8
flecker,15815,8
ginge,15812,8
knowers,15812,8
nutso,15808,8
hurter,15807,8
dorados,15804,8
bulker,15794,8
patzer,15793,8
warbled,15792,8
megohms,15785,8
clamors,15780,8
minims,15780,8
prenup,15779,8
ablow,15776,8
sanest,15775,8
doeskin,15770,8
votary,15770,8
linin,15768,8
poppit,15765,8
placita,15763,8
movants,15762,8
subtend,15762,8
ironmen,15761,8
pouched,15760,8
eddo,15751,8
flossy,15751,8
kolos,15748,8
ruscus,15748,8
hoaxer,15745,8
camelid,15736,8
smiddy,15736,8
santal,15734,8
burets,15712,8
rattrap,15712,8
gelded,15711,8
gadjo,15707,8
whirred,15707,8
swail,15702,8
howk,15701,8
bubbas,15694,8
haled,15691,8
siglos,15691,8
wisent,15684,8
earless,15681,8
baddy,15679,8
tamaris,15669,8
kinema,15660,8
amatory,15657,8
vitrail,15657,8
negroni,15648,8
staw,15644,8
symbion,15642,8
dopest,15640,8
vomitus,15636,8
wasm,15635,8
corncob,15633,8
chador,15632,8
disowns,15631,8
cricoid,15627,8
podded,15627,8
mudbug,15623,8
pones,15620,8
bucker,15619,8
raffish,15611,8
frogged,15609,8
wisard,15606,8
knavery,15605,8
intwine,15597,8
atones,15595,8
scotoma,15594,8
mucosae,15593,8
rebased,15588,8
flavone,15583,8
achiral,15581,8
besets,15578,8
chitons,15577,8
schmelz,15576,8
anuses,15573,8
locusta,15558,8
relet,15556,8
sasin,15556,8
remuda,15552,8
meatmen,15542,8
shacked,15533,8
urena,15526,8
flocs,15523,8
rhodora,15517,8
aked,15515,8
spathe,15515,8
maskers,15513,8
abutter,15512,8
birded,15512,8
mitred,15512,8
saine,15510,8
glosser,15503,8
yaupon,15503,8
doyenne,15501,8
spaning,15494,8
hucks,15491,8
unclip,15488,8
maturer,15484,8
canzona,15482,8
buffi,15479,8
donees,15462,8
trued,15457,8
falx,15439,8
mondain,15437,8
bedrail,15436,8
torchon,15436,8
tutees,15435,8
fahs,15433,8
axions,15431,8
niblick,15430,8
siss,15430,8
peles,15429,8
rought,15429,8
nympha,15427,8
wittier,15423,8
arfs,15421,8
arraign,15420,8
khoja,15416,8
cawing,15415,8
corf,15414,8
crapy,15414,8
typable,15411,8
craked,15409,8
droke,15401,8
coyer,15399,8
gilds,15396,8
cambial,15394,8
bottes,15392,8
nuddy,15392,8
blackly,15387,8
purvey,15385,8
barfi,15384,8
exonic,15384,8
afeard,15380,8
ruffins,15379,8
eruvin,15378,8
vended,15378,8
engrams,15376,8
chams,15375,8
infauna,15373,8
cortado,15372,8
tenno,15372,8
convoke,15370,8
totters,15370,8
happing,15365,8
gritter,15362,8
salp,15357,8
priding,15356,8
whitter,15356,8
creaser,15355,8
gilled,15354,8
whelps,15354,8
kues,15353,8
polders,15349,8
deafen,15343,8
pedalo,15340,8
lewisia,15339,8
radula,15339,8
bayamo,15336,8
sanes,15330,8
quino,15325,8
breds,15322,8
victual,15321,8
twigged,15320,8
umbels,15317,8
knoller,15316,8
gled,15313,8
pecten,15313,8
obos,15308,8
saltus,15305,8
zygon,15300,8
heptad,15299,8
murshid,15294,8
tarrow,15294,8
cowrote,15290,8
healths,15287,8
molls,15283,8
scutes,15277,8
tided,15272,8
addle,15267,8
mistle,15260,8
sewered,15260,8
tuart,15258,8
ouzel,15256,8
coxcomb,15252,8
rentier,15252,8
lorel,15251,8
lades,15236,8
finos,15235,8
wakf,15235,8
floury,15231,8
congest,15230,8
satrap,15230,8
zelkova,15229,8
sequela,15228,8
sylphs,15227,8
fulvous,15224,8
haen,15222,8
amosite,15217,8
parred,15213,8
newsie,15212,8
copses,15210,8
camions,15208,8
magg,15208,8
enate,15204,8
muxing,15199,8
cardie,15195,8
leeze,15190,8
hepar,15186,8
middies,15184,8
butes,15179,8
sahuaro,15177,8
yonks,15177,8
joll,15176,8
peaky,15174,8
triodes,15174,8
gaols,15170,8
adown,15167,8
claimer,15166,8
bougies,15165,8
sparre,15163,8
cannily,15162,8
desman,15161,8
bludger,15158,8
eddying,15155,8
belays,15153,8
exposer,15152,8
schuss,15151,8
illume,15148,8
baiters,15139,8
culter,15136,8
catgut,15133,8
baju,15125,8
hawser,15125,8
plasmic,15124,8
webfoot,15119,8
halfa,15118,8
shog,15117,8
injurer,15116,8
restos,15116,8
narine,15115,8
ocelli,15113,8
pikake,15106,8
foully,15104,8
boors,15103,8
zizzle,15098,8
quailed,15097,8
gawkers,15096,8
athanor,15088,8
apneas,15085,8
brux,15080,8
drawls,15079,8
cheeper,15078,8
broils,15074,8
deaner,15071,8
tiriti,15071,8
fetich,15067,8
futz,15067,8
cion,15059,8
pipkins,15058,8
rifted,15056,8
rattlin,15055,8
plebes,15054,8
arguer,15050,8
fluster,15050,8
pulis,15049,8
suffuse,15049,8
celling,15030,8
quaffed,15030,8
shipway,15030,8
sleb,15028,8
reata,15023,8
bournes,15020,8
brolga,15018,8
glyphic,15018,8
hoys,15017,8
sortes,15013,8
foynes,15012,8
santoor,15012,8
sawers,15012,8
urines,15012,8
heishi,15010,8
smelts,15004,8
bethink,15003,8
readded,15003,8
sambhar,15003,8
crowdy,14999,8
tsarina,14998,8
exactas,14994,8
borking,14983,8
picotee,14979,8
serried,14979,8
wanly,14979,8
regales,14973,8
triduum,14973,8
pribble,14972,8
trices,14972,8
arcaded,14969,8
preborn,14966,8
ichs,14960,8
thrashy,14955,8
melees,14948,8
silages,14948,8
unbent,14948,8
tonsure,14946,8
jambes,14936,8
shapen,14935,8
splays,14935,8
mermen,14930,8
bitt,14928,8
ramee,14922,8
gabbros,14921,8
parras,14921,8
polyene,14916,8
mizuna,14909,8
bajada,14907,8
nooses,14906,8
ivyleaf,14904,8
throned,14903,8
sarges,14902,8
basser,14899,8
mincers,14898,8
anomic,14895,8
cassies,14895,8
nonis,14895,8
triptan,14895,8
lysines,14894,8
spected,14894,8
rovings,14892,8
iure,14891,8
affably,14890,8
feebles,14890,8
antra,14888,8
salvete,14887,8
fuzes,14886,8
runed,14880,8
huffs,14876,8
blet,14874,8
cravate,14873,8
spinels,14864,8
tubings,14864,8
ullage,14854,8
estop,14849,8
lorded,14846,8
calory,14843,8
wounder,14843,8
creatin,14835,8
racier,14828,8
banders,14815,8
maulvi,14812,8
mussy,14809,8
mither,14807,8
ruckle,14800,8
emdash,14798,8
partier,14795,8
sloans,14794,8
mewing,14793,8
ratos,14793,8
stere,14790,8
nonpoor,14788,8
seans,14788,8
lambast,14780,8
whorish,14778,8
yanqui,14778,8
morrows,14777,8
olivary,14775,8
serras,14774,8
outwits,14773,8
prexy,14771,8
nonself,14762,8
qabala,14762,8
fleg,14761,8
topes,14761,8
evicts,14760,8
glurge,14759,8
manured,14751,8
annelid,14749,8
skinker,14749,8
bifid,14746,8
samlet,14743,8
dhammas,14739,8
geats,14738,8
bords,14737,8
algos,14729,8
puku,14725,8
singes,14725,8
whelks,14725,8
alisma,14723,8
pentene,14718,8
heureka,14717,8
twilly,14716,8
cajeput,14715,8
kifs,14711,8
regals,14710,8
whored,14707,8
emended,14700,8
judder,14700,8
happies,14696,8
nevels,14696,8
kelter,14695,8
puckish,14691,8
ornis,14688,8
mikva,14682,8
cerebra,14680,8
chancre,14678,8
geekier,14678,8
glottic,14678,8
dogcart,14677,8
enow,14677,8
gleans,14676,8
brommer,14670,8
jocund,14667,8
blains,14665,8
ontic,14665,8
tocher,14664,8
amritas,14663,8
cradler,14662,8
winna,14656,8
chaga,14643,8
paries,14640,8
maloti,14638,8
grampy,14634,8
hawed,14625,8
buffel,14623,8
braccia,14620,8
nomarch,14620,8
bodle,14619,8
habited,14617,8
antas,14611,8
padrona,14601,8
faqir,14600,8
nuttier,14600,8
waddie,14600,8
masquer,14598,8
miggs,14593,8
exiling,14592,8
housey,14591,8
krait,14590,8
fusses,14582,8
gambe,14580,8
confute,14575,8
foeman,14575,8
torahs,14575,8
muezzin,14574,8
chank,14570,8
rotolo,14570,8
libbing,14567,8
varan,14567,8
titlist,14558,8
weired,14557,8
therme,14553,8
defaces,14551,8
fusty,14545,8
siree,14544,8
stuiver,14544,8
tined,14541,8
brugh,14540,8
floruit,14537,8
dolmens,14528,8
flyboys,14528,8
iberis,14526,8
bundu,14525,8
queller,14525,8
daiko,14522,8
capful,14521,8
diphone,14521,8
coyness,14519,8
tweener,14518,8
respray,14516,8
prys,14514,8
drub,14509,8
nereis,14505,8
telogen,14505,8
dirige,14504,8
alay,14500,8
laogai,14498,8
snoek,14498,8
rejigs,14497,8
fique,14495,8
gammes,14493,8
breer,14489,8
geds,14487,8
loppet,14485,8
weensy,14481,8
nubble,14478,8
tufty,14476,8
wangle,14473,8
roughen,14470,8
tenes,14470,8
snouted,14469,8
towline,14466,8
calomel,14464,8
cimier,14461,8
muddler,14459,8
titrant,14457,8
icecaps,14452,8
montan,14452,8
quiesce,14452,8
belayer,14451,8
pukeko,14451,8
tyring,14449,8
bagful,14448,8
cions,14448,8
grody,14446,8
osmund,14443,8
thilk,14441,8
jodel,14440,8
stingo,14440,8
atomize,14439,8
cobby,14436,8
sollars,14435,8
shinju,14433,8
sharn,14432,8
taxies,14432,8
zanders,14427,8
farro,14425,8
freet,14425,8
ganked,14424,8
mudflow,14421,8
bundler,14420,8
donders,14418,8
tenne,14414,8
plaste,14410,8
elenchi,14408,8
bayed,14407,8
tokes,14407,8
vellums,14406,8
anile,14401,8
petres,14399,8
sociate,14399,8
trye,14397,8
miosis,14394,8
doored,14389,8
bonitos,14384,8
tanagra,14381,8
tressed,14381,8
radding,14378,8
deorbit,14374,8
dight,14372,8
aesc,14371,8
lears,14370,8
sruti,14368,8
bonked,14366,8
geddit,14365,8
burqas,14364,8
petrous,14364,8
botches,14355,8
waylay,14354,8
lucuma,14347,8
putdown,14344,8
lythe,14340,8
patu,14337,8
leftish,14336,8
troat,14335,8
guzzled,14334,8
lychees,14329,8
dimwits,14317,8
barde,14315,8
ixora,14315,8
binal,14312,8
parore,14307,8
incuse,14305,8
scrams,14301,8
duppy,14299,8
poppier,14297,8
pleroma,14295,8
skas,14295,8
topman,14295,8
jutes,14287,8
paining,14287,8
vihuela,14287,8
comice,14286,8
bego,14285,8
silenus,14284,8
busies,14283,8
thighed,14282,8
balsams,14281,8
kylies,14279,8
molests,14276,8
issuant,14270,8
cervid,14266,8
nadas,14261,8
whiffed,14261,8
dalis,14260,8
desexed,14260,8
edenic,14255,8
redrew,14255,8
pollies,14249,8
spumoni,14246,8
klutzy,14243,8
diascia,14234,8
jangles,14230,8
hoas,14227,8
kulaks,14227,8
isogeny,14226,8
linuxes,14226,8
unfelt,14226,8
seclude,14224,8
schneid,14217,8
maltase,14212,8
wolfed,14205,8
decamps,14204,8
tutty,14203,8
argand,14202,8
etapes,14202,8
dowds,14201,8
rucs,14198,8
mallam,14188,8
challa,14187,8
salse,14186,8
harijan,14183,8
yez,14183,8
nelumbo,14182,8
tronc,14181,8
sithe,14180,8
orderer,14174,8
solunar,14173,8
breeks,14155,8
fisty,14154,8
purs,14154,8
brachot,14153,8
durants,14151,8
korora,14145,8
choler,14144,8
coccus,14144,8
nunatak,14135,8
pompeys,14135,8
crout,14132,8
hemic,14132,8
hatless,14127,8
umbel,14125,8
baith,14124,8
oribi,14124,8
wangler,14124,8
latters,14120,8
randie,14116,8
cieling,14114,8
pachuco,14112,8
snacked,14111,8
boart,14110,8
zori,14109,8
jillion,14107,8
whiled,14107,8
gidday,14102,8
usurers,14102,8
coures,14101,8
papule,14100,8
boded,14099,8
leaser,14099,8
cassone,14095,8
dallied,14095,8
teend,14094,8
brodkin,14093,8
snoke,14088,8
comitia,14086,8
swaggie,14085,8
cuppers,14084,8
nairas,14078,8
fodders,14075,8
mushed,14073,8
soused,14067,8
appley,14063,8
neeses,14063,8
colza,14059,8
scabbed,14059,8
coition,14058,8
pastern,14047,8
delver,14044,8
puddled,14042,8
tivy,14038,8
kacha,14035,8
macumba,14032,8
snivel,14030,8
pectic,14026,8
bunted,14025,8
trez,14019,8
catmint,14018,8
croze,14014,8
toddled,14014,8
engraft,14013,8
lemmata,14010,8
bunded,14004,8
lazed,13999,8
mozz,13997,8
isoetes,13996,8
yowl,13996,8
onanism,13993,8
googs,13989,8
siring,13985,8
acidly,13981,8
borm,13979,8
caesura,13976,8
cadent,13975,8
phocas,13974,8
abray,13971,8
unlatch,13971,8
inviter,13969,8
adays,13959,8
sifrei,13955,8
guidons,13954,8
satraps,13952,8
ripest,13951,8
tergite,13948,8
clucks,13946,8
ortolan,13946,8
larded,13943,8
mostest,13940,8
unfused,13939,8
whupped,13936,8
bonzer,13935,8
stond,13934,8
nudies,13933,8
mysid,13917,8
overfly,13914,8
achenes,13913,8
crania,13913,8
gourdes,13913,8
sordo,13913,8
furler,13912,8
sliming,13911,8
mascle,13906,8
zipline,13902,8
physed,13892,8
awns,13891,8
quey,13890,8
outruns,13888,8
leaners,13882,8
kibitz,13879,8
jejune,13877,8
meint,13873,8
preened,13873,8
sightly,13873,8
nerfs,13871,8
kempt,13870,8
sickbed,13867,8
keltie,13865,8
erned,13864,8
spadix,13864,8
bruv,13862,8
cornfed,13856,8
copings,13851,8
slews,13847,8
sahiwal,13844,8
yabbies,13844,8
surd,13843,8
wadge,13839,8
cresset,13834,8
blueys,13833,8
boojum,13832,8
chuff,13831,8
coly,13831,8
hefter,13819,8
cognize,13818,8
cigaret,13812,8
conges,13811,8
cicuta,13809,8
listees,13809,8
lacker,13801,8
tahr,13800,8
smacker,13798,8
draggy,13794,8
dizzily,13793,8
animacy,13792,8
copout,13786,8
roomers,13778,8
swanny,13772,8
nalla,13771,8
quorate,13769,8
eschar,13763,8
besaw,13762,8
preedit,13762,8
waggled,13757,8
shuggy,13748,8
minges,13743,8
nettled,13743,8
sweed,13739,8
greige,13738,8
whoomp,13737,8
olein,13736,8
schmeer,13735,8
kummel,13733,8
folates,13730,8
ujamaa,13727,8
cesti,13726,8
bardes,13722,8
parral,13721,8
thudded,13714,8
goatees,13712,8
bistort,13710,8
stum,13709,8
truces,13709,8
bunged,13707,8
dodman,13704,8
culvers,13701,8
basils,13699,8
outedge,13691,8
eyespot,13690,8
mazey,13687,8
dinging,13682,8
faver,13674,8
sprues,13674,8
tzigane,13672,8
zinke,13668,8
stroyed,13666,8
boab,13661,8
olearia,13657,8
civets,13653,8
crambe,13653,8
rawhead,13651,8
sansar,13649,8
acquest,13648,8
viga,13648,8
bereave,13647,8
dodgem,13647,8
tweel,13639,8
biggish,13624,8
gooly,13620,8
hilted,13618,8
kantar,13618,8
incudes,13612,8
alula,13600,8
azoles,13600,8
newed,13599,8
hapax,13596,8
swinges,13593,8
paedo,13592,8
mealing,13590,8
feese,13589,8
thigs,13587,8
buskin,13582,8
tians,13582,8
guenon,13581,8
makuta,13579,8
sazerac,13574,8
chaffer,13573,8
insulae,13572,8
desorb,13570,8
bantz,13569,8
berried,13568,8
pingers,13566,8
spudded,13566,8
coarsen,13565,8
rype,13565,8
movably,13558,8
perone,13558,8
dybbuk,13554,8
dacoits,13553,8
perjure,13543,8
quells,13541,8
betroth,13539,8
incisal,13536,8
patsies,13533,8
brodo,13532,8
minuter,13529,8
prudery,13529,8
hardies,13527,8
jole,13527,8
fusil,13517,8
smushed,13513,8
coffing,13510,8
cristae,13508,8
thalweg,13502,8
twigger,13493,8
blunter,13489,8
runnion,13483,8
djebel,13481,8
scurf,13478,8
recti,13476,8
faffing,13475,8
googols,13469,8
pharms,13466,8
lepta,13460,8
pomroy,13458,8
bugloss,13453,8
behoved,13452,8
skuttle,13450,8
azuki,13449,8
mutis,13447,8
swelter,13446,8
afocal,13444,8
gluey,13442,8
zingaro,13441,8
pooing,13436,8
nitres,13435,8
porking,13435,8
arpent,13431,8
echoey,13428,8
howzat,13426,8
pelon,13423,8
frogeye,13421,8
forbad,13414,8
shittim,13407,8
dunger,13403,8
rostra,13401,8
swishy,13399,8
doper,13398,8
maims,13394,8
remen,13392,8
dentary,13391,8
dewater,13390,8
pryse,13384,8
golias,13380,8
distend,13378,8
indorse,13370,8
iodised,13367,8
flouncy,13365,8
regar,13365,8
curst,13364,8
soring,13363,8
peonage,13360,8
bubbie,13354,8
exurbs,13346,8
knops,13345,8
feebler,13343,8
marrows,13343,8
salwars,13342,8
exergue,13337,8
reprice,13337,8
amasses,13336,8
upturns,13330,8
venger,13327,8
arouser,13324,8
macules,13324,8
meccas,13324,8
obole,13322,8
vacatur,13319,8
bardos,13318,8
tectal,13318,8
chaffed,13316,8
murl,13316,8
nonyl,13315,8
douanes,13314,8
hauter,13313,8
scoug,13313,8
reneges,13311,8
vitta,13302,8
rudds,13297,8
tosspot,13294,8
typings,13293,8
pikeman,13292,8
trebly,13289,8
siskins,13287,8
waymark,13284,8
augured,13282,8
oozy,13281,8
shouter,13279,8
shikari,13277,8
skenes,13276,8
stirk,13276,8
ligate,13273,8
cerumen,13271,8
pissers,13269,8
clanked,13267,8
nown,13267,8
genette,13266,8
phratry,13266,8
wurzels,13264,8
waxers,13262,8
alary,13261,8
drupe,13260,8
cupfuls,13257,8
janky,13253,8
horsed,13252,8
choky,13245,8
synchs,13245,8
thieve,13240,8
tetchy,13236,8
cortile,13235,8
puir,13233,8
kotwal,13230,8
apneic,13229,8
normie,13228,8
civvies,13227,8
cotinga,13226,8
gazal,13226,8
succi,13224,8
scholia,13222,8
shouty,13221,8
strifes,13221,8
treacly,13221,8
keyways,13218,8
venite,13218,8
bireme,13216,8
feuded,13216,8
quirked,13215,8
fluffs,13214,8
neurula,13211,8
tiding,13211,8
whirry,13209,8
stylize,13192,8
hallan,13189,8
shakier,13188,8
absents,13180,8
wimped,13179,8
goosed,13178,8
skulked,13175,8
hings,13170,8
covary,13168,8
anywise,13167,8
shirks,13160,8
unguent,13158,8
hognose,13157,8
muxes,13155,8
overtax,13154,8
squally,13153,8
fizzes,13152,8
gatch,13148,8
inerts,13148,8
sideway,13142,8
verd,13142,8
tamasha,13139,8
bursted,13138,8
phoner,13136,8
sukuk,13132,8
razzia,13129,8
soapers,13126,8
krauts,13120,8
folkish,13119,8
palings,13113,8
groynes,13111,8
synanon,13111,8
squiz,13110,8
labium,13108,8
dosas,13105,8
cohost,13104,8
sheered,13104,8
cozily,13103,8
bothan,13101,8
rentes,13101,8
bosomed,13099,8
devoirs,13099,8
socko,13096,8
emetics,13095,8
looing,13090,8
saecula,13089,8
repoint,13087,8
onces,13086,8
deckel,13083,8
dunams,13081,8
kedge,13079,8
egosurf,13074,8
bursae,13072,8
dhows,13071,8
plonker,13068,8
waspish,13059,8
barbot,13058,8
muns,13056,8
karter,13053,8
crimine,13049,8
malonic,13047,8
pollman,13045,8
palama,13042,8
drest,13039,8
baulked,13034,8
tabooed,13034,8
undos,13031,8
serines,13030,8
kicky,13023,8
neritic,13022,8
torsk,13018,8
untrace,13018,8
gaed,13017,8
injera,13017,8
arabesk,13016,8
swaybar,13016,8
sleave,13015,8
detune,13009,8
belike,13002,8
barbels,12997,8
quoins,12997,8
tardily,12996,8
reast,12992,8
twite,12984,8
urman,12983,8
thecal,12982,8
hoggs,12981,8
benets,12980,8
apexes,12978,8
mezuza,12974,8
imped,12973,8
merks,12973,8
demes,12972,8
ascon,12971,8
lacers,12971,8
judger,12964,8
thruput,12963,8
raying,12960,8
bentos,12951,8
kelts,12951,8
porny,12941,8
nonsuit,12933,8
adits,12932,8
rebars,12926,8
forfex,12925,8
inanely,12924,8
touton,12918,8
panick,12912,8
lagger,12911,8
krooni,12910,8
maill,12910,8
kawas,12909,8
stolon,12909,8
mochila,12907,8
bals,12906,8
ahigh,12899,8
ruly,12895,8
dibbler,12892,8
solvate,12892,8
loglog,12883,8
siloed,12883,8
pectate,12882,8
parella,12881,8
siglas,12881,8
caecal,12876,8
buffo,12874,8
hypha,12873,8
ionizes,12873,8
whydah,12866,8
chicon,12862,8
rumbly,12862,8
mifty,12858,8
cocain,12857,8
topknot,12855,8
nonuser,12850,8
jelled,12844,8
deutzia,12843,8
lieves,12843,8
lagune,12842,8
azote,12841,8
topmast,12841,8
noncom,12839,8
cozey,12838,8
trodes,12838,8
noctua,12835,8
dekko,12832,8
gorgons,12831,8
jugulum,12830,8
vodun,12829,8
starns,12825,8
chatta,12821,8
meff,12818,8
areolar,12817,8
skiving,12817,8
germen,12815,8
katipo,12815,8
haes,12808,8
midband,12808,8
amytal,12806,8
capisce,12803,8
mildews,12801,8
stalky,12800,8
triolet,12800,8
bartend,12796,8
tumuli,12796,8
tubbing,12794,8
sowle,12787,8
jerkily,12785,8
avows,12784,8
sexists,12779,8
vares,12778,8
chalan,12777,8
greyer,12777,8
savine,12776,8
suavely,12776,8
busboys,12775,8
engager,12775,8
sadis,12774,8
enthral,12770,8
kickout,12770,8
jocose,12769,8
deckled,12761,8
missals,12759,8
manege,12756,8
sumach,12754,8
coelom,12753,8
wanter,12751,8
offcuts,12748,8
roum,12745,8
maist,12738,8
hully,12736,8
nybbles,12735,8
nabobs,12734,8
griever,12729,8
cuprum,12728,8
forfend,12724,8
lither,12724,8
tappets,12723,8
intil,12721,8
cestus,12716,8
cloking,12716,8
toits,12716,8
munting,12714,8
rasbora,12714,8
retinae,12712,8
triose,12711,8
