,word,count,points,occurrence
14150,aargh,71592,0.6456476009215667,2.1581884456639555e-10
15298,aarti,63273,0.6168987278373235,7.66833154320442e-10
13237,abaca,79841,0.6685114694981469,6.320645568965637e-08
6535,aback,272920,0.8363467895422217,1.126183335031783e-06
31424,abaft,19188,0.2130622057497746,2.181616785685164e-07
24426,abase,29383,0.3883101272162677,6.17710364991808e-08
4805,abate,470646,0.8796704397475709,1.036139835832728e-06
12796,abaya,84401,0.6795552439146549,2.612651231190361e-09
2717,abbas,1437558,0.9319593308624662,8.220093955598668e-08
27012,abbes,25330,0.32355003505960134,1.953796715760724e-08
1544,abbey,4224864,0.9613342682560353,1.433003858437587e-06
3271,abbot,992552,0.9180857457678052,1.4964825390961777e-06
33246,abeam,17316,0.16743463888610638,6.743613180050832e-08
15333,abele,62988,0.6160222378042672,8.951502993122144e-09
22613,abets,33014,0.4337123109285786,7.915845270207895e-08
8562,abhor,169167,0.7855854953420816,3.674572980116864e-07
1653,abide,3722809,0.9586046278673745,3.376823733560741e-06
8132,abies,185002,0.7963538014624862,4.2604561783638354e-08
10308,abled,122479,0.7418611639787639,8.85559484231635e-08
24223,abler,29740,0.3933937694079936,7.909167595589504e-07
6825,ables,252284,0.8290844435540419,2.684619005595306e-07
34936,ablow,15776,0.12511269157567864,2.7917603127442385e-08
2913,abode,1246541,0.9270509866773515,2.0697126706181734e-06
13004,abord,82154,0.6743463888610638,1.646924153531925e-07
2596,abort,1569892,0.9349894821196033,8.027417095490819e-07
0,about,1226734006,1.0,0.001053331636358
104,above,141894620,0.9973955724732044,0.0002410466049332
4198,abram,610831,0.8948712811780026,1.9826667640785106e-08
37291,abray,13971,0.06613743363718322,1.1607620533817188e-08
29643,abris,21355,0.25766302714614847,4.830803361926667e-09
375,abuse,36269685,0.9906090353601122,3.5653622726385945e-05
11181,abuts,106431,0.7199989982971051,1.561503047394689e-07
11463,abuzz,101924,0.7129369928879095,8.984393818121617e-09
3022,abyss,1152408,0.9243213462886908,1.600683060587471e-06
13210,acari,80144,0.6691876189522188,1.5987479216136216e-08
23077,acers,31994,0.42209255734749074,1.180208152723888e-08
22975,achar,32197,0.42464689972954023,8.009663104403713e-09
9095,ached,153141,0.7722378042672543,3.455442653480608e-07
3064,aches,1116644,0.9232695582490233,6.130771150235039e-07
22546,achoo,33177,0.43539016327757185,8.835839656628185e-10
994,acids,8793940,0.9751076830612041,1.014250996323932e-05
21469,acing,35956,0.46236101372332966,4.1521482357493193e-08
27554,acini,24397,0.3099769608334168,8.571780091367525e-08
6019,acker,317695,0.8492687568867074,2.6738030338531346e-08
18907,acnes,44507,0.5265200841430432,1.05950795154391e-08
2407,acorn,1825652,0.9397225282981068,4.211164701928283e-07
706,acres,14208905,0.9823199439046378,3.211736135664449e-05
11279,acrid,104638,0.7175448262045477,4.830495737451202e-07
14652,acros,67908,0.6330762295903035,2.9363763576633744e-08
1493,acted,4468180,0.96261143944706,2.648669244973252e-05
2800,actin,1356491,0.9298807973555043,3.1402502210274256e-07
2853,acton,1309016,0.9285535410197335,4.006449809177928e-08
638,actor,16282891,0.9840228388260042,1.19104319037433e-05
839,acute,11128841,0.9789892817790243,2.771924762782873e-05
5132,adage,419158,0.8714815185815887,7.225110147146551e-07
1445,adapt,4675567,0.9638134829209657,8.287095988634974e-06
37302,adays,13959,0.06586196534107984,3.247100594901024e-07
31068,adbot,19586,0.22197736151457478,7.860338412475951e-11
34583,addax,16108,0.13395271962335972,6.4742725025119116e-09
136,added,118410414,0.9965942101572673,9.769780896861518e-05
3454,adder,888956,0.9135029550235401,5.769610972300016e-07
16726,addio,54645,0.5811379344886307,8.34789459908541e-09
35549,addle,15267,0.10976159471100871,1.3296331863908396e-07
2573,adept,1595303,0.9355654612841832,1.7481197369306756e-06
21075,adhan,37011,0.4722277872383051,1.6526425595274444e-09
6503,adieu,274747,0.8371481518581588,2.1865968532844924e-06
5702,adios,348221,0.8572072523289592,1.1836267105965665e-08
38968,adits,12932,0.024141039767604927,7.430839434885428e-08
23699,adman,30780,0.4065160773314635,1.327148323524088e-08
360,admin,37835381,0.9909846739457077,1.1399343816265172e-06
996,admit,8780656,0.975057597916458,1.820914305426413e-05
32843,admix,17678,0.17752679555243914,1.6586268390363412e-08
460,adobe,27538755,0.9884804167084043,8.033893800529767e-07
13941,adobo,73556,0.6508814985475309,4.000796297219133e-09
828,adopt,11272339,0.9792647500751277,2.1856387320440263e-05
2994,adore,1176240,0.9250225383151357,9.680584685156646e-07
4846,adorn,464591,0.8786436942802764,7.524582042606199e-07
35683,adown,15167,0.10640589001302214,1.7101628280681888e-07
161,adult,97583096,0.9959681458479415,4.408951157529373e-05
8422,aedes,173718,0.7890914554743064,1.4998964586326452e-07
2809,aegis,1349788,0.9296554142041471,2.492367561531731e-07
12138,aeons,92070,0.6960332565361114,7.13991582242006e-08
11129,aerie,107043,0.7213012120605029,4.623981291196344e-08
9679,aeros,137375,0.7576129420014024,2.00362197196794e-09
22584,aesir,33093,0.4344385455273966,3.3384561875110086e-10
34160,afars,16470,0.14454572773715316,2.49879541667038e-09
4976,affix,444121,0.875388159871782,7.80145306293889e-07
10753,afire,113772,0.7307172192727637,2.980467405677701e-07
5556,afoot,364417,0.8608634678954222,6.454296442370833e-07
7982,afore,191691,0.8001101873184413,8.035467261235086e-06
8874,afoul,159727,0.7777722127616948,4.034328378565988e-07
27216,afros,24950,0.31844135029550236,9.960710042301762e-10
14,after,372948094,0.9996494039867775,0.0005950968305114
95,again,150781416,0.9976209556245618,0.0002439171663718
14494,agama,68959,0.6370329560252429,6.707685806261166e-09
31757,agami,18814,0.20472302914955423,2.393223479500503e-09
5166,agape,414471,0.8706300711209055,4.2181427687637553e-07
3425,agate,900451,0.914229189622358,3.908818155196059e-07
6078,agave,312239,0.8477912451166983,5.0739000628369653e-08
259,agent,57103658,0.9935139737553842,5.3657259195460937e-05
8255,agers,180316,0.793273565060603,1.0132188074364078e-07
25695,agger,27373,0.3565311028748873,6.267453572196867e-08
4178,aggie,616732,0.8953721326254633,3.633792674934987e-09
8502,aggro,171343,0.7870880496844636,4.866030439058063e-09
15103,agila,64661,0.6217820294500651,9.954909388007255e-10
2419,agile,1808955,0.9394220174296304,1.0855067847614918e-06
797,aging,12014007,0.9800410698186918,1.2013797550025629e-05
7207,agios,230082,0.8195181809075428,5.760290542899521e-09
29516,aglet,21535,0.2608434338375238,8.163330594941514e-09
10948,aglow,110328,0.725833917660022,2.293505397688023e-07
2621,agony,1543205,0.9343634178102774,3.6050901735507055e-06
27355,agood,24742,0.3149604327356506,4.699178021474801e-07
3632,agora,797585,0.90904537714114,2.15101970439946e-07
300,agree,47500911,0.9924872282880898,5.061361734988168e-05
27848,agrin,23924,0.30261444455574477,8.858904910501711e-09
454,ahead,28375319,0.9886306721426424,3.70468999244622e-05
39021,ahigh,12899,0.022813783431834118,3.491172070324566e-08
6252,ahold,295977,0.8434338375237904,2.4384958119405552e-08
1752,aided,3314916,0.9561254132024442,6.032008739090053e-06
9553,aider,140957,0.7607683061204047,1.6166665702144204e-07
2557,aides,1614522,0.9359661424421517,8.672384430346697e-07
10082,aight,127253,0.7475207853350696,3.48665664545295e-08
30159,ailed,20703,0.24474105980166283,5.597904316090307e-07
893,aimed,10030370,0.9776369828708805,7.489997129430146e-06
11791,aimer,96862,0.7047230291495542,8.357980454398728e-08
12762,aioli,84769,0.680406691375338,3.5584640404189963e-09
2220,aired,2159611,0.9444054893318642,4.80700477057693e-07
21363,airer,36215,0.46501552639487126,1.4801627413591353e-08
25123,airth,28113,0.37085545427226285,2.121112191294944e-08
2341,aisle,1917319,0.9413753380747271,3.2282234201375104e-06
24838,aitch,28626,0.3779925873985776,1.1289638729214616e-08
23511,ajuga,31146,0.4112240809375939,1.424503323565922e-09
24947,akela,28395,0.37526294700991686,1.2143796258376258e-10
11208,aking,105864,0.7193228488430331,5.663499597502025e-07
4996,akita,440387,0.8748873084243214,3.3427321946768787e-10
20452,alack,38913,0.4878293098267054,2.429214387969289e-07
2217,alamo,2162395,0.9444806170489832,1.4419867787062852e-08
3485,aland,874439,0.912726635279976,1.156606544931822e-07
21954,alane,34667,0.4502153661224081,6.542345768723889e-08
18065,alang,48219,0.5476059300811379,4.0710210641875095e-08
22170,alans,34103,0.44480617048983273,3.7717460510080005e-09
616,alarm,17059844,0.984573775418211,1.034104223435861e-05
38403,alary,13261,0.038290093158369225,2.836971913179929e-08
7057,albee,239116,0.823274566763498,3.196532024947249e-08
200,album,77914316,0.9949914855253932,5.730755469812721e-06
18231,aldea,47423,0.5434488630672143,6.1392772510480654e-09
3295,alder,972850,0.9174847240308525,5.113302105422909e-07
22772,aldol,32614,0.42973054192126614,4.279630896309749e-08
14367,aleck,69914,0.6402133627166182,8.665819249740278e-09
3938,aleph,692035,0.9013823499949914,3.3005786251957186e-08
413,alert,32472727,0.9896574176099369,8.937168095144443e-06
27833,alfas,23952,0.3029900831413403,5.340871040031814e-09
2253,algae,2068644,0.9435790844435541,5.234422947069106e-06
4621,algal,510781,0.8842782730642091,3.809822561292501e-07
21348,algas,36273,0.4653911649804668,2.8664387136326027e-09
13231,algor,79868,0.6686617249323851,2.9214411638098235e-09
29739,algum,21242,0.25525894019833717,1.9035861611310657e-08
1124,alias,7132147,0.9718521486527096,1.1954366198752865e-05
4943,alibi,448710,0.8762145647600922,1.0340601897951273e-06
872,alien,10490554,0.9781628768907142,1.2385608588374453e-05
1313,align,5478643,0.9671191024742062,2.577629709321627e-06
1210,alike,6220739,0.9696984874286286,1.166132093203487e-05
6612,aline,267309,0.8344185114694982,2.2660710301205883e-07
6568,alist,270374,0.8355203846539117,1.9257207317657788e-08
644,alive,16064787,0.983872583391766,2.3980135483725463e-05
12593,aliya,86771,0.6846388861063808,5.578479763206933e-09
11467,alkyd,101898,0.7128368225984173,5.7180251799045464e-08
4114,alkyl,637228,0.8969748572573375,1.1516879622118077e-06
7734,allay,203474,0.8063207452669539,7.389271479496528e-07
7700,allee,204946,0.807172192727637,1.4400660707492874e-08
20206,allel,39827,0.49398978263047183,2.4318016408256905e-08
1480,alley,4541475,0.9629369928879095,3.2501207465429618e-06
4231,allis,603850,0.8940448762896924,4.449133390371785e-07
5279,allot,396325,0.8678002604427527,4.75535981934172e-07
221,allow,67052567,0.9944655915055595,8.620703410997522e-05
1316,alloy,5468839,0.967043974757087,1.007437202588335e-05
9933,allyl,130966,0.7512521286186518,1.777466399587569e-07
17947,almas,48769,0.550560953621156,1.7199946282199827e-08
18824,almes,44838,0.528598617650005,1.901875197077509e-06
14827,aloes,66464,0.6286937794250226,5.831543072500376e-07
4687,aloft,497342,0.882625463287589,1.352890931229922e-06
2241,aloha,2099181,0.9438795953120305,1.2314275133783726e-08
342,alone,39326417,0.9914354402484223,9.382605538121424e-05
186,along,83444756,0.9953420815386157,0.0001789049452054
6279,aloof,294291,0.8427576880697185,1.4226929079086404e-06
1647,aloud,3743858,0.9587548833016127,5.813061397930141e-06
458,alpha,27832836,0.9885305018531504,8.343059598701074e-06
1983,altar,2627835,0.9503405789842733,6.811890161770862e-06
1067,alter,7831337,0.9732795752779726,1.575824806423043e-05
8886,altho,159231,0.7774717018932185,4.225267696652461e-06
3040,altos,1143776,0.9238705799859762,8.705041803630949e-08
37889,alula,13600,0.051161975358108784,1.1412338266497251e-08
6550,alums,271859,0.8359711509566262,4.2930794522751866e-08
11170,alvar,106564,0.7202744665932085,1.952391074505621e-09
7776,alway,201600,0.8052689572272864,4.427499281416221e-06
25190,amain,28001,0.36917760192326954,6.456214822280461e-07
8214,amass,181774,0.7943003105278974,3.794897662601216e-07
25262,amate,27910,0.3673745367124111,1.2431788822520905e-07
3643,amaze,791672,0.9087699088450366,3.755604817001768e-07
844,amber,11065507,0.9788640689171592,2.008331018714671e-06
6916,ambit,247267,0.8268055694680958,2.328397603202658e-07
9527,amble,141586,0.7614194130021036,1.344009108095179e-07
11273,ambos,104687,0.7176950816387859,2.55665425471422e-08
34090,ambry,16543,0.14629870780326557,5.618557242322767e-09
16446,ameer,56160,0.5881498547530802,1.2361368606772506e-07
1071,amend,7806844,0.9731794049884804,1.825466565151146e-05
14594,ament,68334,0.6345286987879395,2.488368038989518e-07
4684,amici,498099,0.882700591004708,2.205899887539267e-07
6033,amide,316773,0.8489181608734849,5.984692655026829e-07
27093,amido,25154,0.32152158669738556,7.825361621749404e-08
21725,amies,35247,0.4559501151958329,1.3979242674544428e-07
2194,amiga,2201683,0.9450565962135631,7.709089751497875e-09
3094,amigo,1094662,0.9225182810778323,3.9311093977897255e-08
3941,amine,689951,0.9013072222778724,1.3471833241851528e-06
1031,amino,8273641,0.9741811078834017,3.3161337332110465e-06
6555,amiss,271389,0.835845938094761,8.585484840750723e-07
4481,amity,540428,0.887784233196434,3.604219608632775e-07
3410,amman,907030,0.9146048282079535,3.636092876097008e-09
6242,ammon,296510,0.8436842632475208,5.289771680512428e-08
26249,amnio,26543,0.3426575177802264,7.360092569382773e-09
187,among,83431590,0.9953170389662426,0.0002288377852528
17208,amort,52215,0.5690674146048282,1.1394776687340552e-07
2812,amour,1346779,0.929580286487028,6.869016197824224e-07
6009,amped,318536,0.8495191826104378,1.3436851772907766e-08
1785,ample,3187842,0.9552990083141341,7.510876948799705e-06
5973,amply,321480,0.8504207152158669,1.8086476416101505e-06
10580,amrit,117386,0.7350495842932986,2.3641607110826883e-09
14239,amuck,70822,0.6434188119803667,2.9732620047001193e-08
4425,amuse,554922,0.8891866172493238,1.0552521246154356e-06
11741,anata,97604,0.705975157768206,6.904142953712854e-09
11908,ancho,95151,0.7017930481819092,1.8165346094001224e-08
25855,ancon,27256,0.35252429129520185,5.9687771377146495e-09
9041,andro,154794,0.7735901031753982,1.437162067595955e-07
15347,anele,62912,0.6156716417910447,2.909796732090216e-09
25218,anent,27966,0.3684764098968246,1.793163982366508e-06
20787,angas,37853,0.47944004808173896,4.319864375187302e-09
486,angel,25294123,0.9878293098267054,6.871398145449348e-06
1059,anger,7991036,0.9734799158569568,2.0774770000571152e-05
618,angle,17016075,0.9845236902734649,3.624957178544719e-05
1904,anglo,2798286,0.952318942201743,3.5008273854190226e-08
960,angry,9267505,0.9759591305218872,1.8509108285798e-05
2928,angst,1232364,0.926675348091756,4.612720071861533e-07
36707,anile,14401,0.08076229590303516,1.82753968697585e-08
4402,anima,559141,0.8897625964139037,9.209092961161612e-07
426,anime,31334688,0.9893318641690875,1.9960039061572842e-07
29330,animi,21791,0.26550135229890814,5.761959154317363e-07
4649,anion,504530,0.8835770810377642,1.3626367208226988e-06
5945,anise,324336,0.851121907242312,1.525878419275437e-07
8371,anker,175826,0.790368626665331,2.626718391172635e-07
1561,ankle,4146793,0.9609085445256936,4.208540772197011e-06
12206,annal,91257,0.694330361614745,1.0608861402950665e-07
10661,annas,115640,0.7330211359310829,3.224639113610714e-07
16870,annat,53865,0.5775318040669137,1.3110997515335229e-08
1017,annex,8465905,0.9745317038966242,2.0078683701285628e-06
2665,annoy,1497815,0.933261544625864,7.503209457127014e-07
9345,annul,146490,0.7659771611739958,5.488374955575637e-07
3705,anode,768949,0.9072172693579085,2.933787795882381e-06
20184,anole,39883,0.49454071922267856,1.1789004896888748e-08
28570,anomy,22835,0.2845337073024141,1.4265533909160424e-08
15358,antar,62848,0.6153961734949414,3.479519100410769e-09
36401,antas,14611,0.08842532304918362,4.073668806928379e-09
34528,anted,16159,0.1353300611038766,1.6303797913440013e-07
4796,antes,472677,0.8798958228989282,4.0526318518466004e-07
9288,antic,147936,0.7674045877992587,1.5739006343551409e-07
15589,antis,61179,0.6096113392767705,3.878794952535317e-08
36021,antra,14888,0.09794150055093659,3.5184430761200284e-08
12963,antsy,82656,0.6753731343283582,1.3479762073847938e-08
11777,anura,97111,0.7050736251627767,1.9633812546924714e-09
3355,anvil,936808,0.9159821696884703,7.5890427979175e-07
20951,anyon,37349,0.47533306621256133,1.3292418843829497e-08
4098,aorta,641057,0.897375538415306,2.721082969401323e-06
9037,apace,154873,0.7736902734648903,2.4256252294535968e-06
633,apart,16507181,0.9841480516878693,3.386787811905378e-05
20337,apers,39349,0.49070920564960435,1.0028692506479045e-07
21302,apert,36425,0.4665431233096264,4.2245847140606113e-08
10731,apgar,114178,0.7312681558649704,9.207883537107115e-10
6265,aphid,295138,0.843108284082941,9.851811398675635e-07
5334,aphis,389447,0.8664229189622358,1.8791603186681e-07
19462,aping,42534,0.5126214564760092,1.1186748778868605e-07
3327,apnea,950562,0.9166833617149154,1.0728279116278827e-06
25841,appal,27269,0.3528748873084243,1.3591152663135102e-07
3601,appel,812311,0.909821696884704,1.3633731626054685e-07
285,apple,50551171,0.9928628668736853,8.15445268926851e-06
206,apply,76341478,0.994841230091155,8.434277042397298e-05
5669,appro,352278,0.8580336572172693,6.810345242413973e-07
14557,appui,68595,0.6354552739657418,5.082196832433101e-08
6405,apres,282360,0.8396023239507162,3.113441285502898e-07
2556,apron,1617357,0.9359911850145247,2.2652456186733616e-06
17038,apsis,53093,0.573324651908244,6.168415803954074e-08
33048,apsos,17502,0.17239306821596714,1.6486593874286668e-10
18160,apted,47832,0.5452268857056997,4.4323835044789684e-08
13692,apter,75596,0.6571170990684163,3.583727798824791e-07
4250,aptly,598371,0.8935690674146048,1.8223608935841184e-06
20500,aquae,38767,0.48662726635279974,8.72206596929787e-08
12677,araba,85785,0.6825353100270459,7.206206647749112e-09
22798,arars,32570,0.42907943503956725,2.4148692869092773e-10
1381,arbor,5057261,0.9654162075528399,4.2332153554980323e-07
26180,arced,26654,0.34438545527396575,2.2567194494419552e-08
6712,archi,260000,0.8319142542321948,2.218152547075811e-07
9156,arcos,151492,0.7707102073524993,7.958204208765499e-09
10012,arcus,129194,0.749273765401182,7.914168048086023e-08
9023,ardor,155258,0.7740408694781128,5.09727114490488e-07
6336,areal,289091,0.8413302614444556,1.6989294992950312e-06
130,areas,121986327,0.9967444655915055,5.206503934053112e-05
13369,areca,78703,0.6652058499449064,1.5123699448167553e-07
721,arena,13966572,0.9819443053190424,6.990539359321701e-06
20938,arene,37383,0.4756586196534108,3.504297762737871e-08
8228,arete,181243,0.793949714514675,5.603244022271799e-08
26435,argan,26269,0.33799959931884205,5.278620995169403e-09
3745,argon,760267,0.9062155664629871,1.565620160662947e-06
17317,argot,51766,0.5663377742161675,3.301130485035595e-08
1023,argue,8353605,0.9743814484623861,2.683506547327852e-05
2211,argus,2172332,0.9446308724832215,3.8302768198187433e-08
24790,arhat,28698,0.37919463087248323,7.475312931800508e-09
3903,arias,701697,0.9022588400280477,1.313600345506863e-07
1927,ariel,2731662,0.9517429630371632,7.103753687424193e-09
18369,ariki,46804,0.5399929880797355,8.477285911066514e-09
1024,arise,8337093,0.974356405890013,2.546794588852208e-05
18669,arish,45447,0.5324802163678253,8.433741637943363e-08
4697,arles,495534,0.8823750375638586,4.4928841302915854e-08
726,armed,13866785,0.9818190924571772,2.5193984838376937e-05
17910,armer,48949,0.5514875287989582,5.492553078681249e-08
1234,armor,6001844,0.9690974656916759,3.69415741715784e-06
17399,aroha,51420,0.5642842832815786,2.9770296485465997e-09
2281,aroma,2018777,0.9428778924171091,1.868620094001017e-06
1992,arose,2609029,0.9501151958329159,1.243045768205775e-05
8752,arras,163483,0.7808274065912051,3.451478208947269e-07
489,array,25150016,0.9877541821095863,2.0758211521751947e-05
14337,arris,70170,0.6409646398878093,6.003127932017695e-08
814,arrow,11563142,0.9796153460883502,8.71724912940408e-06
10922,arroz,110715,0.7264850245417209,7.117896235667805e-09
10150,arsed,125628,0.7458178904137033,5.6598925683394906e-08
12975,arses,82425,0.6750726234598818,9.633023389564136e-08
27406,arsis,24659,0.3136832615446259,3.2927503515680976e-08
3274,arson,989351,0.9180106180506862,1.485241261889314e-06
24137,artel,29896,0.39554743063207454,4.2096661404619126e-08
5061,artic,431117,0.8732595412200741,1.6858899611039445e-07
5290,artis,394835,0.8675247921466493,2.631326258012861e-07
5855,artsy,333481,0.853375738755885,8.888647005989014e-08
33346,arval,17215,0.16493038164880297,1.7511305484722955e-09
8379,asana,175243,0.7901682860863468,9.224000840165529e-09
38899,ascon,12971,0.025868977261344284,1.3260124193248615e-09
3455,ascot,888745,0.9134779124511669,2.8376055443146697e-08
20963,ascus,37312,0.47503255534408495,4.5469067133758936e-08
8142,ashen,184747,0.7961033757387559,4.096612138937417e-07
1844,ashes,3011008,0.953821496544125,8.624990820858505e-06
807,aside,11768649,0.9797906440949614,2.912819101766217e-05
207,asked,75532722,0.994816187518782,8.487282350240723e-05
3329,asker,948596,0.9166332765701692,2.7761673672730933e-08
4790,askew,473664,0.8800460783331664,3.2870659055106444e-07
1457,aspen,4626441,0.9635129720524892,3.9459873088040133e-07
12798,asper,84389,0.6795051587699088,1.0416663458980337e-07
16750,aspic,54553,0.5805369127516778,4.1461140701889367e-08
14293,aspro,70422,0.6420665130722227,5.3256112728106165e-09
16813,assai,54173,0.5789592306921767,6.926818440030539e-08
3620,assam,803070,0.9093458880096164,3.309593511960149e-09
1624,assay,3855224,0.9593308624661925,8.621885172033217e-06
1467,asses,4583177,0.9632625463287589,2.273496743276072e-06
592,asset,18178753,0.9851747971551638,1.8609704839036567e-05
12877,assez,83499,0.6775267955524391,1.223206451034669e-07
3852,aster,718311,0.9035360112190725,1.381503698756166e-05
17441,astir,51145,0.5632324952419112,2.697206239705024e-07
16809,asura,54205,0.5790594009816689,8.343529261613568e-09
788,atlas,12221120,0.9802664529700491,7.360654021062793e-07
8428,atman,173626,0.7889412000400681,3.4125465078108735e-08
4724,atmos,488481,0.8816988881097866,1.229295627326065e-07
3405,atoll,908471,0.9147300410698187,3.966387939158267e-07
1508,atoms,4375988,0.9622358008614645,8.579920987591331e-06
9103,atone,152901,0.7720374636882701,4.782910815492869e-07
14848,atopy,66364,0.6281678854051889,1.526290097656725e-08
6432,atria,279451,0.8389261744966443,1.967307403854663e-07
13907,attap,73826,0.651732946008214,5.012071619488937e-09
12597,attar,86729,0.6845387158168887,1.1572041448500909e-07
1745,attic,3347389,0.9563007112090554,2.1396057059064333e-06
118,audio,127014703,0.997044976459982,9.716530175865046e-06
546,audit,20786243,0.9863267554843234,1.5931645339151147e-05
3976,auger,678597,0.9004307322448162,3.2453359622900497e-07
7653,aught,207367,0.8083491936291696,3.581926005935543e-06
10396,augur,120764,0.7396574176099369,2.232229962828569e-07
28476,aulas,22980,0.28688770910547934,5.4178384942901095e-09
26076,aulos,26850,0.3469898828007613,6.9087144633366975e-09
4206,aunts,609018,0.8946709405990183,5.091783201465023e-07
7047,aunty,239524,0.8235249924872283,8.417815692496335e-08
3785,aural,744671,0.9052138635680657,2.5577173400263084e-07
9778,auras,134666,0.755133727336472,9.39210172711514e-08
13297,auric,79392,0.6670089151557648,2.5799787813832827e-08
22021,auris,34496,0.44853751377341483,5.356248488331571e-08
9530,aurum,141480,0.7613442852849844,2.877825617432815e-07
909,autos,9798008,0.977236301712912,3.123186377262089e-07
9044,auxin,154606,0.7735149754582791,1.2308046786405282e-07
1615,avail,3902711,0.9595562456175498,4.819930591111188e-06
1944,avant,2710283,0.9513172393068215,5.331165692149616e-07
4940,avast,449613,0.8762896924772112,8.746211931963078e-08
19274,avens,43203,0.5173294600821396,2.325915683985504e-08
11003,avers,109324,0.7244565761795052,9.02940107859142e-07
3712,avert,767435,0.9070419713512972,1.5554093511127576e-06
20122,avgas,40092,0.4960933587098067,2.749377629382432e-09
1883,avian,2877167,0.9528448362215767,1.7030722870003956e-06
4310,avion,581489,0.8920665130722227,9.214788349245838e-09
19972,avise,40613,0.4998497445657618,1.3870173993491854e-07
5650,aviso,354132,0.858509466092357,1.3178011768563061e-08
372,avoid,36508203,0.9906841630772313,6.044205314537976e-05
39315,avows,12784,0.015451267154162075,3.796884518723577e-07
2461,await,1745587,0.938370229389963,3.477266900517861e-06
1776,awake,3230337,0.9555243914654913,7.097156694726436e-06
246,award,59652161,0.9938395271962336,3.122285612334963e-05
478,aware,25700328,0.9880296504056897,5.377617781050503e-05
6513,awash,274221,0.8368977261344285,4.914766054753273e-07
30658,awave,20063,0.23224481618751877,4.050863889945791e-09
5249,aways,400767,0.8685515376139437,1.3178291888849005e-07
1355,awful,5217370,0.9660673144345387,7.437915037371568e-06
31302,awned,19334,0.21611739957928477,9.650584996775317e-08
3944,awoke,688520,0.9012320945607533,2.335597744149709e-06
22205,axels,33994,0.4439296804567765,1.7518242833388567e-09
2508,axial,1685087,0.9371932284884303,8.74400991051516e-06
24256,axils,29666,0.39256736451968344,2.096061655747324e-07
16963,axing,53425,0.5752028448362215,2.2307371336452232e-08
2667,axiom,1495473,0.9332114594811179,1.571340590089676e-06
6482,axion,276049,0.8376740458779925,8.067932578459393e-08
4082,axles,647257,0.8977762195732746,9.63989833708139e-07
31260,axone,19386,0.2171691876189522,8.117554551809181e-09
5359,axons,385758,0.8657968546529099,2.5252416499255136e-07
4219,ayres,606243,0.8943453871581689,2.9621976691626057e-07
6788,azide,254983,0.8300110187318441,1.9254340928363066e-07
24726,azido,28802,0.3807973555043574,5.099848734241671e-08
19815,azole,41201,0.5037814284283282,9.465916623804804e-09
39149,azote,12841,0.019608334168085745,2.894457674190293e-07
38107,azuki,13449,0.04570269458078734,2.218535529217537e-09
3196,azure,1042257,0.9199639386957829,5.446076966109103e-07
30980,babas,19694,0.2241811078834018,2.9712816825545353e-09
3190,babel,1047472,0.920114194130021,5.347836446670039e-08
464,babes,27016030,0.9883802464189122,2.167259842686611e-06
28733,babka,22606,0.28045176800560956,9.968500179026559e-10
33881,baboo,16716,0.1515326054292297,9.377566284607397e-09
29018,babul,22216,0.2733146348792948,1.0377756191999493e-08
32301,bacca,18209,0.19109986977862367,2.2604661520375658e-08
8814,bacco,161419,0.779274767104077,1.1887787218031101e-07
26877,bacha,25536,0.3269307823299609,1.2970412697269489e-08
33496,bachs,17081,0.16117399579284783,1.1981745019895782e-09
1422,backs,4797208,0.9643894620855454,5.314435855460978e-06
1333,bacon,5385205,0.9666182510267455,2.907177242832404e-06
35056,baddy,15679,0.12210758289091456,3.4673097791964717e-09
1215,badge,6145138,0.9695732745667635,2.1872345382689674e-06
1343,badly,5290145,0.9663678253030151,1.2536307804111856e-05
3640,bagel,792721,0.9088450365621557,2.390488614523179e-07
5126,baggy,419677,0.8716317740158269,5.737083344570238e-07
11578,bahts,100220,0.7100570970650105,4.393341725299738e-09
9249,bails,149105,0.7683812481218071,8.719904084267901e-08
21910,bairn,34786,0.4513172393068216,2.182880176820463e-07
37083,baith,14124,0.07134628869077432,1.4007804878086895e-06
4010,baits,669063,0.8995792847841331,9.56423628746432e-07
18026,baize,48414,0.5485825904036863,1.372695129940273e-07
19369,bajan,42864,0.5149504157067014,8.760772440029423e-10
1436,baked,4716100,0.9640388660723229,2.3675809993543103e-06
34427,baken,16235,0.13785936091355305,3.143819410300619e-07
680,baker,14862470,0.9829710507863367,1.081643581528624e-06
8419,bakes,173816,0.7891665831914254,2.2013717616308477e-07
14556,balas,68596,0.6354803165381148,1.493284022674884e-08
6691,baldy,261017,0.8324401482520285,2.4299291758221276e-09
13394,baled,78514,0.6645797856355805,1.3264393350535918e-07
9069,baler,153800,0.7728889111489532,1.2308846905284554e-07
3867,bales,712551,0.9031603726334769,2.5707691757513264e-06
15377,balks,62743,0.6149203646198538,9.107291195033549e-08
27217,balky,24948,0.31841630772312934,1.924062973903172e-08
734,balls,13683840,0.9816187518781929,6.800381222787494e-06
3463,bally,884078,0.9132775718721827,2.7923704000347546e-08
6760,balms,256614,0.830712210758289,5.61701940447425e-08
7587,balmy,210906,0.8100020034057899,3.480034635572338e-07
11957,baloo,94508,0.7005659621356306,9.669589712002063e-10
4736,balsa,485561,0.8813983772413102,3.796385099286148e-07
9665,balti,137642,0.7579635380146249,8.03570658064681e-10
11200,balun,106049,0.7195231894220174,7.521183624835073e-09
3660,bambi,787833,0.908344185114695,6.033955259054922e-10
6707,banal,260129,0.8320394670940598,8.215897901209246e-07
2987,banco,1182286,0.925197836321747,2.048586416127417e-07
34433,bancs,16230,0.13770910547931484,1.4319421736387082e-08
2979,banda,1187929,0.9253981769007312,3.0461388764382664e-08
19095,bandh,43780,0.5218120805369127,5.23010294063815e-09
543,bands,20842378,0.9864018832014424,2.052790868167274e-05
7062,bandy,238539,0.8231493539016328,2.818076046705843e-07
12011,banes,93807,0.6992136632274867,1.484752481953131e-07
3020,bangs,1154062,0.9243714314334368,1.3411276194201624e-07
26272,bania,26516,0.3420815386156466,9.712172977601656e-09
2330,banjo,1940675,0.9416508063708304,5.405639740274637e-07
435,banks,30582183,0.9891064810177301,3.163787685954626e-05
9373,banns,145651,0.7652759691475508,3.27333356133262e-07
7495,bantu,215030,0.812305920064109,3.498611275900906e-09
15380,banya,62734,0.6148452369027346,3.404093890636305e-09
10858,barbe,111899,0.7280877491735951,3.279198608891348e-08
6518,barbs,274090,0.8367725132725634,2.1461301943103403e-07
14318,barby,70276,0.641440448762897,2.43984531109614e-09
5780,barca,340426,0.8552539316838625,7.593803105135996e-09
36824,barde,14315,0.07783231493539017,6.880557658713785e-08
11810,bardo,96541,0.7042472202744666,5.072979619126399e-09
6376,bards,285757,0.8403285585495343,1.2733665182865869e-06
8080,bared,186940,0.797656015225884,4.1331452423994854e-07
12627,barer,86373,0.6837874386456977,4.2522993374346433e-08
7454,bares,216791,0.8133326655314034,1.3412391185036325e-07
35398,barfi,15384,0.11354302313933687,1.483469041211092e-09
29100,barfs,22116,0.271261143944706,4.3531469165603245e-09
2837,barge,1319916,0.9289542221777021,3.022176583726832e-06
19691,baric,41654,0.5068867074025843,4.846290891796351e-08
5059,barks,431387,0.8733096263648202,9.155636185608474e-07
30305,barky,20516,0.24108484423519985,2.963647585204535e-08
13752,barmy,75129,0.6556145447260343,2.2993276566394783e-08
2938,barns,1223270,0.9264249223680256,1.3999059358291368e-06
24528,barny,29190,0.3857557848342182,2.287492873272499e-09
1706,baron,3504549,0.9572773715316037,1.0237816320568528e-06
4054,barra,656133,0.8984774115997195,5.2884105321389284e-08
2400,barre,1839524,0.9398978263047181,1.8017687749817013e-06
9365,barro,145814,0.7654763097265351,5.930522809163627e-09
762,barry,12921548,0.980917559851748,3.865087945083172e-08
2409,basal,1821739,0.9396724431533607,9.741775729708024e-06
36,based,252405204,0.9990984673945708,6.371739219300019e-05
23885,basen,30386,0.40185815887007914,2.2361689803003843e-08
15468,baser,62041,0.6126414905339076,9.89722417525758e-07
1004,bases,8663363,0.9748572573374737,7.005037686344742e-06
9655,basho,137891,0.7582139637383553,1.5435149814796862e-09
184,basic,84840226,0.9953921666833617,0.0001127168505627
1920,basil,2757419,0.9519182610437744,1.1187082594688037e-06
866,basin,10544774,0.9783131323249524,1.5732967121948604e-05
245,basis,59901425,0.9938645697686066,0.0001781095976184
22518,basks,33223,0.4360913553040168,3.4669597116253875e-08
27085,bason,25169,0.32172192727636983,8.40974235518142e-07
6021,basse,317589,0.8492186717419613,6.53620081887578e-08
8313,bassi,178307,0.791821095862967,2.9474244567656144e-08
5352,basso,387021,0.8659721526595212,2.769196787330777e-07
20298,bassy,39488,0.49168586597215264,3.3183524400088186e-08
6138,basta,306217,0.8462886907743163,5.535067568558543e-08
11891,baste,95369,0.7022187719122508,1.632317933797367e-07
15522,basti,61685,0.6112891916257638,1.268764188155913e-08
24128,basto,29914,0.3957728137834318,6.533350549426899e-09
1066,batch,7835050,0.9733046178503456,7.239707711050869e-06
14944,bated,65650,0.6257637984573775,4.100940107293765e-07
1707,bates,3503755,0.9572523289592307,3.1343764285237577e-07
4701,bathe,494252,0.8822748672743664,1.2037821954891117e-06
1277,baths,5707960,0.9680206350796354,3.122496355454875e-06
4073,batik,648561,0.8980016027246319,4.403482871673248e-08
1543,baton,4229776,0.9613593108284083,6.747066174739302e-07
31220,batta,19422,0.2181708905138736,8.143304440168573e-08
8030,batts,189079,0.7989081438445357,6.2414292186273e-08
5155,batty,416010,0.8709055394170089,5.730399468717452e-08
23587,baulk,31004,0.40932084543724334,1.7284763788466124e-07
8844,bawdy,160667,0.7785234899328859,3.694590049008184e-07
16218,bawls,57450,0.593859561254132,4.598432840490902e-08
36698,bayed,14407,0.08098767905439247,3.71570510394347e-08
2408,bayer,1825243,0.9396974857257337,1.2440671965033075e-08
4360,bayes,569591,0.8908143844535711,1.64664005501798e-07
10474,bayle,119261,0.7377040969648402,2.45145210710336e-07
2760,bayou,1397958,0.9308825002504257,2.657233727632047e-07
5543,bazar,365968,0.8611890213362716,1.3836697206465613e-07
150,beach,105642682,0.9962436141440448,1.6571426367590903e-05
852,beads,10825324,0.9786637283381749,3.425826073324764e-06
12485,beady,87974,0.6873434839226685,2.151131751304547e-07
9368,beaks,145800,0.765401182009416,5.8194549691274e-07
28644,beaky,22734,0.2826805569468096,5.208591046929483e-09
7222,beals,229428,0.8191425423219473,2.040060337017595e-08
1833,beams,3032813,0.9540969648402284,8.118800383928059e-06
5606,beano,358497,0.8596113392767705,6.390539544503441e-08
1087,beans,7607524,0.9727787238305119,4.639542353406074e-06
18427,beany,46499,0.5385405188820995,4.513677826321573e-07
1791,beard,3166516,0.9551487528798959,4.628086749107752e-06
10490,beare,118875,0.7373034158068716,1.8958655262863315e-05
507,bears,22926868,0.9873034158068716,2.1044578563497943e-05
685,beast,14787561,0.9828458379244716,5.77700688609184e-06
26883,beath,25518,0.32678052689572273,3.180782549074749e-07
1199,beats,6367861,0.969973955724732,3.397100106584416e-06
7614,beaty,209357,0.809325853951718,5.208460676922493e-09
29218,beaus,21947,0.268306120404688,8.69321422813075e-08
8852,beaut,160328,0.7783231493539017,8.456101638157995e-07
5092,beaux,425302,0.87248322147651,3.471907866980928e-07
3253,bebop,1000401,0.9185365120705199,1.8003728210648713e-08
22363,becke,33592,0.4399729540218371,3.64457712229256e-07
7491,becks,215169,0.8124060903536011,7.639489519616606e-08
33077,bedel,17484,0.17166683361714916,1.9119287738908688e-08
31884,bedes,18687,0.20154262245817892,4.743053449568917e-08
2103,beech,2327119,0.9473354702995092,1.190053152413384e-06
11201,beefs,106016,0.7194981468496444,2.1074103130091205e-08
5525,beefy,366863,0.8616397876389863,2.1080053230093654e-07
6083,beeps,311081,0.8476660322548332,2.296339984543912e-08
1977,beers,2633610,0.9504908344185115,2.967447476187601e-07
12280,beery,90230,0.6924772112591405,1.280846622578538e-08
5000,beets,439436,0.8747871381348292,1.0820676313126288e-06
23570,befit,31021,0.4097465691675849,9.606875465806297e-08
352,began,38269468,0.991185014524692,0.0001329048810293
7986,begat,191296,0.8000100170289492,3.2260111879622857e-07
10443,beget,119815,0.7384804167084043,3.850611477673738e-07
308,begin,45434902,0.9922868877091054,6.175966977025383e-05
15620,begot,60965,0.6088350195332064,2.162799484094736e-06
9795,begum,134200,0.7547080036061304,7.421096039948406e-08
1007,begun,8636352,0.9747821296203546,2.643170751980506e-05
1525,beige,4288534,0.9618100771311229,1.4015593282666288e-07
40,being,242783091,0.9989982971050786,0.0005071258853422
17340,bekah,51673,0.5657617950515877,6.791175327967537e-09
6232,belay,297360,0.8439346889712511,4.973128845825031e-08
10685,belch,115135,0.73242011419413,1.4771078241437862e-07
10093,belga,126913,0.7472453170389662,3.7139917706567915e-09
11353,belie,103562,0.7156916758489432,3.3985246943757375e-07
1266,belle,5820002,0.9682961033757388,4.876102968864871e-07
1431,bells,4743841,0.9641640789341881,5.498963654286644e-06
1112,belly,7346354,0.972152659521186,6.712206313750357e-06
100,below,145701629,0.9974957427626966,0.0001356115438102
1285,belts,5651790,0.9678202945006511,1.958644677844636e-06
977,bench,8992211,0.9755334067915457,9.216830676450629e-06
3242,bends,1010930,0.9188119803666233,2.2520844638871896e-06
12118,bendy,92458,0.6965341079835721,1.5919213650713497e-08
11739,benes,97606,0.706025242912952,1.1713156773225545e-07
7278,benet,226135,0.8177401582690574,1.8896081578815369e-07
17105,benne,52776,0.5716467995592507,1.6738390036988933e-07
10224,benni,124117,0.7439647400580988,8.65260567869098e-10
2067,benny,2393928,0.9482370029049384,8.080838213426072e-09
7494,bento,215039,0.812330962636482,4.1851574785777536e-08
17391,bents,51470,0.564484623860563,1.722958298802433e-07
11043,beres,108650,0.7234548732845838,5.906198734494639e-07
5889,beret,330199,0.8525242912952018,2.535234577294432e-07
16119,bergs,58033,0.5963387759190624,9.07945902408528e-08
26295,berko,26479,0.3415055594510668,7.691917837180031e-11
3950,berks,687726,0.9010818391265151,9.584837253478602e-10
9294,berms,147739,0.7672543323650205,3.066267298876695e-08
1091,berry,7551906,0.9726785535410197,1.234912909922059e-06
3168,berth,1056010,0.9206651307222278,1.4552353741237312e-06
4450,beryl,547615,0.888560552939998,2.1144981735469285e-07
37629,besaw,13762,0.057673044175097665,2.8640985867022284e-10
5461,beset,373969,0.8632425122708605,1.662228819441225e-06
19368,besom,42868,0.5149754582790744,9.730055064566685e-08
7304,bests,224868,0.8170890513873585,6.278557471535333e-08
6136,betas,306327,0.8463387759190624,3.3673735224585365e-08
10134,betel,126006,0.7462185715716718,4.043893437710722e-07
25991,betes,27006,0.3491185014524692,2.2092357301243345e-08
11214,beton,105740,0.7191725934087949,4.977811619927275e-07
5001,betta,439416,0.8747620955624562,1.2614717692969693e-08
1149,betty,6858121,0.9712260843433838,1.672904751788017e-08
4347,bevel,571985,0.8911399378944205,5.58308584572842e-07
14018,bever,72891,0.6489532204748072,9.276762890343149e-08
16051,bevor,58495,0.5980416708404287,7.439398249141041e-09
2501,bezel,1692595,0.9373685264950415,1.3755387072933448e-07
31799,bhaji,18778,0.2036712411098868,1.0773594207196515e-09
30274,bhang,20562,0.2418611639787639,2.1689900405549216e-08
28249,bialy,23321,0.29257237303415806,4.021660781237839e-10
16188,bibbs,57588,0.594610838425323,1.6431977760625115e-08
311,bible,45080741,0.9922117599919864,9.605754792119114e-07
8774,bicep,162754,0.7802764699989982,1.341968502366342e-07
9654,biddy,137910,0.7582390063107283,4.1442851212991634e-08
30566,bided,20170,0.23454873284583794,4.314824217921398e-08
33757,bides,16845,0.15463788440348591,1.506730458759128e-07
5840,bidet,335335,0.8537513773414805,3.7317143589762265e-08
23159,bidis,31810,0.42003906641290195,7.988275751003667e-09
15968,biffy,58886,0.6001202043473906,9.85758607673829e-10
36204,bifid,14746,0.09335870980667134,3.037226258632094e-07
3671,biggs,782849,0.9080687168185916,4.834420638517108e-09
16538,biggy,55567,0.585845938094761,6.109640626216471e-10
6812,bight,253016,0.8294099969948913,2.741779081583983e-07
6743,bigot,258267,0.8311379344886307,1.6177240638626245e-07
5767,bijou,341954,0.855579485124712,2.0611362579939872e-08
16892,biked,53763,0.576980867474707,4.397348493480869e-09
1702,biker,3530897,0.9573775418210959,3.806936155833837e-08
858,bikes,10740880,0.9785134729039366,1.35130993528243e-07
6779,bilbo,255543,0.8302364018832015,1.6557499544724338e-08
16425,bilby,56263,0.588675748772914,8.14354899112925e-10
16224,biles,57387,0.5937093058198938,2.576995952578816e-07
5176,bilge,412304,0.8703796453971752,3.562433406045784e-07
590,bills,18248816,0.9852248822999099,2.3531998580549584e-05
745,billy,13515249,0.9813432835820896,2.352666777483137e-07
4326,bimbo,577216,0.8916658319142542,8.876556011488531e-09
36827,binal,14312,0.07775718721827106,1.1475769954631143e-09
9155,bindi,151524,0.7707352499248723,1.238274117004296e-08
2198,binds,2193939,0.9449564259240709,2.9734561071957333e-06
17665,biner,50080,0.5576229590303516,1.107398361739086e-09
23008,bines,32124,0.4238204948412301,1.1666596147272493e-07
3535,binge,850412,0.9114745066613242,8.541958143837292e-07
934,bingo,9539002,0.9766102374035861,7.210588353245839e-07
8737,binks,163972,0.7812030451768006,3.657087249137261e-09
21054,biogs,37080,0.4727536812581388,1.012373473727393e-09
8408,biome,174268,0.7894420514875288,2.194448376258152e-07
5033,biota,434729,0.8739607332465191,3.986678924535875e-07
13566,biped,76820,0.6602724631874186,8.47878111840053e-08
15519,bipod,61691,0.6113643193428829,2.982453078072587e-08
1862,birch,2936180,0.9533707302414104,1.8867385074372576e-06
567,birds,19693729,0.9858008614644896,2.3807105157330327e-05
10408,birks,120549,0.7393569067414605,1.553559090854033e-08
31348,birls,19278,0.2149654412501252,1.1607288535779687e-09
30532,birse,20224,0.23540018030652107,1.4693827877867134e-09
373,birth,36286070,0.9906591205048583,4.433581161720213e-05
2288,bison,2002028,0.9427025944104979,1.082240728464967e-06
1026,bitch,8302447,0.9743063207452669,1.0627687102052835e-06
10076,biter,127349,0.7476710407693078,1.2790741070745072e-07
1818,bites,3086130,0.9544726034258239,1.1911360835243228e-06
9748,bitsy,135378,0.755885004507663,2.7642439666302027e-09
3165,bitte,1056982,0.9207402584393469,2.338553577204609e-07
5195,bitty,409188,0.8699038365220876,9.965499089048537e-08
18787,bivvy,45002,0.5295251928278073,1.3986628212452163e-09
7108,bizzy,235736,0.8219973955724732,2.049492139514732e-09
37,black,244690155,0.9990734248221977,0.000125841240515
818,blade,11527988,0.979515175798858,1.1270158211118542e-05
14555,blahs,68598,0.6355053591104878,2.013048443083373e-09
8108,blain,185777,0.796954823199439,3.381475192375783e-08
1043,blame,8170544,0.9738805970149254,1.3008892092329917e-05
2567,bland,1606490,0.9357157167184214,1.3711746055378172e-06
593,blank,18150537,0.9851497545827907,1.2762779224431142e-05
17806,blare,49365,0.5540919563257538,1.5916230367452044e-07
13280,blase,79486,0.6674346388861064,1.3700598617485746e-07
949,blast,9387171,0.9762345988179906,6.438258042180678e-06
8368,blatt,176015,0.7904437543824502,1.2212859264491517e-08
2046,blaze,2448412,0.9487628969247721,1.585439742939343e-06
3104,bleak,1088632,0.9222678553541019,2.3430184114658912e-06
9404,bleat,144793,0.7644996494039867,1.065094211583073e-07
30710,blebs,20013,0.230942602424121,6.428957063034155e-08
10184,blech,124878,0.7449664429530202,5.989987102482063e-10
2292,bleed,1989071,0.9426024241210057,1.9072448731094485e-06
5261,bleep,397961,0.8682510267454673,8.753583163212399e-08
924,blend,9680982,0.9768606631273165,6.403719871741487e-06
1314,bless,5477461,0.9670940599018332,3.853126258945849e-06
8887,blest,159216,0.7774466593208454,5.195529880343595e-06
29275,bleys,21869,0.266878693779425,2.0434675497200108e-09
6661,blimp,263458,0.8331914254232194,1.0694083528051125e-07
634,blind,16485480,0.9841230091154963,1.915200387884397e-05
2550,bling,1627355,0.9361414404487629,5.644291884680049e-07
30893,blini,19794,0.22635981167985575,4.083772407923757e-09
1346,blink,5257629,0.966292697585896,1.5801712532947932e-06
12059,blips,93096,0.6980116197535811,1.341691663851516e-08
1655,bliss,3708978,0.9585545427226285,2.373281345171563e-06
34083,blist,16549,0.1464740058098768,4.7585166294080633e-08
31096,blits,19557,0.2212761694881298,1.239047178560305e-09
2034,blitz,2476009,0.9490634077932485,3.445040505312136e-07
29419,blive,21681,0.2632725633577081,1.5114514869279524e-08
6043,bloat,315923,0.8486677351497546,1.7360541590960565e-07
5863,blobs,332665,0.8531753981769007,5.081298017158757e-08
287,block,49694725,0.9928127817289392,4.385559223010205e-05
6960,blocs,244531,0.8257036962836822,1.4807240245991065e-07
301,blogs,46978262,0.9924621857157168,9.341631646895361e-08
3718,bloke,766763,0.906891715917059,6.343026009858477e-07
1366,blond,5155053,0.9657918461384354,3.562193003290304e-06
241,blood,61348302,0.9939647400580988,0.0001105603737232
22059,blook,34378,0.4475858960232395,7.840389674568664e-09
1321,bloom,5456938,0.9669187618952219,3.5157190541212912e-06
22207,bloop,33990,0.4438795953120305,1.644015734912202e-09
26248,blore,26544,0.3426825603525994,8.81751634440971e-10
6880,blots,249068,0.827707102073525,5.343167893297089e-07
1542,blown,4229918,0.9613843534007813,6.327087712634238e-06
2009,blows,2556663,0.9496894721025744,6.562003661022467e-06
12161,blued,91789,0.6954572773715316,3.965883512445901e-08
13161,bluer,80668,0.6704147049984974,1.3567225934707494e-07
504,blues,23387172,0.9873785435239908,7.443416300246552e-07
20353,bluet,39292,0.49030852449163576,3.497270636976246e-09
13672,bluey,75731,0.657617950515877,5.339106453371263e-09
1613,bluff,3906671,0.959606330762296,1.795217526705528e-06
5118,blume,421456,0.8718321145948111,2.508055855136112e-08
25089,blunk,28171,0.371706901732946,2.225563318852499e-09
1563,blunt,4129800,0.9608584593809476,3.544019509718055e-06
3685,blurb,776249,0.9077181208053692,2.100212091704634e-07
6592,blurs,268623,0.8349193629169588,1.0222859777885541e-07
12590,blurt,86781,0.6847140138235,2.2638443965661282e-07
2481,blush,1722003,0.9378693779425022,1.916034492523977e-06
60,board,212361059,0.998497445657618,8.824088843539357e-05
7981,boars,191697,0.8001352298908144,5.995434997488977e-07
37099,boart,14110,0.07094560753280577,3.565940356779868e-09
2924,boast,1239080,0.9267755183812482,2.3985193092812552e-06
657,boats,15600762,0.9835470299509166,1.5804830669288515e-05
27740,bobak,24111,0.30531904237203245,5.826410372196069e-10
980,bobby,8964342,0.9754582790744265,1.564994731495517e-07
25632,bobos,27432,0.35810878493438847,9.447399866686806e-10
8722,bocca,164468,0.781578683762396,3.1993996567443346e-08
8212,bocce,181807,0.7943503956726435,3.029636008293052e-09
21372,bocci,36179,0.464790143243514,7.090346523450087e-10
28579,boche,22819,0.2843083241510568,3.7943926919007046e-08
31262,bocks,19385,0.21711910247420615,4.941237504718644e-08
37113,boded,14099,0.07059501151958329,9.144369547046204e-08
8523,bodes,170580,0.7865621556646298,2.110126007293955e-07
27670,bodge,24225,0.30707202243814485,2.8521311788816287e-09
9351,bodhi,146406,0.7658269057397575,1.1154610274344278e-08
36390,bodle,14619,0.088700791345287,1.5964495458103753e-08
13060,boeuf,81542,0.6729440048081738,1.3308104807468597e-08
21169,boffo,36747,0.4698737854352399,1.0895899381331244e-09
8233,bogan,181052,0.7938245016528098,6.953953155722866e-09
5686,bogey,350651,0.8576079334869278,7.467842244708057e-08
10172,boggy,125025,0.7452669538214965,3.705599034731222e-07
8253,bogie,180493,0.7933236502053491,1.5345851137263176e-07
7173,bogle,231716,0.820369628368226,1.9157563973441012e-08
8046,bogue,188533,0.7985074626865671,8.836076459753372e-09
2354,bogus,1903710,0.9410497846338776,2.386552105512538e-07
3843,boils,720481,0.9037613943704297,1.0588060382369454e-06
2380,boing,1870671,0.9403986777521787,1.08082224443866e-07
15768,boink,60028,0.6051287188219974,3.831028048347912e-10
7863,boite,197551,0.8030902534308324,2.2884165485647347e-08
20058,bokeh,40320,0.49769608334168086,6.159297270330917e-10
23017,bokes,32100,0.4235951116898728,2.426456013390968e-06
24378,bokos,29471,0.3895121706901733,2.1635721635078167e-10
31386,bolar,19223,0.2140138234999499,5.861795229833541e-09
19148,bolas,43633,0.520484824201142,1.670347788226193e-08
32801,bolds,17710,0.17857858359210657,2.7729897455176253e-08
6610,boles,267384,0.8344685966142442,1.86418701412313e-07
19672,bolls,41704,0.507362516277672,1.040232408047523e-06
23490,bolos,31187,0.4117499749574276,9.872695984400966e-09
1661,bolts,3682849,0.9584042872883902,3.7968093962922247e-06
6483,bolus,275931,0.8376490033056195,3.265943297752035e-07
9700,bombe,136941,0.7570870479815687,1.876301390798017e-07
21967,bombo,34612,0.44988981268155864,4.058018613794426e-09
1592,bombs,3999701,0.9601322247821297,1.4056102525335982e-06
662,bonds,15431252,0.9834218170890514,3.6847086388565214e-05
5364,boned,385216,0.8656716417910447,2.4428280895882894e-07
6189,boner,301402,0.8450115195832916,9.606290692140909e-08
1079,bones,7717501,0.9729790644094961,1.9682257099982683e-05
5192,boney,409772,0.8699789642392066,4.1431725712470784e-08
3716,bongo,767108,0.9069418010618051,8.103535208192626e-08
5157,bongs,415527,0.8708554542722629,3.859729350873787e-09
3965,bonne,683697,0.9007062005409195,4.894477256446914e-07
5012,bonny,438690,0.8744866272663528,7.164102135423725e-07
459,bonus,27819488,0.9885054592807774,6.350953817673144e-06
28855,bonza,22431,0.27739657417609936,1.6408763796300582e-09
533,boobs,21461250,0.9866523089251727,3.2612647670705767e-08
5418,booby,379438,0.8643193428829009,3.718470705393884e-07
24099,boody,29996,0.3964990483822498,5.366444915260855e-09
8861,booed,160116,0.7780977662025443,2.3353815542953144e-08
21906,boogy,34796,0.4514174095963137,5.398261475117672e-10
17,books,347710184,0.9995742762696584,8.947255302324756e-05
17106,bools,52775,0.5716217569868777,1.0989017193430152e-08
4563,booms,524101,0.8857307422618451,3.6577514643126434e-07
30440,boomy,20346,0.23770409696484024,2.0458639789489456e-09
17398,boons,51432,0.5643093258539518,9.852973521176433e-08
27628,boord,24287,0.3081238104778123,9.049095287291168e-07
35765,boors,15103,0.10435239907843334,2.273339967657944e-07
29748,boose,21230,0.2550335570469799,1.5280061910419094e-07
735,boost,13675076,0.9815937093058199,5.787851314380532e-06
1077,booth,7723310,0.9730291495542422,3.14225591637296e-06
579,boots,18968708,0.9855003505960133,3.93763748767548e-06
705,booty,14218854,0.982344986477011,9.073423609606834e-07
2991,booze,1178694,0.9250976660322549,8.716581919543387e-07
14136,boozy,71828,0.6459981969347891,7.547872005631006e-08
11650,boppy,98945,0.708254031854152,3.11346993525961e-10
32187,borak,18314,0.19395472302914957,8.361545536757325e-10
12478,boral,88043,0.6875187819292797,1.3807245794478012e-09
15032,boras,65124,0.6235600520885506,2.2420987045066972e-08
8464,borax,172497,0.7880396674346389,2.725570934103416e-07
12899,borde,83278,0.6769758589602324,2.210992203492797e-07
36217,bords,14737,0.09303315636582189,7.502490619614423e-08
1372,bored,5114852,0.9656415907041971,2.0658540859240195e-06
33982,boree,16638,0.14900330561955324,1.9854072919899523e-09
6946,borel,245222,0.8260542922969047,2.801784121268909e-09
5734,borer,345460,0.8564058900130221,5.306723534006007e-07
6326,bores,289979,0.8415806871681859,5.498021360371953e-07
6746,borgo,257924,0.8310628067715116,4.924741230681702e-09
9045,boric,154527,0.7734899328859061,3.255952539185433e-07
28899,borna,22376,0.27629470099168585,1.4990108968153926e-08
1737,borne,3379421,0.9565010517880397,1.118904170652968e-05
3504,boron,865654,0.9122508264048883,8.907426831897056e-07
15787,bortz,59935,0.6046529099469098,1.2464673208653846e-09
3866,bosom,712863,0.9031854152058499,2.5242345236620167e-06
4401,boson,559775,0.8897876389862767,1.4590079876902326e-07
8750,bossy,163576,0.7808774917359511,2.952058004268565e-07
13361,bosun,78787,0.6654061905238906,1.772753404013633e-08
16243,botas,57276,0.5932334969448062,4.978328752975197e-09
12121,botch,92410,0.6964589802664529,7.392880306156259e-08
13972,botel,73267,0.6501051788039668,1.5432999252269655e-08
26361,botes,26384,0.33985274967444656,7.711113727463336e-08
15933,bothy,59087,0.6009966943804468,4.966940794065993e-08
27424,botte,24625,0.31323249524191127,3.613376181044181e-08
11594,botts,100045,0.709656415907042,1.5554560917490764e-08
27394,botty,24685,0.31398377241310227,1.4428298982121203e-09
30644,bouge,20083,0.23259541220074126,2.938574178477606e-08
4576,bough,520067,0.8854051888209957,3.777492514700498e-07
10609,boule,116726,0.7343233496944807,9.369705310291465e-08
16711,boult,54727,0.5815135730742261,6.425855322962105e-08
519,bound,22303643,0.9870029049383953,4.461358767002821e-05
7393,bourg,219928,0.8148602624461585,1.230454335395729e-07
13875,bourn,74047,0.652534308324151,1.2805347166906685e-07
13024,bouse,81909,0.6738455374136031,1.0408309615491575e-06
4855,bouts,463473,0.8784183111289192,3.907260936233734e-07
3391,bowed,915747,0.9150806370830412,4.926136537619641e-06
1957,bowel,2666510,0.9509916858659722,4.8965528776534485e-06
3669,bower,783946,0.9081188019633377,1.5599582535736217e-06
3568,bowes,833637,0.9106481017730141,1.1148245078512325e-06
1757,bowie,3287191,0.956000200340579,6.37271702038986e-08
1550,bowls,4193933,0.9611840128217971,1.5271168399576795e-06
10727,bowne,114221,0.7313683261544626,9.731554927319376e-09
1269,boxed,5778226,0.9682209756586196,3.846183884953929e-07
13292,boxen,79417,0.66713412801763,1.8487636241348866e-08
1682,boxer,3592432,0.9578783932685565,8.911520939136608e-07
476,boxes,25787744,0.9880797355504357,9.905388187069465e-06
27364,boyar,24725,0.3147350495842933,2.6585381415115212e-08
17704,bozos,49842,0.5566462987078032,2.758367977218281e-09
9127,braai,152198,0.7714364419513172,2.555049505517445e-09
2205,brace,2182960,0.9447811279174597,1.6222538556576185e-06
12096,brach,92726,0.6970850445757788,6.179526025500256e-08
8524,brack,170564,0.7865371130922568,4.236727451944178e-08
23895,bract,30353,0.4016077331463488,1.1363892863893209e-07
5861,brads,332940,0.8532254833216468,3.767874180608917e-08
17020,braes,53166,0.5737754182109587,1.0121944165224325e-07
9241,brags,149273,0.7685815887007913,4.0723981978766453e-07
3281,braid,981945,0.917835320044075,1.0905768101565627e-06
27915,brail,23839,0.30093659220675145,2.7525927382720228e-08
401,brain,33612784,0.9899579284784134,5.087731879029889e-05
951,brake,9321885,0.9761845136732445,5.234417017163651e-06
14901,brame,65964,0.6268406290694181,1.819298295956705e-08
190,brand,82807581,0.9952419112491235,1.549231657918426e-05
4821,brane,468538,0.8792697585896023,1.272478810594617e-07
27152,brank,25065,0.3200440749273765,1.4599818996605332e-08
23083,brans,31986,0.42194230191325255,1.5082114577321585e-08
3818,brant,730649,0.9043874586797556,8.860049766848187e-08
4864,brash,461753,0.8781929279775619,4.982696992783531e-07
701,brass,14298573,0.982445156766503,6.802886828154442e-06
5788,brats,339931,0.8550535911048783,3.167574380808374e-07
3794,brava,741156,0.9049884804167084,1.975038900545392e-08
1354,brave,5221356,0.9660923570069118,7.254271458805306e-06
1916,bravo,2772503,0.9520184313332666,9.489698172160389e-08
4371,brawl,567755,0.8905389161574677,4.467065645030745e-07
7995,brawn,191036,0.7997846338775919,1.6599628423819016e-07
26502,brays,26177,0.33632174696984873,1.5190808039671893e-07
19357,braza,42894,0.5152509265751778,1.4334300177921444e-08
16108,braze,58124,0.5966142442151657,3.7349013277847394e-08
741,bread,13575360,0.9814434538715817,1.861738963270909e-05
283,break,51242970,0.9929129520184313,4.588793221046217e-05
6126,bream,307756,0.8465892016427927,1.329252541029455e-07
14207,brede,71130,0.6442201742963037,4.519742977933289e-07
35486,breds,15322,0.11133927677050987,1.6411087068222653e-07
1080,breed,7716901,0.9729540218371231,6.270490257520578e-06
36590,breer,14489,0.08369227687068016,1.0655958276285687e-09
10132,brees,126037,0.746268656716418,1.291931632667865e-09
1443,brent,4683680,0.9638635680657117,4.534436426425397e-07
6467,breve,276955,0.8380496844635881,4.381425992888283e-07
5498,brews,369926,0.8623159370930582,1.384707912503831e-07
4135,briar,630788,0.8964489632375038,1.408634436472767e-07
4084,bribe,646492,0.8977261344285284,1.5889193059592798e-06
1048,brick,8094369,0.9737553841530602,9.540004684822634e-06
1006,bride,8650665,0.9748071721927276,6.614284557144856e-06
409,brief,32599674,0.989757587899429,4.4901373257744126e-05
6642,brier,264521,0.8336672342983071,2.000616617771665e-07
27241,brigs,24912,0.3178152859861765,2.629691160792847e-07
3627,brill,800254,0.9091705900030052,5.02995180447112e-08
15389,brims,62671,0.6146198537513773,2.133650854082484e-07
3591,brine,816003,0.9100721226084343,2.2966073129282448e-06
257,bring,57608074,0.9935640589001302,8.860245885443874e-05
2684,brink,1484879,0.9327857357507763,1.811236825233209e-06
14779,briny,66915,0.6298958228989282,1.0229211937939909e-07
21606,brise,35611,0.458930181308224,1.0346765098547305e-08
3691,brisk,774000,0.9075678653711309,1.813029739423655e-06
15477,briss,61956,0.6124161073825504,1.0904769921184114e-09
13963,brith,73335,0.650330561955324,2.2212054348602628e-08
3102,brits,1089837,0.9223179404988481,1.4967008993149519e-09
3280,britt,984387,0.917860362616448,3.9431129364869274e-09
22986,brize,32178,0.42437143143343686,2.342406807924682e-08
534,broad,21370126,0.9866272663527997,5.118718072480988e-05
13437,broch,77996,0.6635029550235401,2.9114487956616308e-08
2050,brock,2441409,0.94866272663528,2.109381046585449e-08
4760,broil,479526,0.8807973555043574,1.9405024332286305e-07
873,broke,10460811,0.9781378343183412,2.30058332272165e-05
9827,brome,133473,0.7539066412901934,3.431624995856672e-07
7497,bromo,215016,0.8122558349193629,3.661753815839766e-07
12500,bronc,87727,0.686967845337073,1.3368976155494824e-08
3195,brood,1042305,0.9199889812681559,1.9506126409396527e-06
1228,brook,6044943,0.9692477211259141,1.7121758673965814e-06
2847,broom,1312361,0.9287037964539717,1.4109515268501128e-06
15742,brose,60177,0.6057798257036963,4.617897782542249e-08
2863,broth,1297117,0.9283031152960032,2.7115320290249657e-06
230,brown,64112042,0.9942402083542021,3.616641279222677e-05
5193,brows,409717,0.8699539216668336,2.1161434533430915e-06
36522,brugh,14540,0.08539517179204648,2.6988946118351626e-08
4903,bruin,455296,0.8772162676550135,2.2141222691182896e-08
14364,bruit,69936,0.6402884904337374,7.269881166701489e-07
7467,brule,216438,0.813007112090554,1.0304462681636036e-08
34840,brume,15864,0.12751677852348994,4.1934802254871394e-08
24248,brung,29676,0.3927677050986677,2.183669367593024e-08
4720,brunt,489270,0.8817990583992787,9.624466076729733e-07
895,brush,10018684,0.9775868977261344,1.0079492931254208e-05
11327,brust,103885,0.7163427827306421,4.571962155904317e-08
2951,brute,1216912,0.9260993689271761,1.8850715696316912e-06
2993,bubba,1178018,0.9250475808875087,1.4740574673671092e-09
27579,bubbe,24357,0.309350896524091,3.238834694364867e-08
17110,bubby,52761,0.5715215866973855,2.3777328217856124e-09
22983,buchu,32186,0.42444655915055596,1.985770801234025e-08
18296,bucko,47129,0.541821095862967,3.818539296034631e-09
1214,bucks,6165133,0.9695983171391366,5.108273742636927e-07
502,buddy,23611087,0.9874286286687368,1.989368213344278e-06
5137,budge,418361,0.8713563057197236,8.199579627898856e-07
17856,budos,49160,0.552839827707102,2.82512403161521e-11
16776,buffa,54425,0.579885805869979,3.3967393453088616e-08
35293,buffi,15479,0.11617249323850545,3.724269255703025e-09
39078,buffo,12874,0.02138635680657117,3.0962009488318024e-08
4188,buffs,614179,0.895121706901733,6.74473007675416e-08
1484,buffy,4519674,0.9628368225984173,1.4506960408671e-07
2316,buggy,1955438,0.9420014023840529,1.0628738641571546e-06
4303,bugle,583867,0.892241811078834,3.768881168753069e-07
203,build,77203075,0.994916357808274,4.758249931910541e-05
240,built,61502894,0.9939897826304718,7.560648082289844e-05
20306,buist,39457,0.49148552539316837,6.196911496581184e-09
1383,bulbs,5028440,0.9653661224080937,1.4473976317691113e-06
3467,bulge,881613,0.9131774015826906,1.356315124212415e-06
17423,bulks,51261,0.5636832615446259,2.018760376916344e-07
2989,bulky,1181562,0.9251477511770009,1.8750762160379964e-06
10547,bulla,118031,0.7358759891816087,1.5674870325140724e-07
1698,bulls,3540837,0.957477712110588,2.4402389544666046e-06
2633,bully,1532418,0.934062906941801,1.405135643608446e-06
17372,bumbo,51541,0.5649604327356506,2.0344897237253643e-09
2660,bumps,1501221,0.9333867574877291,2.664319805795606e-07
3937,bumpy,692057,0.9014073925673646,7.87191808194284e-08
9286,bunce,147990,0.7674546729440048,4.118823955592394e-09
879,bunch,10355431,0.9779875788841029,6.419876644940814e-06
16323,bunco,56806,0.5912300911549634,1.075802091448769e-08
28295,bunde,23237,0.2914204147049985,1.565003709779125e-07
20449,bunds,38923,0.4879044375438245,6.687817219848295e-08
9094,bundt,153250,0.7722628468396273,1.696256131642887e-09
36544,bundu,14525,0.08484423519983973,8.376432977129685e-10
4587,bundy,518060,0.8851297205248924,1.7817338753428182e-09
18577,bungs,45792,0.5347841330261445,3.633960149889833e-08
9937,bungy,130839,0.7511519583291596,3.339916066256678e-09
20254,bunia,39646,0.49278773915656615,1.9307737281311247e-10
10505,bunko,118710,0.7369277772212761,3.732735752330736e-09
7513,bunks,214252,0.8118551537613944,1.6317782880641392e-07
1273,bunny,5730050,0.9681208053691275,4.0576948237003305e-07
25805,bunts,27287,0.35377641991385356,1.5800345537711265e-08
13287,bunty,79451,0.6672593408794951,1.97340360404248e-09
16222,bunya,57395,0.5937593909646399,3.327348023603076e-09
4518,buoys,532923,0.8868576580186317,6.972533816369701e-07
16846,buran,53977,0.5781328258038666,9.026848430062973e-09
16251,buras,57246,0.5930331563658219,1.24694566084519e-08
7968,burbs,192323,0.8004607833316638,1.6006954450435387e-08
27796,buret,24021,0.30391665831914255,4.150375519245815e-08
5272,burgh,396862,0.8679755584493639,3.479927042704389e-06
15992,burin,58788,0.5995191826104378,1.1775044463582585e-07
13317,burka,79244,0.6665080637083041,3.590073310641641e-09
1286,burke,5646090,0.9677952519282781,1.2605535481247953e-08
6325,burks,290057,0.8416057297405589,3.6374072928348527e-10
25477,burls,27611,0.36199038365220876,1.381260239711276e-08
6848,burly,250632,0.8285084643894621,6.982291063195589e-07
943,burns,9460104,0.9763848542522288,3.717595063680899e-06
1777,burnt,3221640,0.9554993488931183,5.361514877222362e-06
16225,burps,57385,0.5936842632475208,4.270314790092625e-09
15788,burqa,59931,0.6046278673745367,5.80881530124296e-09
8307,burro,178515,0.7919713512972052,7.34209114970096e-08
9647,burrs,138116,0.7584143043173395,2.580379816929934e-07
12419,burry,88635,0.6889962936992888,1.542337553314036e-08
5535,bursa,366398,0.861389361915256,1.8148654567549618e-07
22724,burse,32738,0.4309325853951718,4.3152410090529214e-08
1367,burst,5147573,0.9657668035660623,1.2329530127317412e-05
5180,busby,412048,0.8702794751076831,1.25590404716961e-08
15369,bused,62772,0.615120705198838,1.4789517379654174e-07
1222,buses,6101027,0.9693979765601523,1.3746457060409129e-06
4959,bushy,445882,0.8758138836021236,8.764604410771426e-07
3877,busts,710437,0.9029099469097466,6.201213780220572e-07
655,busty,15705827,0.9835971150956626,1.196555085062633e-08
2953,butch,1213820,0.9260492837824301,2.298561290814405e-07
12055,buteo,93137,0.6981117900430732,4.6468023415235925e-09
35661,butes,15179,0.10695682660522889,1.276340360802418e-07
20644,butoh,38293,0.48302113593108287,2.6385419394375563e-09
2026,butte,2505600,0.9492637483722328,9.66213346487166e-08
979,butts,8968856,0.9754833216467995,1.1032473775156422e-06
22258,butty,33867,0.4426024241210057,1.9513638897154053e-08
3700,butyl,770092,0.9073424822197736,6.745291149290882e-07
7078,buxom,237464,0.8227486727436643,1.8071538661956769e-07
327,buyer,42024703,0.9918110788340179,1.273968797249836e-05
10027,buzzy,128866,0.7488981268155865,4.7820759041741565e-09
14708,bwana,67496,0.6316738455374136,4.218058574778852e-09
3129,bylaw,1070798,0.9216417910447762,3.235472684082197e-07
27837,byres,23946,0.30288991285184813,3.3303039181066e-08
431,bytes,30848384,0.9892066513072223,3.4428919501658386e-07
6616,byway,266973,0.834318341180006,2.6630538554510524e-07
4527,cabal,531622,0.8866322748672744,2.0223126995233545e-07
13759,cabas,75061,0.655439246719423,1.709832143458686e-09
15540,cabby,61542,0.6108384253230492,7.27721118920499e-08
18632,caber,45575,0.5334067915456275,7.1423089297562885e-09
1051,cabin,8052267,0.9736802564359411,8.834359196043806e-06
216,cable,70082598,0.9945908043674246,2.229061723483028e-05
5877,cacao,331714,0.8528248021636783,5.945201723989158e-07
611,cache,17250923,0.9846989882800762,3.370018470718605e-06
22834,cacks,32499,0.42817790243413806,1.022984763879244e-09
4763,cacti,478989,0.8807222277872383,3.694199563142321e-07
3095,caddy,1094377,0.9224932385054593,1.4790106320106133e-07
12528,cades,87413,0.6862666533106281,6.332548356972996e-08
2485,cadet,1717624,0.9377692076530101,8.488827381825104e-07
3372,cadre,925745,0.9155564459581288,2.5276102730351294e-07
1929,cafes,2730706,0.9516928778924171,9.716885129461816e-06
4619,caged,511070,0.8843283582089553,2.4993989009398815e-07
16825,cager,54107,0.5786587198237003,2.8979102721755805e-08
2327,cages,1943021,0.9417259340879495,8.929040320323403e-07
14819,cagey,66504,0.6288941200040068,1.035089223933028e-07
23345,cains,31441,0.4153811479515176,5.531308045086093e-09
16506,caird,55746,0.5866473004106982,8.148633768514721e-08
3947,cairn,688283,0.9011569668436342,3.804159661058293e-07
4057,cajon,655061,0.8984022838826005,1.839977247060258e-09
2157,cajun,2262690,0.9459831713913653,1.6338764389789e-09
12170,caked,91635,0.6952318942201743,1.1499314004263049e-07
1300,cakes,5565500,0.9674446559150556,2.461633948045097e-06
3721,calif,766201,0.9068165881999399,4.0460112585080864e-08
15602,calix,61073,0.6092857858359211,1.9002709937735537e-07
4315,calla,580506,0.8919413002103576,2.805571595914786e-07
321,calls,43661633,0.9919613342682561,3.626218502378064e-05
6996,calms,242513,0.824802163678253,6.082276234323012e-07
15595,calve,61132,0.6094610838425323,1.136128177314788e-07
6827,calyx,252215,0.8290343584092958,1.699556444204694e-06
5437,camas,377315,0.8638435340078133,1.5032027822225586e-08
847,camel,11005001,0.9787889412000401,1.970955897832028e-06
2647,cameo,1517437,0.9337123109285785,3.8485479024075177e-07
27322,cames,24794,0.31578683762396076,2.8306720877536463e-08
12517,camis,87567,0.6865421216067314,1.1697930012155575e-08
32326,camos,18180,0.19047380546929782,1.1791546728217498e-09
9566,campi,140537,0.7604427526795552,7.414016442313781e-08
2918,campo,1243547,0.9269257738154864,2.843631786725736e-07
809,camps,11712039,0.9797405589502154,4.077608007226384e-06
6508,campy,274413,0.8370229389962937,1.0245181146986906e-08
5156,camus,415924,0.8708804968446359,6.931312277554861e-09
1030,canal,8278196,0.9742061504557749,1.0624924034345896e-05
730,candy,13772033,0.9817189221676851,3.752370012080064e-06
11124,caned,107189,0.721426424922368,9.434153093948249e-08
14946,caner,65626,0.6257137133126315,1.0525013107208172e-08
3575,canes,830262,0.9104728037664029,1.4693096967760127e-06
28945,canid,22313,0.2751427426625263,6.188369866144042e-09
4293,canna,586192,0.8924922368025644,1.841721908279171e-07
7610,canny,209480,0.80942602424121,3.00578207657054e-07
1636,canoe,3790795,0.9590303515977161,2.8782271192540066e-06
331,canon,41144763,0.9917109085445257,3.629986076703062e-06
19317,canso,43027,0.5162526294700992,5.420264020896596e-09
7826,canst,199219,0.8040168286086347,7.262959839757435e-06
4096,canto,643291,0.8974256235600521,7.43445490175149e-07
19777,cants,41309,0.5047330461785035,1.4131053894208032e-07
10933,canty,110559,0.7262095562456176,2.8605341692791513e-08
23950,capas,30260,0.4002303916658319,5.6562540921311345e-09
12695,caped,85551,0.6820845437243314,9.32623943850075e-08
4737,caper,485193,0.8813733346689372,2.4327412859292965e-07
4907,capes,454767,0.8771160973655214,5.461839478334477e-07
7789,capex,200971,0.8049434037864369,2.1117691076324354e-09
17985,capiz,48568,0.5496093358709807,4.993318474244981e-10
9078,caple,153600,0.772663527997596,1.2194002293432096e-08
10742,capon,113985,0.730992687568867,4.778820750604387e-07
11828,capos,96287,0.703796453971752,4.9821021572672175e-09
1407,capri,4902351,0.964765100671141,1.8398255056203322e-08
11222,caput,105633,0.7189722528298107,3.113773033192047e-07
1732,carat,3398374,0.9566262646499049,2.85653052287671e-07
6558,carbo,270809,0.835770810377642,8.842684106997906e-08
2487,carbs,1715865,0.9377191225082641,2.7479172098860927e-08
28042,carby,23634,0.29775618551537614,7.243595257265211e-10
9785,cardi,134432,0.7549584293298608,1.681382995986593e-07
132,cards,121094522,0.9966943804467595,9.952972353638882e-06
15545,cardy,61530,0.610713212461184,1.3961947305080902e-08
2099,cared,2333049,0.9474356405890013,5.501216408495461e-06
3646,carer,791142,0.9086947811279175,6.91210835021763e-08
1427,cares,4757269,0.9642642492236803,1.2498105707856247e-05
6391,caret,284139,0.8399529199639387,2.4193409377067845e-07
5844,carex,335219,0.8536512070519884,9.847391141404316e-09
916,cargo,9748668,0.9770610037063007,1.393227074004244e-05
5216,carle,405785,0.8693779425022539,3.538093738405438e-07
14170,carls,71443,0.645146749474106,4.037657085342872e-08
28174,carns,23434,0.29445056596213565,7.548045297443531e-09
19450,carny,42572,0.5129219673444856,6.408581508521305e-09
9040,carob,154818,0.7736151457477712,5.32428743213678e-08
841,carol,11109404,0.9789391966342783,2.557484580734126e-07
19441,carom,42604,0.5131473504958429,1.0318161329621216e-08
3341,caron,942813,0.9163327657016929,1.1106016397985576e-08
17202,carpi,52249,0.5692176700390664,9.758158109244385e-08
12748,carps,84962,0.6807572873885606,9.841886251270841e-08
9206,carrs,150212,0.7694580787338475,1.5464994039057554e-08
406,carry,33056477,0.9898327156165482,6.01261253177654e-05
18564,carse,45840,0.5351096864669939,3.2107302260903507e-08
3514,carta,860402,0.912000400681158,1.990385980818679e-07
1935,carte,2722336,0.9515426224581789,6.000309321886076e-07
1693,carts,3559795,0.9576029249724531,2.312270371290354e-06
3326,carve,952422,0.9167084042872884,1.2741540012939369e-06
4489,casas,538695,0.8875838926174496,4.741660027097493e-08
5482,casco,371797,0.8627166182510267,4.397383986643765e-09
5388,cased,382486,0.865070620054092,5.085790016405685e-07
180,cases,86255673,0.9954923369728539,0.0001411414441915
8341,casks,177165,0.7911199038365221,1.777752169371474e-06
3005,caste,1166877,0.9247470700190323,6.538855659528053e-06
2541,casts,1645690,0.9363668236001202,3.908753560302522e-06
16401,casus,56402,0.5892767705098668,2.244812154349719e-07
553,catch,20400979,0.9861514574777122,2.510137881472474e-05
2244,cater,2092828,0.9438044675949113,1.7664701317698927e-06
4771,cates,476810,0.8805218872082541,6.188473728198683e-07
11097,catty,107679,0.72210257437644,9.923842370085369e-08
10512,cauda,118554,0.7367524792146649,1.3243582995387397e-07
6936,caulk,245944,0.8263047180206351,1.015646130753112e-07
6866,causa,249786,0.8280576980867475,1.8696649107961496e-06
225,cause,65904680,0.9943654212160673,0.0001369951406377
8202,caved,182199,0.7946008213963739,1.354645880025096e-07
17524,caver,50776,0.5611539617349495,1.917700177459599e-08
2087,caves,2355316,0.9477361514574777,2.308788111305714e-06
25199,cavil,27985,0.36895221877191225,1.1570834715257661e-07
1576,cease,4081957,0.9605329059400982,1.0751685958894086e-05
19183,cecal,43532,0.5196083341680857,4.116847500358943e-08
14229,cecum,70881,0.643669237704097,1.2679573091008893e-07
939,cedar,9484993,0.9764850245417209,2.076774944725912e-06
6032,ceded,316917,0.8489432034458579,2.085786964888515e-06
18362,ceder,46829,0.5401682860863468,1.5203525864969048e-08
15855,cedes,59550,0.6029500150255435,1.4687232525221706e-07
20014,cedis,40486,0.4987979565260944,8.154142304321705e-09
9583,ceiba,139880,0.7600170289492136,1.3627786772556322e-08
12984,ceili,82339,0.6748472403085245,2.338454157770385e-09
1477,celeb,4548138,0.9630121206050285,1.7183899784308703e-08
9125,cella,152229,0.7714865270960634,1.1570486763573105e-07
14847,celli,66365,0.6281929279775619,2.3259334211006992e-08
2086,cello,2358848,0.9477611940298507,9.885985457458446e-07
319,cells,44128080,0.9920114194130021,2.8363597853192218e-05
5041,celts,434287,0.8737603926675348,8.775477535664187e-08
22445,cense,33401,0.43791946308724833,1.548332366694784e-07
12579,cento,86902,0.6849894821196033,1.4655835176569098e-07
880,cents,10301064,0.9779625363117299,2.5791733765013503e-05
23276,centu,31561,0.41710908544525693,5.395890807160861e-08
3417,ceres,904726,0.9144295302013423,1.3726757351596196e-07
27736,cerge,24119,0.3054192126615246,1.0561966153440112e-10
22386,ceria,33549,0.4393969748572573,1.686457107916364e-08
23843,cerne,30479,0.4029099469097466,1.218044622903075e-07
13067,ceroc,81480,0.6727687068015626,4.174887632050078e-10
4259,certs,596230,0.8933436842632475,5.285598408015619e-08
30868,cesse,19821,0.2269858759891816,6.977664492868742e-08
9324,cesta,146961,0.7665030551938296,6.562852373087197e-09
37687,cesti,13726,0.05622057497746168,2.483207797133906e-09
12388,cetyl,88927,0.6897726134428529,2.2864650267199707e-08
11635,chace,99271,0.7086296704397476,1.690169210428066e-06
30761,chack,19946,0.22966543123309627,5.196919870297501e-09
4822,chaco,467915,0.8792447160172293,1.3508526704175682e-08
23528,chado,31119,0.41079835720725233,1.0983947525027123e-09
13163,chads,80636,0.6703646198537514,9.42165628909129e-09
10494,chafe,118832,0.7372032455173796,1.53656484513931e-07
6269,chaff,294863,0.8430081137934489,6.960379653264682e-07
378,chain,35928367,0.9905339076429931,3.7333280270104295e-05
333,chair,40764005,0.9916608233997797,3.233743316741311e-05
32284,chais,18222,0.19152559350896525,6.852357023628109e-09
2029,chalk,2498505,0.9491886206551137,2.727052547015773e-06
1886,champ,2867858,0.9527697085044575,3.423883336495237e-07
35407,chams,15375,0.11331763998797957,1.0969923147427721e-08
8475,chana,172039,0.7877641991385355,6.336188251427216e-09
1556,chang,4168927,0.9610337573875588,4.013714322134923e-07
36478,chank,14570,0.08649704497645998,1.8838747349912377e-08
2776,chant,1374428,0.9304818190924572,1.872296900273796e-06
1002,chaos,8690268,0.9749073424822198,7.7026133385516e-06
3652,chaps,789805,0.9085445256936793,6.41313770003512e-07
11946,chapt,94699,0.700841430431734,1.4785186091403036e-06
8866,chara,159940,0.7779725533406792,4.253440960470064e-07
4880,chard,459373,0.8777922468195933,2.3337871539297338e-07
30645,chare,20082,0.23257036962836822,8.57053050358385e-08
865,charm,10554644,0.9783381748973254,6.160440570965875e-06
17590,charr,50499,0.5595011519583292,5.2838332535827444e-08
2551,chars,1627316,0.9361163978763899,6.782112880188152e-08
387,chart,35027490,0.9903085244916358,1.7677305022516522e-05
21171,chary,36745,0.46982370029049386,2.9136461077332417e-07
850,chase,10971945,0.978713813482921,4.336895508458838e-06
4591,chasm,517410,0.8850295502354002,9.525552036393492e-07
1958,chats,2666432,0.9509666432935991,1.5514717700986908e-07
12220,chave,91118,0.6939797656015226,1.3298096159071352e-08
7540,chavs,212867,0.8111790043073225,5.419009296580697e-10
12831,chaya,83961,0.6786787538815987,5.207531088825289e-09
20897,chays,37524,0.4766853651207052,6.833990238291898e-10
163,cheap,97049762,0.9959180607031954,1.076110211215564e-05
904,cheat,9903572,0.9773615145747772,1.680707046034513e-06
38,check,244491090,0.9990483822498247,5.230667258729227e-05
1953,cheek,2681029,0.9510918561554643,9.524136244181136e-06
5181,cheep,411919,0.87025443253531,1.8047099124093216e-08
1665,cheer,3648929,0.9583041169988982,2.7162668311575543e-06
2164,chefs,2252629,0.945807873384754,3.692129847529749e-07
22830,cheka,32509,0.42827807272363017,7.265753462824071e-10
11138,chela,106929,0.7210758289091456,5.3880192322732263e-08
4501,chemo,536433,0.8872833817489733,6.34771041308149e-08
20420,chems,39037,0.4886306721426425,4.378081253860872e-09
13834,chere,74424,0.6535610537914455,1.237232286877853e-06
10011,chert,129249,0.7492988079735551,6.410299604225473e-07
1027,chess,8293823,0.9742812781728939,2.6229501622765384e-06
744,chest,13516414,0.9813683261544626,2.730097414314514e-05
1274,chevy,5729809,0.9680957627967545,3.3821316230014513e-09
3724,chews,765973,0.9067414604828208,8.822754438825727e-08
5178,chewy,412145,0.8703295602524291,2.0079870560340465e-08
8490,chiao,171626,0.78738856055294,2.1536641631181296e-08
3912,chica,698851,0.9020334568766903,2.0855767109887543e-08
28326,chich,23184,0.29064409496143445,1.7124225943653516e-08
1072,chick,7771502,0.9731543624161074,2.659702558958088e-06
2190,chico,2212526,0.9451567665030552,1.1444280616330797e-08
10004,chics,129430,0.7494741059801663,4.1763388326680854e-08
14846,chide,66368,0.6282179705499349,1.8139991439625197e-07
305,chief,45699591,0.9923620154262246,4.582996058161371e-05
21118,chiel,36895,0.47115095662626466,6.090735931675904e-08
12346,chiks,89439,0.6908244014825203,4.340990973334487e-10
133,child,119747393,0.9966693378743865,0.0001733487061574
699,chile,14372798,0.9824952419112492,1.2046781561192432e-07
1473,chili,4553187,0.9631122908945207,1.136819756766272e-06
1489,chill,4489643,0.9627116097365521,4.0348717902816135e-06
3066,chime,1115076,0.9232194731042773,4.621457895837011e-07
17849,chimo,49195,0.5530151257137134,1.7468982895379587e-09
3286,chimp,978917,0.9177101071822098,2.2637448449583588e-08
125,china,124472054,0.9968696784533707,2.430346889923385e-06
5452,chine,374606,0.8634678954222178,5.622800134283614e-07
2569,ching,1605671,0.9356656315736752,9.81475860789133e-07
9910,chink,131531,0.7518281077832315,4.416351258303035e-07
3249,chino,1007675,0.9186366823600121,8.787624954739086e-09
7674,chins,206390,0.8078232996093359,2.532117779998963e-07
718,chips,13982676,0.9820194330361615,1.7414112007166146e-06
20832,chirk,37688,0.47831313232495243,5.159389307291839e-09
10284,chiro,123068,0.7424621857157168,4.695673470141907e-09
7027,chirp,240510,0.8240258439346889,4.154997097316482e-07
25254,chiru,27919,0.3675748772913954,1.7622458252802415e-09
23910,chits,30328,0.40123209456075326,1.0186983127303561e-07
10846,chive,112120,0.7283882600420715,1.584566196652584e-08
4631,chock,508651,0.8840278473404788,2.5067194911798654e-07
7146,choco,233557,0.8210457778222979,6.899274905867682e-09
14382,chocs,69794,0.6398377241310227,2.6832004835945883e-09
28233,chode,23345,0.2929730541921266,7.84123706270055e-09
1365,choir,5156247,0.9658168887108084,3.225895011382818e-06
2711,choke,1448146,0.9321095862967044,1.7005665245051205e-06
38423,choky,13245,0.03778924171090854,4.859030518649793e-09
15610,chola,61034,0.6090854452569368,4.467182603636791e-09
15191,choli,64006,0.6195782830812381,4.605565169246279e-09
19747,cholo,41445,0.5054843233496945,6.632840689564976e-09
6668,chomp,263066,0.8330161274166082,5.9892269835244385e-09
16581,chook,55330,0.5847691074827206,4.248992905650293e-09
10717,choon,114436,0.7316187518781929,3.146892850816596e-09
2846,chops,1312600,0.9287288390263447,5.958673957601618e-07
1810,chord,3123447,0.9546729440048082,3.493504600555753e-06
4381,chore,565322,0.8902884904337374,9.27043984120246e-07
948,chose,9409845,0.9762596413903636,1.850572229159297e-05
23170,chota,31788,0.41976359811679853,4.6146102337300085e-09
20063,choux,40291,0.4975708704798157,9.921988465021714e-09
8663,chowk,166142,0.7830561955324051,2.0493005952049383e-09
16803,chows,54217,0.579209656415907,8.395872936414109e-09
8499,chubs,171399,0.7871631774015827,2.033450645921864e-08
932,chuck,9574825,0.9766603225483321,7.673918719319772e-07
37508,chuff,13831,0.0607031954322348,2.6647270184865242e-08
23113,chugs,31923,0.4211910247420615,4.698794652140659e-09
6572,chump,270215,0.8354202143644195,8.978836625317399e-08
7334,chums,223080,0.8163377742161675,8.00774093888935e-08
2077,chunk,2371231,0.947986577181208,1.6050482804530475e-06
30177,churl,20686,0.2442902934989482,3.431129360324056e-07
3929,churn,694218,0.9016077331463488,5.491233508791993e-07
24968,chuse,28372,0.37473705299008314,9.648275036716188e-06
3566,chute,834005,0.9106981869177602,1.0138352001831664e-06
24595,cided,29066,0.38407793248522487,1.0358383441245477e-07
2463,cider,1743446,0.9383201442452168,1.142808512213378e-06
14968,cides,65521,0.6251627767204248,3.09069373871651e-08
1594,cigar,3993843,0.9600821396373835,2.6051423014905594e-06
8943,cilia,157701,0.7760442752679555,5.909133293244487e-07
27061,cimex,25209,0.32232294901332265,8.288332406514164e-09
5078,cinch,427247,0.8728338174897325,2.154687348365769e-07
23091,cines,31971,0.4217419613342683,9.243134381476692e-08
36632,cions,14448,0.08264048883101272,1.152615707519148e-07
1714,circa,3475462,0.9570770309526194,2.230341160611715e-06
19055,circs,43924,0.5228137834318342,1.5491412819628866e-08
20481,cires,38841,0.4871030752278874,1.0312982879618009e-08
457,cisco,27894293,0.9885555444255234,5.988129633944113e-08
13883,cissy,73968,0.6523339677451668,1.4603396652191642e-09
33109,cists,17452,0.17086547130121207,4.6872935596370826e-08
835,cited,11195944,0.9790894520685165,2.561698348874695e-05
19586,citer,42011,0.5095161775017529,7.290401616331611e-08
1798,cites,3151464,0.9549734548732846,3.860666043701363e-06
14967,civet,65522,0.6251878192927978,2.346418711295629e-07
882,civic,10283668,0.9779124511669839,7.81849745180807e-06
288,civil,49495349,0.9927877391565662,6.206527839822229e-05
34562,clach,16123,0.13447861364319344,3.5538837782612e-09
6923,clack,246726,0.8266302714614845,1.8348985946659014e-07
6727,clade,259453,0.8315386156465993,7.015345942538679e-08
7492,claes,215104,0.8123810477812281,1.8525236588330127e-08
339,claim,40085342,0.9915105679655414,9.0863999503199e-05
1668,clamp,3639509,0.958228989281779,2.4783513731563288e-06
3752,clams,758323,0.9060402684563759,4.311382260638106e-07
8069,clang,187651,0.7979314835219874,3.4673964222520226e-07
6632,clank,265523,0.8339176600220375,1.6035106426670608e-07
2595,clans,1570521,0.9350145246919763,1.025592712779509e-06
9162,claps,151414,0.7705599519182611,5.061374154253101e-07
6948,claro,244919,0.8260042071521587,7.930997672959215e-08
6300,clary,292452,0.8422317940498848,2.5045144136370825e-08
1701,clash,3531117,0.9574025843934689,3.242752495680179e-06
2804,clasp,1354393,0.9297806270660122,9.760278658177413e-07
70,class,191087771,0.9982470199338876,0.0001598747150273
13659,clast,75845,0.6579435039567264,3.2522670468681223e-08
6426,clave,279866,0.8390764299308825,2.5874028932043176e-07
2894,claws,1260902,0.9275267955524391,1.9684350546684144e-06
4567,clays,522200,0.885630571972353,1.762244235528407e-06
310,clean,45381752,0.9922368025643594,3.432392208196688e-05
175,clear,88447610,0.9956175498347191,0.0001499884334043
5478,cleat,371970,0.8628167885405189,1.84162472294247e-07
25294,cleek,27852,0.366573174396474,1.0229069379351045e-08
10893,clefs,111325,0.727211259140539,5.3542023889305504e-08
3658,cleft,787981,0.9083942702594411,2.3930910538183525e-06
800,clerk,11923960,0.9799659421015727,1.4492317859549075e-05
6667,cleve,263089,0.8330411699889813,7.118200771658248e-08
14164,clews,71501,0.6452970049083442,2.140584688840981e-08
8,click,536746424,0.9997996594210157,1.5650132290829788e-05
1253,cliff,5898886,0.9686216568165882,4.156288196099922e-06
6522,clift,273901,0.8366723429830712,9.664243438417969e-08
1279,climb,5697476,0.9679705499348893,8.630109323348734e-06
15261,clime,63515,0.6178253030151257,1.747566441901737e-06
3155,cline,1061564,0.9209906841630773,1.6592710088649308e-07
3334,cling,946281,0.9165080637083041,2.030736252436327e-06
8731,clink,164177,0.7813533006110388,2.7392649158741734e-07
2033,clint,2481872,0.9490884503656215,4.330608269343053e-09
24633,clipe,28987,0.3831263147350496,2.8112423047774706e-08
408,clips,32846497,0.989782630471802,6.161138239283522e-07
3204,clits,1037485,0.9197635981167985,8.413037975809311e-10
2708,cloak,1450056,0.9321847140138235,3.5422451469457883e-06
467,clock,26624872,0.988305118701793,1.4587013702112015e-05
18302,clods,47107,0.5416708404287288,4.68137544203e-07
3400,clogs,910686,0.9148552539316839,3.584976923320937e-07
21114,cloke,36907,0.47125112691575677,1.598113929790479e-06
955,clone,9284578,0.9760843433837524,2.29617591458009e-06
21970,cloop,34608,0.44981468496443955,6.157896847484322e-10
145,close,107853068,0.99636882700591,0.0001303426572121
913,cloth,9764137,0.9771361314234198,1.4905371572240255e-05
4818,clots,468861,0.8793448863067215,3.7620357672151473e-07
823,cloud,11337220,0.9793899629369929,1.5188011675490996e-05
4105,clout,639706,0.8972002404086947,1.0743897138354442e-06
3911,clove,698870,0.9020584994490634,8.298795944483573e-07
1822,clown,3081501,0.9543724331363318,1.3856562998171286e-06
12550,cloze,87246,0.6857157167184214,5.678077292290504e-08
389,clubs,34881779,0.9902584393468897,4.907081715038304e-06
9802,cluck,134048,0.7545327055995192,9.35717641681322e-08
10156,clued,125391,0.7456676349794651,7.31754245109073e-08
1850,clues,2988321,0.9536712411098868,2.2025822077400046e-06
5735,clump,345355,0.8563808474406491,1.0401217605249258e-06
5545,clung,365864,0.8611389361915256,2.8246303509149584e-06
14753,clunk,67116,0.6305469297806271,1.40295363383827e-08
494,coach,24514961,0.9876289692477211,9.021861205837925e-06
11299,coady,104312,0.717043974757087,6.166294743111086e-11
4716,coals,490751,0.8818992286887709,4.923008237566452e-06
298,coast,47716394,0.9925373134328358,2.8074959554942325e-05
17335,coate,51688,0.5658870079134529,2.034768788442639e-06
30299,coati,20528,0.24123509966943804,2.5825240549051453e-08
1568,coats,4107452,0.9607332465190824,4.558969609483108e-06
9499,cobbs,142352,0.7621206050285485,2.3171252380502428e-09
36650,cobby,14436,0.0821897225282981,7.154982113455333e-09
14002,cobia,73031,0.6493539016327757,2.064535420842617e-08
8076,coble,187245,0.7977561855153762,2.1965409384705483e-08
1500,cobra,4412823,0.9624361414404488,4.124343422517995e-07
17472,cocci,50999,0.5624561754983471,2.386427402711889e-07
14617,cocco,68176,0.6339527196233598,5.073738575944731e-09
671,cocks,15043799,0.9831964339376941,6.662253571221299e-07
5605,cocky,358614,0.8596363818491436,4.938169067258968e-07
1694,cocoa,3557169,0.9575778824000801,3.030390475942113e-06
2088,cocos,2354000,0.9477111088851047,1.702784906854049e-08
34796,codas,15903,0.12861865170790343,6.468748850352314e-08
1831,codec,3048388,0.9541470499849745,2.2806855161761065e-07
1519,coded,4330278,0.9619603325653611,5.971193522782414e-06
4348,coden,571963,0.8911148953220475,4.656191615326488e-09
3025,coder,1152037,0.9242462185715716,4.283163576701554e-07
391,codes,34503537,0.9902083542021436,1.7755628559825708e-05
2935,codex,1224930,0.9265000500851448,4.46242119096496e-07
3739,codon,762548,0.9063658218972253,8.765380567865577e-07
3991,coeds,673554,0.9000550936592207,5.567865237310344e-08
4224,coffs,605245,0.8942201742963037,5.501878234948074e-10
1165,cohen,6665722,0.9708254031854152,3.7916312471963926e-08
2657,coils,1503707,0.9334618852048483,3.363104351592483e-06
635,coins,16449733,0.9840979665431233,8.209647030525956e-06
29436,coked,21657,0.26284683962736655,3.6791511313083444e-08
11758,cokes,97382,0.7055494340378644,9.588665200510605e-08
9394,colas,145079,0.7647500751277171,6.336796808170676e-08
2767,colby,1386754,0.9307072022438145,1.3257754796214272e-08
2995,colds,1175947,0.9249974957427627,6.957218295156053e-07
3207,coles,1034873,0.9196884703996795,1.7556338480773092e-08
7143,coley,233644,0.821120905539417,3.5882789872765382e-09
4783,colic,475478,0.8802213763397776,6.547438692905417e-07
992,colin,8807299,0.9751577682059501,2.633955316966308e-08
27977,colls,23740,0.29938395271962337,8.424995025402283e-08
18368,colly,46813,0.5400180306521086,4.993111986095755e-09
1310,colon,5494297,0.9671942301913252,4.991750579392828e-06
139,color,112965658,0.9965190824401483,5.881463082914706e-05
2245,colts,2092808,0.9437794250225383,1.7952180371594296e-07
37181,colza,14059,0.06889211659821697,9.171859170820085e-08
8968,comal,156852,0.7754182109586296,1.7298646177721367e-08
11314,comas,104043,0.7166683361714915,5.383739029696245e-08
6404,combe,282561,0.8396273665230892,3.542690375724078e-08
2697,combi,1465296,0.9324601823099269,9.655974125166725e-08
863,combo,10592758,0.9783882600420715,4.991072603388602e-07
2652,combs,1515329,0.9335870980667134,6.889385679187399e-07
4313,comer,581184,0.8919913853551037,1.0950361922823505e-06
229,comes,64256803,0.9942652509265751,7.72721333487425e-05
1814,comet,3116034,0.954572773715316,1.5297719392037831e-06
2917,comfy,1245404,0.9269508163878594,2.838615150579927e-07
626,comic,16695850,0.9843233496944807,6.592196987185162e-06
2791,comix,1362567,0.9301061805068617,2.2897592710791066e-08
1942,comma,2711522,0.9513673244515677,1.8220646279587528e-06
16270,commo,57104,0.5925573474907343,5.054916769609008e-08
3296,comms,972423,0.9174596814584794,1.346583016470504e-07
4441,compo,550501,0.8887859360913553,1.9731024039515432e-07
3487,comps,873979,0.9126765501352299,1.986868464598501e-07
22299,compt,33774,0.44157567865371133,2.015531113563896e-08
5173,comte,412474,0.8704547731142943,2.106148613734149e-07
16613,comus,55186,0.5839677451667835,2.4184628877321758e-09
5420,conch,379190,0.8642692577381549,4.920520541418227e-07
1188,condo,6444848,0.9702494240208355,7.702980370893898e-07
19760,coned,41397,0.505158769908845,5.521715735312682e-08
2624,cones,1538688,0.9342882900931584,2.829933127941331e-06
4366,coney,568494,0.8906641290193329,3.0871787437547483e-08
14349,confs,70045,0.6406641290193329,1.2379307782750536e-08
6077,conga,312319,0.8478162876890715,8.205979209918726e-08
952,congo,9310976,0.9761594711008715,4.087174829692232e-08
15497,conia,61871,0.6119152559350897,3.495641424100526e-09
7453,conic,216832,0.8133577081037764,4.680836042325609e-07
17621,conne,50322,0.5587248322147651,4.1877597833916986e-08
20159,conns,39954,0.4951667835320044,9.568049861297112e-09
4165,conte,620643,0.8956976860663127,1.1981909139535674e-07
5717,conto,347030,0.8568316137433637,4.877435436867472e-08
5246,conus,401144,0.8686266653310628,1.2208535153490628e-07
10489,convo,118920,0.7373284583792448,1.1017094965204422e-08
17669,cooch,50051,0.5575227887408595,6.728384609466787e-09
15436,cooed,62292,0.6134428528498448,2.69068010538831e-07
26678,cooee,25881,0.3319142542321947,4.7593873220286295e-09
2037,cooks,2470395,0.9489882800761295,1.8171391639043576e-06
22711,cooky,32767,0.4312581388360212,1.695128504231036e-08
4042,cools,659994,0.8987779224681959,7.676766142594716e-07
15689,cooly,60526,0.6071070820394671,4.459122951772087e-08
9293,coons,147809,0.7672793749373936,5.66387989664463e-08
9405,coops,144776,0.7644746068316137,1.8024294007545904e-07
10807,coots,112876,0.7293649203646199,9.221822104166222e-08
12664,copal,85911,0.6828608634678954,7.705143104885794e-08
6844,copay,251088,0.8286086346789542,3.0426217803025685e-08
8477,coped,171985,0.7877141139937894,4.813180385099259e-07
16477,copen,55931,0.5873735350095162,1.4737152309596271e-09
28931,coper,22335,0.27549333867574877,1.583712556652017e-08
8139,copes,184788,0.796178503455875,2.02262576181056e-07
11854,copra,95887,0.703145347090053,4.951068254399615e-07
12260,copse,90567,0.6929780627066012,2.488339585227096e-07
19829,coqui,41162,0.5034308324151057,1.3165601040476816e-08
989,coral,8818272,0.9752328959230692,4.152552546656807e-06
6834,coram,251898,0.8288590604026845,2.279308684194348e-07
4061,corby,653551,0.8983021135931083,1.2049191844276663e-09
2073,cords,2380982,0.9480867474707002,2.54378922363685e-06
7435,cored,217931,0.8138084744064911,6.920241480656842e-07
11841,corer,96129,0.7034709005309026,1.121108464730014e-07
2296,cores,1983675,0.9425022538315135,4.803767437806528e-06
1999,corey,2588392,0.9499398978263047,2.603296039849212e-09
3151,corgi,1063639,0.9210908544525693,2.122090999812088e-08
12712,coria,85418,0.6816588199939898,2.742261442367777e-09
7668,corks,206732,0.807973555043574,2.0798125234477997e-07
6004,corky,318993,0.8496443954723029,8.647310728804316e-08
17999,corms,48528,0.5492587398577582,1.490036338225309e-07
14720,corno,67386,0.6313733346689372,1.138330681271782e-08
8203,corns,182185,0.7945757788240008,1.8254445166121522e-07
18689,cornu,45380,0.5319793649203646,6.56085861550082e-08
5424,corny,378659,0.8641690874486627,2.5229880805e-07
791,corps,12150135,0.98019132525293,6.085506329327472e-06
5255,corse,400005,0.8684012821797055,5.980707292962963e-08
3270,corso,993128,0.9181107883401783,4.715238350883056e-08
21944,coses,34704,0.45046579184613844,5.1106854299654e-08
12534,coset,87359,0.6861163978763899,1.467892371920243e-07
26313,cosey,26452,0.3410547931483522,9.010009049958968e-09
500,costa,23702154,0.987478713813483,3.524102766050419e-07
10362,coste,121681,0.7405088650706201,2.0313621185152896e-08
151,costs,101090970,0.9962185715716718,0.0001542032200086
7697,cotes,205184,0.8072473204447561,3.646452871208794e-08
4627,cotta,509908,0.884128017629971,4.632625643807842e-07
23410,cotts,31330,0.41375338074727036,3.479448436038978e-09
1468,couch,4581367,0.9632375037563858,5.922798759456783e-06
25751,coude,27331,0.35512871882199737,4.149558858301816e-08
1717,cough,3451640,0.9570019032355004,4.075417600688525e-06
25,could,302311431,0.9993739356906741,0.000813898287015
338,count,40345803,0.9915356105379145,3.024218913196819e-05
1414,coupe,4874541,0.9645898026645296,3.9372074127186353e-07
7129,coups,234254,0.8214715015526395,6.090286240123532e-07
3045,cours,1138194,0.923745367124111,3.045826619541004e-07
117,court,127719981,0.997070019032355,0.0002112215707893
20187,coved,39880,0.49446559150555947,3.3128804695081724e-08
6256,coven,295821,0.8433336672342983,2.506027119864029e-07
166,cover,94501729,0.9958429329860763,7.360607167356648e-05
6645,coves,264469,0.833592106581188,2.915304003181518e-07
7395,covet,219812,0.8148101773014124,3.625607030244282e-07
3845,covey,720367,0.9037113092256837,9.59576701120568e-08
19750,cowal,41438,0.5054091956325754,2.485660365036946e-10
2698,cowan,1463253,0.9324351397375539,5.563182243761844e-09
12330,cowed,89560,0.6912250826404889,3.278226219549651e-07
11924,cower,95006,0.7013923670239407,1.694689868259047e-07
20161,cowls,39950,0.49511669838725836,4.82641620180857e-08
28194,cowry,23397,0.29394971451467494,3.3846663356484894e-08
22953,coxed,32256,0.42519783632174696,6.151468174842023e-09
21935,coxes,34726,0.4506911749974957,1.802596510946941e-09
35376,coyer,15399,0.11409395973154363,8.391529013884735e-09
17218,coyly,52174,0.5688169888810979,2.1507907973727925e-07
21682,cozen,35392,0.4570269458078734,2.667097211528357e-08
39157,cozey,12838,0.01940799358910147,1.7725560859382928e-10
3169,crabs,1055615,0.9206400881498548,1.790240833088319e-06
629,crack,16633701,0.9842482219773615,1.537032876512967e-05
632,craft,16528294,0.9841730942602425,1.1694407221511938e-05
8522,crags,170586,0.786587198237003,3.18991847336747e-07
13439,craic,77993,0.6634528698787939,1.5518525001423365e-08
746,craig,13480763,0.9813182410097165,3.045666113976608e-08
11102,crake,107613,0.7219773615145748,1.3032357681908023e-08
5237,cramp,402123,0.8688520484824201,4.237074938373553e-07
22812,crams,32544,0.4287288390263448,2.7063768044399696e-08
1411,crane,4888961,0.9646649303816488,2.855629561508977e-06
2202,crank,2185208,0.9448562556345788,1.2955796159985769e-06
11377,crans,103198,0.7150906541119904,6.171333599702677e-09
13643,crape,76001,0.658344185114695,9.306731961089554e-08
1245,craps,5943974,0.9688219973955725,1.4536055431335626e-07
35362,crapy,15414,0.1144445557447661,7.499284737644272e-10
665,crash,15302627,0.9833466893719323,7.845389354770305e-06
5200,crass,408565,0.8697786236602224,4.054155874655408e-07
2097,crate,2336818,0.9474857257337473,1.115272023071157e-06
2972,crave,1199466,0.9255734749073424,8.146350836568672e-07
1889,crawl,2859784,0.9526945807873385,2.551537045292207e-06
28523,crays,22904,0.28571070820394673,3.273217402677275e-09
3310,craze,962477,0.9171090854452569,6.881768501898477e-07
506,crazy,23032837,0.9873284583792448,1.069374804956169e-05
10222,creak,124122,0.7440148252028448,5.169497381984911e-07
475,cream,25898758,0.9881047781228087,1.4754602052562404e-05
4956,credo,446499,0.8758890113192427,4.901007639546151e-07
18882,creds,44604,0.5271461484523691,1.3944874742710668e-08
1731,creed,3398609,0.9566513072222779,2.5932806238415653e-06
356,creek,38159464,0.9910848442351998,3.92852401091659e-06
7230,creel,228934,0.8189422017429631,1.7771630382412697e-07
2418,creep,1811981,0.9394470600020034,5.800839735456975e-06
13264,crees,79672,0.667835320044075,1.4173042366394384e-08
2478,creme,1724183,0.9379445056596214,2.3002359107238134e-07
3707,crepe,768351,0.9071671842131623,4.155905457992049e-07
4286,crept,588735,0.8926675348091756,3.148357641293842e-06
6435,cress,279364,0.8388510467795252,1.5536386797521117e-07
1315,crest,5477034,0.96706901732946,4.743618474094546e-06
3522,crewe,856635,0.9118000601021737,2.9420125291501622e-09
1851,crews,2986282,0.9536461985375138,4.458461485228327e-06
2730,cribs,1423971,0.9316337774216168,2.77286089556128e-07
5572,crick,362258,0.8604627867374537,7.468983653780016e-08
1517,cried,4352198,0.9620104177101072,1.6888768423086732e-05
5453,crier,374599,0.8634428528498448,1.572576164221573e-07
2375,cries,1878107,0.9405238906140438,5.29548268787039e-06
337,crime,40361756,0.9915606531102875,4.4969280279474335e-05
4100,crimp,640746,0.8973254532705599,2.964688121664949e-07
18867,crims,44647,0.5275217870379645,9.404613829921971e-09
24039,cripe,30106,0.39800160272463186,3.091500169194461e-09
7567,crips,211540,0.8105028548532506,5.906688778090085e-09
14253,crise,70718,0.6430682159671441,1.0167392133553224e-07
1621,crisp,3880385,0.9594059901833116,3.1905580226521124e-06
13380,crits,78587,0.6649303816488029,1.1780130364513752e-08
8561,croak,169181,0.7856105379144546,2.5759106080158746e-07
31053,croci,19604,0.22235300010017028,2.711693902757162e-09
3384,crock,918524,0.9152559350896524,2.369964960280413e-07
6692,crocs,260943,0.8324151056796554,3.7750520665014174e-08
2694,croft,1468213,0.9325353100270459,1.630049287371094e-07
14478,crome,69081,0.6374336371832114,2.821073522563111e-09
7212,crone,229759,0.8193929680456776,1.925615869424747e-07
12442,cronk,88397,0.688420314534709,1.638593648545239e-09
9656,crony,137861,0.7581889211659821,1.650562508359599e-07
3141,crook,1067661,0.9213412801762997,9.61658811320376e-07
14921,croon,65773,0.6263397776219574,6.678867876530603e-08
1063,crops,7931319,0.9733797455674646,2.528996854380239e-05
2986,crore,1182812,0.92522287889412,2.140934365115754e-06
208,cross,74230978,0.9947911449464089,7.955207285704092e-05
9235,croup,149483,0.7687318441350296,2.2556433521003785e-07
37068,crout,14132,0.07172192727636983,1.6710936540098587e-09
822,crowd,11409218,0.9794150055093659,2.005388112593209e-05
627,crown,16651038,0.9842983071221075,1.1656676433631218e-05
2865,crows,1294733,0.9282530301512572,9.251077881344828e-07
37240,croze,14014,0.06741460482820795,4.3035137176072885e-09
1371,crude,5119129,0.9656666332765702,1.647302325181954e-05
24011,crudo,30151,0.39870279475107684,1.3307812078977576e-08
1554,cruel,4180956,0.9610838425323049,7.763698458802537e-06
11909,cruet,95123,0.7017680056095362,3.374060216998487e-08
10548,cruft,118000,0.7358509466092357,2.382512188647823e-09
3993,crumb,673404,0.9000050085144746,4.901965428416588e-07
5907,crump,328553,0.8520735249924872,2.370160146369926e-08
6176,crunk,303067,0.8453370730241411,5.192441230039702e-09
7323,cruse,223824,0.8166132425122709,2.9488372206287752e-08
1686,crush,3576348,0.9577782229790645,3.435323383200739e-06
2152,crust,2267452,0.9461083842532305,5.7562983238312885e-06
8928,cryer,158006,0.776419913853551,4.8635793659101975e-09
2353,crypt,1904607,0.9410748272062506,8.203922629945737e-07
7389,cubby,220112,0.8149604327356506,8.396892191342432e-08
5079,cubed,426932,0.8728087749173595,3.177620610017584e-07
30654,cuber,20073,0.2323449864770109,6.482874396196436e-09
2368,cubes,1887321,0.9406991886206552,2.173553241391346e-06
1270,cubic,5774261,0.9681959330862466,1.002361525024753e-05
9824,cubit,133644,0.7539817690073124,2.167056952373514e-07
7428,cuddy,218200,0.8139837724131023,2.790186547585449e-08
2750,cuffs,1408615,0.9311329259741561,9.988687315853894e-07
27390,cuing,24687,0.31408394270259443,9.44955151993554e-08
28171,cuits,23438,0.29452569367925474,2.090391063802599e-08
32593,culet,17895,0.1837874386456977,6.3884180279139e-09
11582,culex,100163,0.7099569267755184,7.850593495284385e-09
15612,culls,61020,0.6090353601121907,9.546449867059436e-08
10382,cully,121207,0.7400080136231594,8.584078003970319e-09
19707,culms,41591,0.5064860262446158,1.983575634056933e-07
6449,culpa,278558,0.8385004507663028,1.82153402761287e-07
25527,culti,27564,0.36073825503355705,4.590560635620023e-08
3642,cults,791725,0.9087949514174096,1.4750521791029314e-06
18280,culty,47215,0.5422217770209355,1.2968847979522024e-07
4194,cumin,612220,0.8949714514674948,6.355125258039607e-07
20815,cundy,37743,0.478738856055294,3.72422109748416e-10
2854,cunts,1308527,0.9285284984473605,7.371224679530996e-08
3154,cupid,1061697,0.9210157267354503,7.752583861986298e-08
9006,cuppa,155780,0.7744665932084543,7.699274926054046e-08
4766,curbs,478423,0.8806471000701191,5.691195616464029e-07
11780,curds,97052,0.7049984974456576,2.2090640015903774e-07
2315,cured,1955657,0.942026444956426,5.289664459269261e-06
2680,cures,1489176,0.9328859060402684,1.5697722710683593e-06
30752,curfs,19951,0.22989081438445358,9.494785804808892e-11
7733,curia,203518,0.8063457878393269,2.159113455491024e-07
4142,curie,628416,0.8962736652308925,1.2461853060585781e-07
4641,curio,506765,0.8837774216167484,1.3858681455758414e-07
3855,curls,717837,0.9034608835019533,2.123395628359504e-06
2177,curly,2231026,0.9454823199439046,1.6366067495710014e-06
1584,curry,4029540,0.9603325653611139,1.1468677575976472e-06
1595,curse,3982181,0.9600570970650105,5.123231862853572e-06
38235,curst,13364,0.04249724531703897,4.1215135837546776e-08
843,curve,11071177,0.9788891114895322,3.668725497846026e-05
5587,curvy,360365,0.8600871481518582,1.940508511921735e-07
9307,cushy,147465,0.7669287789241711,1.1702552157544233e-07
12577,cusps,86926,0.6850395672643494,5.319406920989422e-07
28765,cusum,22557,0.2796504056896724,2.3302936380531494e-08
9111,cuter,152750,0.7718371231092858,5.3771345527309224e-08
15603,cutey,61070,0.6092607432635481,2.296646675059577e-09
1753,cutie,3305791,0.9561003706300711,7.47395973199616e-08
17147,cutis,52575,0.5705950115195833,1.1434920182296085e-07
9810,cutty,133995,0.7543323650205349,9.439932249222238e-09
8838,cuvee,160890,0.7786737453671241,1.0244608982246106e-08
11659,cyano,98740,0.7080286487027948,2.4020296322646574e-07
954,cyber,9289150,0.9761093859561254,1.1861760014308942e-06
15634,cycad,60893,0.608484423519984,5.1601698807246523e-08
22204,cycas,33996,0.44395472302914957,3.2766686253182797e-09
446,cycle,29585286,0.9888310127216268,4.780240582476836e-05
5908,cyclo,328470,0.8520484824201142,2.100454545939101e-07
4555,cynic,525906,0.8859310828408294,2.935442873308603e-07
3610,cysts,808464,0.9095963137333467,2.3481770358557697e-06
27573,cytes,24372,0.30950115195832917,4.2123294115015143e-08
13651,czars,75932,0.6581438445357107,7.12758975396355e-08
21405,dabba,36124,0.4639637383552038,5.694173857984097e-09
22388,dacha,33545,0.4393468897125113,1.3077527782456858e-07
964,daddy,9211193,0.975858960232395,2.148403495993989e-06
8211,dados,181878,0.7943754382450166,3.0682888976230064e-08
6589,daffy,268813,0.8349944906340779,2.8024101723644893e-08
17353,dagga,51615,0.5654362416107382,4.832144153255058e-08
36546,daiko,14522,0.08479415005509366,5.794961400185095e-09
149,daily,105837757,0.996268656716418,6.070532486774028e-05
32984,daine,17557,0.17399579284784134,1.4065152120767972e-09
995,dairy,8781961,0.975082640488831,9.862073866315769e-06
1370,daisy,5124326,0.9656916758489432,5.676031241819146e-07
3979,dales,678083,0.9003556045276971,1.265624877078153e-07
36895,dalis,14260,0.07605429229690473,2.380661202616707e-09
8290,dalle,178986,0.7923970750275469,7.168572388138729e-08
9472,dally,142954,0.7627967544826204,3.4335103634930417e-07
6217,daman,298839,0.8443103275568467,9.930109796663093e-09
15704,damar,60420,0.6067314434538715,2.0903368644908936e-08
5371,dames,384012,0.8654963437844335,2.236874362893105e-07
6649,damme,264150,0.8334919362916959,1.708218011486906e-08
26148,damns,26728,0.34518681758990283,5.5098133344699834e-08
28173,damps,23436,0.29447560853450866,7.816658197157268e-08
284,dance,51147967,0.9928879094460583,2.411263174508349e-05
11269,dancy,104815,0.7177952519282781,1.0932181062628388e-08
3087,dandy,1098188,0.9226935790844436,5.277033784523155e-07
9449,danio,143619,0.7633727336472003,5.655668036119721e-09
16529,danks,55601,0.5860713212461184,7.267839563507295e-10
1084,danny,7664864,0.9728538515476309,1.4171338076351962e-08
27236,dants,24917,0.31794049884804165,4.7857592093691896e-08
3125,darcy,1073638,0.9217419613342682,1.8388137243974258e-08
3342,dared,942679,0.9163077231293199,4.411746549521922e-06
4552,dares,526302,0.8860062105579485,7.962119912008348e-07
33522,daric,17063,0.16052288891114896,4.770453094771199e-09
14329,darks,70225,0.6411649804667936,6.637266494635696e-08
25310,darky,27826,0.3661724932385055,4.7302749557331936e-08
2130,darts,2290842,0.9466593208454372,8.034275975887794e-07
23203,dashi,31732,0.41893719322848844,3.881253730853018e-08
771,dated,12707511,0.9806921767003907,2.94499282972538e-05
12331,dater,89544,0.6912000400681158,1.7336208362195292e-08
348,dates,38442243,0.9912851848141842,2.246851814561524e-05
4373,datos,567059,0.8904888310127216,5.06599016247833e-08
31738,datto,18838,0.2051988380246419,1.347689539410446e-09
2181,datum,2226219,0.9453821496544125,1.7798839814986425e-06
31654,daube,18929,0.20730241410397676,1.1235792189978613e-08
16985,dault,53322,0.5746519082440148,4.164491728547713e-10
20477,daunt,38855,0.48720324551737954,7.689052509363137e-08
15496,daven,61873,0.6119402985074627,1.2080820712689898e-08
16277,davit,57082,0.592382049484123,6.984022299150183e-08
17909,dawah,48953,0.5515125713713313,4.8021199791636884e-09
7925,dawns,194371,0.8015376139437043,3.1095749136511586e-07
9948,dayan,130611,0.7508764900330562,8.501686292738952e-09
4656,dazed,503682,0.8834017830311529,1.1618319365425122e-06
24776,deads,28715,0.3795452268857057,1.3930070341672265e-08
169,deals,91189968,0.9957678052689573,1.7002391577989327e-05
1213,dealt,6174968,0.9696233597115096,1.8723068315011915e-05
2968,deans,1202452,0.9256736451968346,6.052962248759286e-07
17027,deare,53140,0.5736001202043474,7.600045037747807e-08
7444,dears,217282,0.8135830912551337,1.612122434835328e-07
10497,deary,118782,0.7371281178002604,3.209761011646606e-08
188,death,83216831,0.9952919963938696,0.0001465991490113
17182,debar,52384,0.5697185214865271,1.474128049494539e-07
5663,debby,352940,0.8581839126515075,1.7162358753597392e-09
20610,debes,38385,0.483872583391766,1.531484991268428e-08
1453,debit,4633794,0.9636131423419814,1.8780006826091264e-06
1531,debts,4259542,0.9616598216968847,1.0146739150513896e-05
931,debug,9581095,0.9766853651207053,5.575551922731847e-07
19860,debus,41084,0.5026545126715416,2.714150868499132e-09
1119,debut,7220643,0.9719773615145748,2.711580350478471e-06
11779,debye,97054,0.7050235400180307,1.6558739712735363e-08
4897,decaf,456390,0.8773665230892518,6.986162544464491e-08
2114,decal,2311933,0.9470600020034058,2.1321744895885785e-07
32080,decan,18435,0.1966342782730642,1.9276424314540463e-08
1397,decay,4956622,0.9650155263948713,1.4234398022381357e-05
1562,decks,4131188,0.9608835019533206,2.124061068116134e-06
793,decor,12098868,0.9801412401081839,1.4583934637357743e-06
4603,decoy,514956,0.8847290393669238,4.753600541107517e-07
7742,decry,203238,0.8061204046879695,2.711020178480794e-07
1670,deeds,3636121,0.958178904137033,7.635400361323264e-06
24334,deely,29517,0.3906140438745868,8.041417867699075e-10
2855,deems,1307732,0.9285034558749875,3.551572217475041e-06
12340,deeps,89493,0.6909746569167585,1.814047409709474e-07
2238,deere,2113985,0.9439547230291495,3.189123578550834e-08
12704,deers,85462,0.681859160572974,2.6482329502641733e-08
24855,deets,28583,0.377566863668236,4.171086402313118e-09
2960,defer,1207925,0.9258739857758189,2.960707777219796e-06
31462,deffo,19135,0.2121105879995993,8.803102250626303e-10
4913,degas,454377,0.8769658419312831,2.584388537840709e-08
29369,degus,21755,0.2645246919763598,1.0984623993737232e-08
30944,deify,19734,0.225082640488831,5.67137246321181e-08
11937,deign,94806,0.7010668135830913,2.184430053375764e-07
11237,deism,105376,0.7185966142442152,1.3137259102791177e-07
14308,deist,70349,0.6416908744866273,7.437167575119474e-08
2893,deity,1262430,0.9275518381248122,3.78741677650396e-06
39172,dekko,12832,0.01903235500350596,4.681895402480762e-09
524,delay,21911190,0.9868776920765301,3.21716746839229e-05
3587,delft,818200,0.9101722928979264,2.4475820907809976e-08
7232,delis,228848,0.8188921165982169,4.8001293695421056e-08
4400,dells,560024,0.8898126815586497,4.522825904018647e-08
31023,delly,19642,0.2231042772713613,1.0306017272920795e-09
6974,delos,243468,0.8253531002704598,1.6571494576567147e-08
18812,delph,44880,0.5288991285184814,4.1163277408884365e-09
456,delta,28051872,0.9885805869978964,4.999869534003665e-06
19986,delts,40571,0.4994991485525393,5.724539011708885e-09
4099,delve,640909,0.897350495842933,7.865716384003463e-07
14372,deman,69870,0.640088149854753,2.6678727387263734e-08
38896,demes,12972,0.02594410497846339,9.038158189866864e-08
9631,demic,138873,0.758814985475308,7.96367721278557e-08
1464,demon,4602331,0.963337674045878,3.826322943041305e-06
1391,demos,4984806,0.9651657818291095,3.9888397196818914e-07
18641,demur,45556,0.5331814083942703,2.0305997537661825e-07
16490,denar,55863,0.5870479815686668,1.2800971589399524e-08
7498,dench,215000,0.8122307923469899,4.282018703505308e-10
13499,denes,77499,0.6619503155364119,9.321263023664985e-09
1432,denim,4737554,0.9641390363618151,7.444919941690387e-07
1795,denis,3155542,0.9550485825904037,1.4617124355353894e-08
1353,dense,5225392,0.9661173995792848,1.240850147951278e-05
3120,dents,1075764,0.9218671741961334,7.007834756223019e-07
7626,deoxy,208737,0.8090253430832415,3.77565380915712e-07
923,depot,9688338,0.9768857056996895,2.644065771164605e-06
421,depth,31879926,0.9894570770309526,4.8133534073713234e-05
27186,deray,25003,0.31919262746669336,2.104157829641018e-09
1204,derby,6319608,0.9698487428628668,2.2703923406197645e-07
13630,dered,76120,0.6586697385555444,2.094457030210606e-07
17720,deres,49777,0.5562456175498347,8.255731200002003e-08
6453,derma,278422,0.8384002804768106,3.476893791543034e-08
2810,derry,1348652,0.929630371631774,1.4752775596704737e-08
20640,deshi,38311,0.483121306220575,1.4148806011249348e-08
26388,desis,26353,0.33917660022037466,8.487275970914254e-09
1751,desks,3315227,0.9561504557748172,2.0679203134932324e-06
34637,desse,16062,0.13260042071521586,1.2953891226352712e-08
2366,deter,1887521,0.9407492737654012,3.989590177297941e-06
2124,detox,2297343,0.9468095762796754,1.774037310520171e-07
3300,deuce,970434,0.9173595111689873,2.230151588378249e-07
11116,devas,107380,0.7216267655013523,1.4389430049277508e-07
455,devel,28152649,0.9886056295702694,7.996509327767854e-07
763,devil,12869511,0.980892517279375,8.257409926955006e-06
14787,devis,66835,0.6296954823199439,1.4338053730966748e-08
1143,devon,6896016,0.9713763397776219,6.577047564348959e-09
9902,devos,131748,0.7520284483622157,1.6859899087950935e-09
27246,devot,24904,0.31769007312431136,1.0641879066852768e-08
8534,dewan,170178,0.7862866873685265,1.5166768871921477e-08
4905,dewar,454917,0.8771661825102675,1.5136769913937088e-07
34653,dhaba,16049,0.13219973955724731,9.295067151526835e-09
23507,dhikr,31149,0.41132425122708605,6.710636936801961e-08
29274,dhoti,21870,0.26690373635179804,1.0902329364625985e-07
38709,dhows,13071,0.030627066012220774,6.098607407523105e-08
3848,dials,719996,0.9036361815085645,5.939347295225161e-07
1131,diane,7081367,0.9716768506460983,1.5882129327238203e-08
677,diary,14922472,0.9830461785034559,6.787051979699754e-06
18347,diazo,46955,0.5405439246719423,2.367939138281372e-07
14597,dibbs,68305,0.6344535710708203,7.316652846783842e-10
3578,diced,826353,0.9103976760492838,1.2057716389790585e-06
18045,dicer,48336,0.5481067815285986,1.231881999963491e-08
10718,dices,114430,0.7315937093058199,5.2532873127120184e-08
8799,dicey,161963,0.7796504056896725,9.76420036380432e-08
29060,dicht,22161,0.27226284683962737,7.98951313996099e-09
956,dicks,9280692,0.9760593008113794,1.075271040917869e-07
8297,dicky,178722,0.7922217770209355,2.339595789990767e-08
12320,dicot,89663,0.6914755083642192,6.26729585206931e-08
8724,dicta,164449,0.78152859861765,6.468529608127938e-07
14669,dicts,67766,0.632650505859962,1.4668446617349673e-08
3807,diddy,734427,0.9046629269758589,6.840804314123261e-09
5843,didst,335242,0.8536762496243614,6.600436870485282e-07
15853,diels,59558,0.6030001001702895,2.3913107671802435e-09
13550,diene,76972,0.6606731443453872,4.610549933659058e-07
1547,diets,4207940,0.9612591405389161,5.383895363593183e-06
1257,diffs,5870429,0.968521486527096,1.5070699528330067e-08
36746,dight,14372,0.07978563558048683,2.7579522114962173e-08
1137,digit,6991045,0.9715265952118601,6.428933929782943e-06
29631,diked,21369,0.25796353801462485,1.0893589150740012e-07
5274,dikes,396736,0.8679254733046179,1.333872571080974e-06
545,dildo,20789655,0.9863517980566964,2.0183135450935206e-07
25207,dilli,27978,0.368751878192928,2.155302394335479e-09
18089,dills,48131,0.5470049083441851,6.609897380549512e-09
8818,dilly,161256,0.7791745968145848,6.448898950850436e-08
4904,dimer,455104,0.8771912250826405,1.390444521121026e-06
3656,dimes,788616,0.9084443554041871,2.7555703667303534e-07
5763,dimly,342692,0.8556796554142041,1.496512376206738e-06
1730,dinar,3399128,0.9566763497946509,2.0844868146241426e-07
6314,dined,290743,0.8418811980366623,1.1675498387830883e-06
2158,diner,2261961,0.9459581288189923,9.44367039323879e-07
10737,dines,114059,0.7311179004307322,9.94412836519132e-08
16766,dinge,54467,0.5801362315937093,2.5103345420163243e-08
5124,dingo,420174,0.871681859160573,1.002518270354358e-07
6851,dings,250449,0.828433336672343,9.852769522922245e-08
6781,dingy,255349,0.8301863167384553,6.74413819297115e-07
21353,dinks,36255,0.4652659521186016,1.7312943736413898e-08
5080,dinky,426751,0.8727837323449865,6.785664222519474e-08
19613,dinna,41912,0.508840028047681,1.3233731721129516e-07
7181,dinos,231419,0.8201692877892417,1.7896685573504102e-08
2359,diode,1897828,0.9409245717720124,3.890698733357567e-06
30536,diols,20219,0.23530001001702894,1.5201251770236016e-07
16144,dippy,57914,0.5957127116097366,2.2885028245767104e-08
28633,dipso,22748,0.28295602524291297,2.5645058376877472e-09
5369,dirge,384505,0.8655464289291797,2.2049474608820683e-07
9255,dirks,148968,0.7682309926875689,1.9973069598222536e-08
642,dirty,16101662,0.9839226685365121,9.847511728366954e-06
28266,disas,23302,0.2921466493038165,2.64602906341338e-08
9900,disci,131778,0.7520785335069619,6.931387879660635e-08
1132,disco,7067687,0.9716518080737253,7.879345814387762e-07
876,discs,10404995,0.9780627066012221,3.640105956037587e-06
24977,dishy,28360,0.37451166983872586,1.6323813767371574e-08
1187,disks,6445126,0.9702744665932085,4.192856390545785e-06
2075,ditch,2373753,0.9480366623259541,3.931530518457293e-06
22897,dites,32374,0.4266002203746369,3.8831307875852873e-08
29786,ditsy,21172,0.25408193929680456,7.339962156960311e-09
2768,ditto,1386002,0.9306821596714414,5.325120218913071e-07
6409,ditty,281979,0.839502153661224,1.8723788016927762e-07
14884,ditzy,66065,0.6272663527997596,2.122255686548557e-08
4887,divan,457821,0.877616948812982,2.9509892584655973e-07
3189,divas,1047835,0.9201392367023941,5.408251494642968e-08
6690,dived,261166,0.8324651908244015,8.502095653284414e-07
2045,diver,2452406,0.9487879394971451,1.3403076434315154e-06
3144,dives,1066624,0.9212661524591806,8.593753739205568e-07
16349,divis,56674,0.5905789842732645,1.1254096814461434e-08
9979,divot,129847,0.7501001702894922,3.7737103077972737e-08
22566,divvy,33136,0.4348893118301112,3.898884074260422e-08
10452,diwan,119704,0.738255033557047,5.923783952255236e-08
1869,dixie,2920964,0.9531954322347992,1.4815371844889568e-08
5957,dixit,322848,0.8508213963738355,1.1967588903871728e-07
28565,diyas,22839,0.2846589201642793,3.698975298838114e-09
2729,dizzy,1424316,0.9316588199939898,1.4909448725575202e-06
8073,djinn,187307,0.7978313132324952,6.594516262836691e-08
8828,dobby,161122,0.7789241710908544,2.422327509243872e-08
8768,dobie,162980,0.7804267254332365,3.85021293958232e-09
6254,dobra,295948,0.8433837523790444,1.0183645819950016e-08
6214,dobro,299212,0.8443854552739657,1.9567899194328226e-08
2632,docks,1534076,0.9340879495141741,2.2144646823107905e-06
34747,doddy,15957,0.12984573775418212,1.887357383711929e-09
686,dodge,14768509,0.9828207953520985,7.145592536517142e-07
4350,dodgy,571643,0.8910648101773014,1.6768003062495044e-07
31428,dodos,19185,0.21296203546028247,1.5720425112775162e-08
6657,doers,263783,0.8332915957127116,3.728117093260153e-07
15839,doest,59645,0.603350696183512,1.0602637502188373e-07
10087,doeth,127016,0.7473955724732044,2.2964383830981205e-07
13413,dogan,78198,0.6641039767604928,8.872974413542956e-10
31552,doges,19033,0.20985675648602625,1.906785923821985e-08
3187,doggy,1048362,0.9201893218471401,1.5360478656134549e-07
3231,dogma,1016614,0.9190874486627266,1.8943990789921367e-06
9905,doily,131677,0.7519533206450967,7.883003974029636e-08
193,doing,80821946,0.9951667835320044,0.0001107298409624
21905,dojos,34797,0.4514424521686868,4.707890845501161e-09
2135,dolce,2283881,0.9465341079835721,1.0996768395443725e-07
11445,dolci,102168,0.713387759190624,1.3569760302090116e-08
13395,doled,78428,0.6645547430632075,1.775240102119824e-07
13552,doles,76967,0.6606230592006411,8.233941187540949e-08
522,dolls,22065047,0.9869277772212761,2.105744665641396e-06
2153,dolly,2266400,0.9460833416808575,3.3312212565306255e-07
29423,dolma,21677,0.263172393068216,5.713662156736632e-09
3898,dolor,703247,0.9023840528899129,1.8954689537054045e-07
24721,dolts,28809,0.38092256836622257,2.8890151426708145e-08
4988,domed,441740,0.8750876490033056,7.743989556274755e-07
3981,domes,676815,0.900305519382951,1.2739820090246212e-06
28575,donas,22823,0.28440849444054894,9.429749532330331e-09
11156,donee,106741,0.7206250626064309,1.0025883074149534e-06
15666,doner,60734,0.6076830612040469,2.0265069000657832e-08
20889,donga,37549,0.47688570569968947,2.148796715673029e-08
5400,dongs,381527,0.8647701091856156,1.2168359342368264e-08
1050,donna,8058734,0.9737052990083142,3.356257983000433e-07
3846,donne,720360,0.9036862666533106,2.165516085028685e-07
4144,donny,627077,0.8962235800861464,3.484793491548288e-09
1128,donor,7096675,0.9717519783632175,1.0887678417930146e-05
3561,donut,836168,0.9108233997796253,2.663004261194146e-07
6590,dooce,268785,0.8349694480617049,2.423619582803127e-09
8027,doody,189463,0.7989832715616548,5.009156911484069e-09
19014,dooks,44077,0.5238405288991285,2.1639559455444156e-09
29263,doole,21883,0.26717920464790146,1.3915968408162447e-09
23244,dools,31626,0.417910447761194,4.3362962220960807e-10
15354,dooly,62871,0.6154963437844335,2.1950306838824927e-09
11633,dooms,99351,0.7086797555844936,9.842738833754085e-08
27527,doomy,24436,0.3106531102874887,5.925371633352938e-09
19200,doona,43477,0.5191826104377442,3.1999901875801045e-08
17270,doorn,51985,0.5675147751177001,1.478875730209772e-09
557,doors,20229491,0.98605128718822,2.127247722455649e-05
13718,doozy,75350,0.6564659921867174,3.2252592663262194e-08
4085,doped,646161,0.8977010918561554,3.2669161987541885e-06
38180,doper,13398,0.04387458679755585,1.4007621933487258e-08
19528,dopes,42277,0.5109686466993889,4.082354372769714e-08
8569,dopey,169040,0.7854101973354704,8.763230809449852e-08
30529,doree,20227,0.2354753080236402,1.0322133179307969e-08
17328,dores,51709,0.5660623059200641,1.77465370398977e-08
10248,doric,123724,0.7433637183211459,8.710338041950649e-09
2233,doris,2132988,0.9440799358910147,1.883928972823412e-08
9360,dorks,146028,0.7656015225884003,1.4341289213959385e-08
9065,dorky,153891,0.7729890814384454,3.8506569848273394e-08
4847,dorms,464581,0.8786186517079034,3.825167630111537e-07
28929,dormy,22337,0.27554342382049485,1.7062512000509675e-09
38647,dosas,13105,0.03217970549934889,3.531646316723425e-08
7861,dosed,197560,0.8031403385755785,4.854284719613133e-07
20501,doser,38761,0.4866022237804267,1.6921280652226754e-08
1435,doses,4717242,0.9640639086446959,1.4608163510274608e-05
19073,dosha,43861,0.5223630171291195,3.666320851358762e-08
23166,doted,31799,0.4198637684062907,1.679748982041929e-07
23397,dotes,31347,0.4140789341881198,6.943956940119733e-08
7132,dotty,234104,0.8213963738355203,7.934888671456974e-08
34675,douar,16014,0.13164880296504056,8.08311968913955e-09
554,doubt,20311261,0.986126414905339,5.6519822901464064e-05
9105,douce,152874,0.771987378543524,7.643323726824749e-08
1835,dough,3032657,0.9540468796954823,4.18935321022218e-06
7377,doula,220543,0.815260943604127,4.702001530465516e-08
21854,douma,34906,0.4527196233597115,3.8049652296978647e-10
12946,douse,82837,0.6757988580586998,1.3437640895119784e-07
1281,dover,5683356,0.9679204647901433,1.8291305359241505e-08
3346,doves,941403,0.9162075528398277,9.054338488567736e-07
28450,dovie,23016,0.2875388159871782,3.4740345961070675e-10
36982,dowds,14201,0.07387558850045077,5.08209771210577e-10
8805,dowdy,161797,0.7795001502554343,1.395683186444785e-07
6375,dowel,285802,0.8403536011219073,4.1625780710319305e-07
8236,dower,181025,0.7937493739356907,6.053293679997296e-07
17078,dowie,52916,0.5723229490133227,4.853298634088788e-09
1469,downs,4578206,0.9632124611840128,1.7558280683260818e-06
6342,downy,288639,0.8411800060102174,5.682910614268621e-07
6499,dowry,275011,0.837248322147651,1.3566002860443403e-06
17257,dowse,52031,0.5678403285585495,1.4068427205415902e-08
17872,doxie,49093,0.5524391465491335,2.720768517705529e-09
13821,doyen,74532,0.6538866072322949,1.3128225688774365e-07
12214,dozed,91195,0.6941300210357608,5.53595147039232e-07
911,dozen,9776227,0.9771862165681658,1.5302312422136312e-05
6494,dozer,275217,0.8373735350095162,1.606095098338756e-07
33384,dozes,17178,0.16397876389862767,4.749658145897229e-08
33933,drabs,16675,0.1502303916658319,3.927901492062348e-08
3949,draco,688044,0.9011068816988881,2.18544011687527e-08
386,draft,35033621,0.9903335670640088,2.7373686116334283e-05
4584,drags,518855,0.8852048482420114,6.84899995349042e-07
1193,drain,6411642,0.9701242111589703,8.992997336463305e-06
1509,drake,4373046,0.9622107582890914,1.2138945862716357e-07
542,drama,20939845,0.9864269257738155,1.47075416680309e-05
9729,drams,136033,0.7563608133827506,7.735388500407228e-08
2438,drank,1777243,0.9389462085545427,5.999097284075105e-06
4740,drape,484861,0.881298206951818,5.045267829473232e-07
34463,draps,16206,0.1369578283081238,8.179995338863933e-09
17324,drave,51731,0.5661624762095563,2.5643040331146948e-08
10835,drawl,112289,0.7286637283381749,3.6409464286180084e-07
684,drawn,14827380,0.9828708804968447,4.75160915084416e-05
1320,draws,5458448,0.9669438044675949,9.764351370904476e-06
16254,drays,57222,0.5929580286487028,4.7435464303191575e-08
2537,dread,1649823,0.9364669938896123,3.672761567941052e-06
402,dream,33518573,0.9899328859060402,2.736991249548737e-05
20038,drear,40377,0.49819693478914157,8.622018839332669e-08
13632,dreck,76098,0.6586196534107983,2.0155617317385577e-08
13862,drees,74159,0.6528598617650005,3.1725365778889622e-09
8369,dregs,175993,0.7904187118100772,4.107192336277876e-07
462,dress,27318959,0.9884303315636582,2.2408534641726872e-05
38755,drest,13039,0.029475107683061205,5.8782523524314454e-08
1203,dried,6331606,0.9698737854352399,1.5297258978534956e-05
3974,drier,679179,0.9004808173895622,1.447174728355094e-06
3440,dries,894704,0.9138535510367625,8.374073843242513e-07
1619,drift,3889505,0.9594560753280577,9.876253025140613e-06
1034,drill,8248787,0.9741059801662827,7.654881437701988e-06
25481,drily,27603,0.3618902133627166,3.189017718341347e-07
449,drink,29254937,0.9887558850045076,2.8056374467269053e-05
6164,drips,303778,0.8456375838926175,3.941315048905381e-07
146,drive,107799371,0.996343784433537,4.808760466403328e-05
4810,droid,469988,0.8795452268857057,9.60566350066694e-08
3769,droit,750988,0.9056145447260343,8.43462156581154e-07
35371,droke,15401,0.11421917259340879,4.614481514952917e-10
27221,drole,24936,0.3183161374336372,7.674990238903945e-09
7885,droll,196087,0.8025393168386257,2.867295731334707e-07
9379,drome,145557,0.7651257137133126,6.87510804198155e-08
3832,drone,725818,0.9040368626665332,1.045961738554979e-06
21498,droog,35894,0.4616347791245117,7.543074168614439e-09
4484,drool,539170,0.8877091054793148,2.309624082386108e-07
8992,droop,156194,0.7748171892216769,4.1760530280043893e-07
1040,drops,8187657,0.9739557247320445,1.0493126774235862e-05
34680,dropt,16010,0.1315235901031754,6.500416652954755e-08
9051,dross,154345,0.7733396774516679,3.148034272726363e-07
1305,drove,5545848,0.9673194430531904,1.6904594795050797e-05
3019,drown,1156106,0.9243964740058099,1.6349956615613337e-06
34011,drubs,16611,0.14827707102073526,1.3026837925034224e-09
345,drugs,38827156,0.9913603125313032,4.434457790921442e-05
3014,druid,1160196,0.924521686867675,1.1000747623057804e-07
1011,drums,8560748,0.9746819593308624,4.49120590928942e-06
868,drunk,10519219,0.9782630471802064,9.020414518090547e-06
38405,drupe,13260,0.03824000801362316,8.32974569675571e-08
28210,druse,23371,0.2935490333567064,1.3117260944106592e-08
10469,dryad,119314,0.7378293098267054,3.487706077720531e-08
18856,dryas,44723,0.527797255334068,9.334881019285037e-09
1294,dryer,5592001,0.9675949113492938,1.8201466650680232e-06
11798,dryly,96792,0.704547731142943,7.620471257041573e-07
6785,duals,255075,0.8300861464489633,1.223520204973738e-07
5574,dubbo,361978,0.8604127015927076,1.7441377848925742e-10
9538,ducal,141276,0.7611439447060002,3.0673187865204456e-07
20175,ducat,39914,0.49476610237403584,6.291646990064236e-08
9494,duces,142487,0.7622458178904137,4.016920537708302e-07
5795,duchy,339003,0.854878293098267,3.857005478380415e-07
1676,ducks,3618693,0.9580286487027948,2.794175670715049e-06
4801,ducky,471241,0.879770610037063,3.6510947847290255e-08
3406,ducts,907928,0.9147049984974457,3.0332390997500626e-06
15073,duddy,64868,0.6225333066212562,2.464555485914844e-08
3038,dudes,1144089,0.9239206651307222,2.411587117023828e-07
7545,duels,212809,0.8110537914454573,2.7168003782662706e-07
3760,duets,754275,0.9058399278773915,3.107577163063979e-07
34318,duett,16335,0.14058900130221377,4.417986881888325e-09
9666,duffs,137632,0.7579384954422518,7.795426792966965e-09
26483,dufus,26201,0.33679755584493637,2.998544452320617e-09
17264,duits,51993,0.5676650305519383,2.9154671055131583e-09
21591,dukas,35678,0.45930581989381947,5.3370969688160134e-09
2303,dukes,1971678,0.9423269558249023,4.4795618521220603e-07
4112,dulce,638505,0.8970249424020835,8.903933967019386e-08
21339,dulls,36301,0.4656165481318241,8.529598773066027e-08
14837,dully,66436,0.6284433537012922,3.239281710420983e-07
22774,dulse,32611,0.42968045677652006,2.5841720461272644e-08
3549,dumas,842623,0.9111239106481017,9.686819630871924e-09
5614,dumbo,357766,0.8594109986977863,7.364391765296574e-09
34227,dumka,16420,0.14286787538815987,2.8607021844706538e-08
1775,dummy,3230609,0.9555494340378644,3.065931214223383e-06
2970,dumps,1200377,0.9256235600520886,1.1553573301625875e-06
12477,dumpy,88067,0.6875438245016529,1.2421628014180897e-07
10820,dunce,112570,0.7290393669237704,1.307154668950261e-07
2247,dunes,2088285,0.9437293398777923,2.2852073288959216e-06
8817,dungy,161356,0.7791996393869578,4.113054430376905e-09
7507,dunks,214757,0.8120054091956326,2.5721460472638568e-08
2342,dunno,1917052,0.941350295502354,3.9190707838088203e-07
13766,dunny,75014,0.6552639487128118,1.5112967788333263e-08
6310,duomo,291121,0.8419813683261544,2.1304719002301912e-08
5996,duped,319795,0.8498447360512872,4.352642559979358e-07
6290,duper,293268,0.8424822197736151,2.907814026897881e-08
10233,dupes,123989,0.7437393569067414,1.7701685862903106e-07
24521,duple,29199,0.3859310828408294,1.0285592423997513e-07
36846,duppy,14299,0.07728137834318341,1.3066647142068178e-08
8780,dural,162445,0.7801262145647601,3.739608956720986e-07
11686,duras,98445,0.7073524992487228,1.1899758378675072e-08
9035,dures,155000,0.7737403586096364,1.7803027496654525e-07
24125,duroc,29926,0.3958479415005509,6.861435981886375e-10
21511,duros,35849,0.4613092256836622,1.2322409599363482e-08
5207,durst,407334,0.8696033256536111,2.275199354073721e-07
7975,durum,192040,0.8002854853250526,4.270976194220566e-07
5319,dusky,390563,0.8667985575478313,8.408337407672661e-07
7076,dusts,237576,0.8227987578884103,6.858994976255417e-07
2095,dusty,2339959,0.9475358108784935,3.027171048870514e-06
578,dutch,19000979,0.9855253931683863,1.3703019902777668e-07
2600,duvet,1567578,0.9348893118301111,2.2682246809679895e-07
1825,dwarf,3072068,0.9542973054192126,3.023342424057773e-06
15962,dweeb,58921,0.6002704597816287,1.7777667118829e-08
2283,dwell,2014411,0.942827807272363,4.757141900881834e-06
4616,dwelt,512083,0.8844034859260743,1.6145345011864263e-06
14167,dyads,71474,0.645221877191225,4.749057595176964e-07
12305,dyers,89927,0.6918511469498146,1.2499418502898152e-07
970,dying,9123557,0.9757087047981569,1.5296699803002412e-05
3158,dykes,1060752,0.9209155564459581,8.876021530568324e-07
14500,dynes,68914,0.6368827005910047,1.2357912360982936e-07
1555,eager,4175668,0.9610587999599319,9.61207935688435e-06
622,eagle,16785232,0.9844235199839727,3.4354682247794697e-06
14517,eales,68801,0.6364569768606632,1.9337012083231464e-09
25120,eards,28115,0.37093058198938195,2.614171019238443e-09
4610,eared,513815,0.8845537413603125,5.885569345309705e-07
4070,earls,649223,0.898076730441751,2.967428284250673e-07
155,early,100013194,0.9961184012821797,0.0002109502509119
2529,earns,1661937,0.9366673344685966,1.7128431272794842e-06
26084,earnt,26843,0.34678954222177705,1.3117939126061628e-08
242,earth,61059905,0.9939396974857257,6.119797872088384e-05
3900,eased,702343,0.9023339677451668,3.688488959596725e-06
3644,easel,791426,0.9087448662726635,5.815143754261953e-07
29928,easer,20995,0.2505258940198337,7.634004468570765e-09
4185,eases,615614,0.895196834618852,6.570231050773145e-07
20147,easts,40013,0.4954672944004808,9.155307330033224e-09
1727,eaten,3412832,0.95675147751177,8.448858297924743e-06
2493,eater,1702828,0.9375688670740259,6.670861665725169e-07
4942,eaves,449278,0.8762396073324652,7.192310238224309e-07
17439,ebbed,51173,0.5632825803866573,3.132160384211602e-07
683,ebony,14831025,0.9828959230692177,6.173717304136517e-07
933,ebook,9558308,0.9766352799759591,5.562131598213504e-07
25387,ecads,27731,0.3642442151657818,1.3280587220221292e-09
8409,echos,174213,0.7894170089151558,5.8235871414069616e-08
10247,eclat,123738,0.743388760893519,4.8553799825157294e-08
3489,edema,873634,0.9126264649904838,4.560942857096961e-06
2599,edged,1568009,0.9349143544024843,3.475214512036473e-06
8441,edger,173335,0.7886156465992187,6.59189391427617e-08
1069,edges,7826115,0.9732294901332265,1.613700373127358e-05
5381,edict,382916,0.8652459180607032,1.0787477879148356e-06
14437,edify,69341,0.6384603826505059,1.11760452625731e-07
1454,edits,4631228,0.9635880997696084,6.381318712556094e-07
3695,eerie,772484,0.9074676950816388,1.330640742480682e-06
19644,egads,41819,0.508063708304117,7.31939046177965e-10
24573,eggar,29112,0.38462886907743166,1.35455157312947e-09
14900,egged,65964,0.6268656716417911,1.2937084349573528e-07
8990,egger,156232,0.7748672743664229,3.966956154677348e-09
5291,egret,394773,0.8674997495742762,1.194584933728038e-07
10042,eider,128336,0.748522488229991,8.382278167573531e-08
4491,eidos,538029,0.8875338074727036,9.139677658254188e-08
411,eight,32567724,0.989707502754683,6.312852121482138e-05
32157,eikon,18345,0.19470600020034057,1.4862478501243004e-08
32136,eisel,18365,0.19523189422017428,1.8477982521858395e-09
3359,eject,935010,0.9158819993989783,4.5511625842209467e-07
17740,ejido,49671,0.555744766102374,1.461237256705772e-07
26166,eking,26695,0.3447360512871882,9.455837059135774e-08
33094,elain,17472,0.17124110988680757,1.4883064514137343e-09
9021,eland,155343,0.7740909546228588,1.3611905544053116e-07
34526,elate,16161,0.13538014624862266,4.795970291127105e-08
1712,elbow,3484326,0.9571271160973656,5.849666640642681e-06
1114,elder,7299470,0.97210257437644,6.136960946605541e-06
24995,eldin,28334,0.37406090353601124,1.0252217444439716e-09
1272,elect,5748899,0.9681458479415006,8.573085242460366e-06
6259,elegy,295636,0.8432585395171792,5.21830801858414e-07
8584,elfin,168528,0.7850345587498748,1.4887863372337054e-07
27643,eliad,24261,0.30774817189221676,4.9341040628259056e-11
27943,elide,23795,0.30023540018030653,7.725986126416729e-08
29718,elint,21266,0.2557848342181709,3.51424472300188e-09
773,elite,12673836,0.9806420915556446,1.232305467055994e-05
25265,eloge,27904,0.367299408995292,6.0379136490595906e-09
13773,elope,74984,0.6550886507062006,1.3427107276697824e-07
7485,elude,215496,0.8125563457878393,7.202762787983375e-07
20234,elute,39723,0.49328859060402686,1.709104013514207e-07
4471,elven,543019,0.8880346589201643,1.00324664011886e-07
2774,elves,1375481,0.9305319042372032,5.86191754621268e-07
1278,emacs,5697594,0.9679955925072623,4.467107036262852e-08
11,email,443949646,0.9997245317038966,6.173360537644612e-06
28172,embar,23437,0.2945006511068817,2.2538303188213156e-08
2949,embed,1217930,0.9261494540719223,6.563892668509652e-07
4723,ember,488846,0.8817239306821597,3.037240495018523e-07
6276,emcee,294621,0.8428328157868377,9.538214207793772e-08
18258,emend,47283,0.5427727136131424,1.592501409675151e-07
5696,emerg,349219,0.8573575077631974,1.0163875028723625e-07
2908,emery,1251050,0.9271761995392167,1.9122076054145508e-07
4633,emits,508331,0.8839777621957328,9.684249027941404e-07
32419,emmas,18069,0.18814484623860564,1.005282209975977e-09
14160,emmer,71525,0.6453971751978363,7.229167934497129e-08
5003,emmet,439231,0.8747120104177101,6.423639904440393e-09
10059,emmys,127878,0.7480967644996495,5.667426181826805e-10
8585,emote,168497,0.7850095161775017,4.0191075854068006e-08
27517,empts,24450,0.31090353601121906,8.498657869893123e-08
470,empty,26206017,0.9882299909846739,2.899304017773829e-05
2406,emule,1826567,0.9397475708704798,6.24145321398428e-10
2891,enact,1263603,0.9276019232695583,4.761704522024957e-06
35621,enate,15204,0.10795852950015025,3.2117305215351175e-08
410,ended,32588866,0.989732545327056,3.393671278900001e-05
4364,ender,568591,0.8907142141640789,7.972595724936582e-08
7890,endow,195844,0.8024141039767605,6.17352704921359e-07
2834,enema,1329511,0.9290293498948212,5.483728079980211e-07
711,enemy,14084182,0.9821947310427727,3.385381558473455e-05
3428,enews,898806,0.914154061905239,1.4707256994900275e-09
13838,eniac,74400,0.6534608835019533,1.926558962292435e-09
286,enjoy,50141455,0.9928378243013122,2.7623475798463914e-05
9378,ennui,145576,0.7651507562856856,2.64763858126571e-07
28316,enoki,23208,0.2908945206851648,8.164630287826881e-09
26516,enorm,26155,0.3359711509566263,4.902567742881559e-09
3476,enrol,878274,0.9129520184313332,3.202373352451105e-07
5716,ensue,347067,0.8568566563157367,1.1604657652242168e-06
134,enter,119394206,0.9966442953020134,4.906591791950632e-05
196,entry,80717798,0.9950916558148853,5.062637370429002e-05
12555,envoi,87197,0.6855905038565562,3.315817714621972e-08
2592,envoy,1574245,0.9350896524090955,1.234850601576909e-06
13097,eosin,81179,0.6720174296303716,4.599621445322555e-07
17087,epact,52857,0.5720975658619654,7.4002114658355825e-09
28269,ephah,23285,0.29207152158669736,8.065237047105714e-08
20275,ephod,39569,0.49226184513673243,1.322352544974592e-07
4858,epics,462834,0.8783431834118001,7.274151971614629e-07
2510,epoch,1680235,0.9371431433436843,2.8812642949560543e-06
2350,epoxy,1908076,0.9411499549233697,2.917778463142895e-06
390,equal,34832354,0.9902333967745167,9.071983949979768e-05
1581,equip,4044391,0.960407693078233,2.656229712556524e-06
1817,erase,3086642,0.954497645998197,1.9117711349281306e-06
2257,erect,2057313,0.9434789141540619,5.191058398850146e-06
11597,ergon,100011,0.7095812881899228,4.5825733820947794e-08
11508,ergot,101361,0.7118100771311229,2.610581336170981e-07
2119,erica,2307054,0.9469347891415406,3.7354110382636923e-08
4146,erick,626971,0.8961734949414004,1.0698976273815222e-08
18611,erics,45651,0.5339326855654613,2.938306566391269e-09
10682,ering,115156,0.7324952419112492,1.86212420061338e-07
37444,erned,13864,0.06230592006410898,2.3954551231497596e-08
3689,erode,774411,0.907617950515877,1.2590836706749542e-06
3338,erred,943538,0.916407893418812,4.02808955755063e-06
174,error,89396475,0.9956425924070921,6.203087425092235e-05
6206,erupt,300083,0.84458579585295,7.554064973191999e-07
28271,erven,23279,0.29202143644195133,2.4118262431649385e-08
6538,esker,272809,0.8362716618251027,8.201953614062062e-08
808,essay,11750312,0.9797656015225884,1.6780325986474053e-05
13879,esses,74013,0.6524341380346589,8.37807479570074e-08
2581,ester,1581770,0.9353651207051988,3.25110802123163e-06
36074,estop,14849,0.09661424421516578,1.2636853734093733e-07
20865,estro,37611,0.4774867274366423,1.402188328114562e-08
19763,etage,41383,0.505083642191726,2.487734388267881e-08
20447,etape,38928,0.4879545226885706,1.3846707478393228e-08
5817,etats,337234,0.8543273565060603,4.3502141364726296e-08
2376,ether,1877315,0.9404988480416708,5.580308975368098e-06
2825,ethic,1333320,0.9292547330461784,3.2897218898142457e-06
28217,ethne,23360,0.29337373535009514,1.0831537462507869e-08
3333,ethos,946491,0.9165331062806772,2.5848795939964474e-06
2819,ethyl,1339385,0.9294049884804167,3.089662204729393e-06
5800,etude,338721,0.8547530802364018,2.549572845822468e-07
1176,euros,6533754,0.9705499348893118,6.04410539146727e-07
4223,evade,605626,0.8942452168686768,2.0163536373729585e-06
7324,evens,223759,0.8165881999398978,8.308696003211935e-08
124,event,125515260,0.9968947210257437,7.62960864813067e-05
6870,evert,249660,0.8279575277972553,3.7762274338604126e-08
73,every,189325890,0.9981718922167685,0.0002424928132677
7563,evict,211591,0.8106030251427426,3.578439100238029e-07
3233,evils,1015737,0.9190373635179806,3.377993334652274e-06
1546,evite,4214149,0.9612841831112892,3.091805345079024e-09
3619,evoke,804417,0.9093709305819894,2.70902321972244e-06
18054,ewers,48288,0.5478813983772413,4.1264306958055385e-08
518,exact,22304937,0.9870279475107683,2.450182706525084e-05
7948,exalt,193526,0.8009616347791245,5.109440257911046e-07
1110,exams,7364984,0.972202744665932,2.8258096904210104e-06
709,excel,14133468,0.9822448161875188,1.2690252412994596e-06
3983,execs,676432,0.900255434238205,1.7128458466686426e-07
23314,exeem,31485,0.41615746769508166,7.932507553598533e-11
3073,exert,1109622,0.923044175097666,5.72857857150666e-06
11849,exies,96019,0.7032705599519182,5.989957144181269e-10
1903,exile,2801261,0.952343984774116,6.90333521561115e-06
484,exist,25349128,0.9878793949714515,5.867694235348608e-05
2309,exits,1963047,0.9421767003906641,2.108570654399955e-06
5031,exons,434997,0.8740108183912652,4.347889479250355e-07
2105,expat,2324561,0.9472853851547631,8.595850925718906e-08
4824,expel,467751,0.8791946308724832,1.2893857319795645e-06
3167,expos,1056760,0.9206901732946008,4.441194384696702e-08
9227,extol,149713,0.7689321847140138,2.963285970736251e-07
248,extra,59377307,0.9937894420514876,3.3726316432876045e-05
9516,exude,141931,0.761694881298207,2.514047088197913e-07
9161,exult,151420,0.7705849944906341,1.5401048443663968e-07
23555,eying,31044,0.4101222077531804,9.255129775453953e-08
23009,eyres,32122,0.42379545226885706,1.2690172837004352e-08
16203,eyrie,57520,0.5942351998397275,7.594087186646449e-08
1799,ezine,3149621,0.9549484123009115,6.75243717211671e-09
2512,fable,1678751,0.9370930581989382,1.3096793259137484e-06
901,faced,9938155,0.9774366422918962,2.7844637552334463e-05
17004,facer,53232,0.5741760993689272,2.8809423007203356e-08
670,faces,15050854,0.9832214765100671,2.371710626903223e-05
2942,facet,1221287,0.9263247520785335,2.681453033801517e-06
5677,facia,351671,0.8578333166382851,5.1291818188303764e-08
14209,facta,71109,0.6441700891515576,1.367889828429725e-07
376,facts,36041603,0.9905839927877391,5.649635881127324e-05
2356,faded,1899648,0.9409996994891315,5.8923579581460216e-06
4868,fader,461088,0.8780927576880697,1.37834438049822e-07
3466,fades,881747,0.9132024441550636,1.2096522050342174e-06
5791,faery,339469,0.8549784633877592,1.0802117884622933e-07
37754,faggy,13682,0.0545427226284684,6.800950567154018e-09
11433,fagin,102331,0.7136882700591005,7.040132260494048e-10
25337,fagot,27790,0.3654963437844335,2.0556382942515945e-08
796,fails,12015364,0.9800661123910648,1.858586376329185e-05
28009,faine,23695,0.2985825904036863,2.399154530152714e-08
2007,faint,2565744,0.9497395572473204,7.812767071300186e-06
1570,fairs,4091127,0.9606831613743364,2.054312412838044e-06
1189,fairy,6435300,0.9702243814484623,4.257236810190079e-06
377,faith,35936559,0.9905589502153661,5.426287090813276e-05
4975,faked,444208,0.8754132024441551,4.545746253370453e-07
15379,faker,62739,0.6148702794751076,4.7186743898919305e-08
2402,fakes,1833800,0.9398477411599719,2.520585977094925e-07
22526,fakie,33214,0.43589101472503256,2.583402698846937e-09
14621,fakir,68147,0.6338525493338676,7.798277373183284e-08
404,falls,33213513,0.9898828007612942,2.115267467161175e-05
403,false,33476460,0.9899078433336672,3.4229303746542425e-05
2838,famed,1319098,0.9289291796053291,1.6055054675234714e-06
13445,fames,77940,0.6633026144445557,1.476999750593677e-07
997,fancy,8777135,0.975032555344085,7.747715690129553e-06
30799,fango,19896,0.22871381348292097,6.658939550874265e-09
5713,fangs,347216,0.8569317840328559,8.604796380495828e-07
2649,fanny,1516099,0.9336622257838325,1.378859929701548e-07
12246,fanon,90753,0.6933286587198237,3.776881897232798e-09
36426,faqir,14600,0.08779925873985776,1.9181914758803492e-08
11809,farad,96545,0.7042722628468396,4.718322784924567e-08
3824,farce,727546,0.9042372032455174,1.316064372076653e-06
15513,fards,61736,0.6115145747771211,1.444888435009339e-09
4916,fared,454064,0.8768907142141641,1.2588365484589304e-06
1374,fares,5093799,0.9655915055594511,3.2484744588145986e-06
903,farms,9908537,0.9773865571471502,1.7150589228549508e-05
25276,faros,27882,0.36702394069918864,1.022326676203278e-08
36672,farro,14425,0.08163878593609135,2.1440127054850323e-08
5941,farts,325011,0.8512220775318041,1.1888547142291373e-07
25082,fasti,28179,0.3718821997395573,2.754707661978273e-08
9424,fasts,144307,0.7639987979565261,2.959616546149846e-07
1159,fatal,6779744,0.9709756586196534,9.335477061540589e-06
5072,fated,427996,0.8729840729239707,1.178119945279832e-06
4581,fates,519225,0.8852799759591305,8.446722256394423e-07
13381,fatso,78585,0.6649053390764299,1.5177352596928984e-08
1338,fatty,5363547,0.9664930381648803,8.831850118440343e-06
5704,fatwa,347937,0.8571571671842132,1.581048137921926e-07
757,fault,13112664,0.9810427727136132,2.56852913662442e-05
2123,fauna,2298940,0.9468346188520484,4.935080639825174e-06
13596,fauns,76451,0.6595211860162276,4.35119687125507e-08
26486,fauve,26199,0.3367224281278173,1.0372317422735478e-08
37767,faver,13674,0.05421716918761895,3.492682079109244e-09
4565,faves,522653,0.8856806571170991,1.285973816322894e-08
804,favor,11867822,0.9798657718120806,3.0169768579071387e-05
13806,fawns,74673,0.6542622458178904,2.0199050510427699e-07
3367,faxed,930853,0.915681658819994,3.3412661185838745e-07
1734,faxes,3386604,0.9565761795051587,3.015448458398851e-07
14762,fayed,67037,0.6303215466292698,2.923219637462892e-09
33159,fayer,17406,0.16961334268256034,4.64619077433781e-09
6873,fayre,249513,0.8278824000801362,6.46369737467012e-08
11427,fazed,102487,0.7138385254933387,9.23105621097875e-08
20545,feare,38620,0.4855003505960132,1.8288192251247893e-07
1208,fears,6244239,0.9697485725733748,1.2938068066432606e-05
1558,feast,4166016,0.9609836722428128,5.525019864762726e-06
3933,feats,693557,0.9015075628568566,1.0081409629947302e-06
3212,fecal,1032064,0.9195632575378143,1.80768121708752e-06
4109,feces,639441,0.8971000701192027,1.6117433688123128e-06
25103,fecit,28147,0.37135630571972356,1.285981589660423e-07
1560,fedex,4153858,0.9609335870980668,1.220324043690879e-09
423,feeds,31593736,0.9894069918862065,4.831928217754466e-06
789,feels,12212683,0.9802414103976761,1.980779774385156e-05
37907,feese,13589,0.05071120905539417,6.232965456265393e-10
10605,feign,116753,0.7344235199839727,3.2021044091834485e-07
12573,feint,86983,0.6851397375538415,1.9643196466745402e-07
5678,feist,351412,0.8578082740659121,7.575303184736981e-09
24219,felch,29748,0.39349393969748575,3.867929278256188e-10
4110,fella,639391,0.8970750275468297,5.357604109690328e-07
6814,fells,252935,0.8293599118501452,1.343540199627569e-07
11671,felly,98609,0.7077281378343183,1.7360093780283136e-08
5300,felon,392714,0.867274366422919,6.243628354241082e-07
8109,felts,185685,0.796929780627066,1.912249261692978e-07
25017,felty,28295,0.37350996694380445,1.9265741331153664e-08
11761,femal,97346,0.7054743063207453,1.4765131992611202e-08
2022,femme,2521124,0.949363918661725,6.862838495180768e-07
4958,femur,446209,0.8758389261744967,1.8288466344529296e-06
1156,fence,6796605,0.9710507863367726,8.847495782902115e-06
22128,fends,34209,0.44585795852950016,3.865080561382683e-08
20459,fenny,38897,0.48765401182009416,1.0462906256947237e-08
3431,feral,897865,0.9140789341881198,7.711032401402918e-07
34121,feres,16519,0.1455223880597015,1.0738351274852676e-08
7516,feria,214175,0.8117800260442752,3.026820820650755e-08
3654,fermi,789613,0.9084944405489331,6.438883637827076e-08
3853,ferns,717875,0.9035109686466994,1.204170698656526e-06
12456,ferny,88255,0.6880697185214866,3.122467099103687e-08
965,ferry,9208954,0.975833917660022,3.458262108324561e-06
29814,fesse,21134,0.2533807472703596,1.5452709796193175e-08
4316,festa,580029,0.8919162576379845,7.887806834361299e-08
11240,fests,105297,0.718521486527096,3.360961045473232e-08
1808,fetal,3127968,0.9547230291495542,8.305493220177595e-06
1874,fetch,2897593,0.953070219372934,3.288686480118485e-06
14088,feted,72254,0.6472002404086947,1.597864229552215e-07
10956,fetes,110094,0.7256335770810378,8.789887928628559e-08
13675,fetid,75712,0.6575428227987579,2.616257538079481e-07
2462,fetus,1744267,0.9383451868175899,4.98058034281712e-06
8905,feuds,158477,0.7769958930181308,4.881055190253391e-07
1010,fever,8582665,0.9747070019032354,1.31168950429128e-05
854,fewer,10792786,0.9786136431934288,2.21048729508766e-05
659,fiber,15530318,0.9834969448061704,1.998741088755196e-05
1369,fibre,5134463,0.9657167184213162,6.572283009518287e-06
11323,fibro,103901,0.7164429530201343,8.928483616443827e-08
28257,fices,23311,0.2923720324551738,1.2666993249865753e-07
3556,fiche,837884,0.9109486126414905,1.1593209696059149e-06
6444,ficus,278867,0.8386256636281679,7.41610844556817e-08
7241,fides,227901,0.8186667334468597,3.711406066031486e-07
28643,fiefs,22735,0.2827055995191826,2.096217340863405e-07
109,field,135289140,0.9972703596113393,0.0001898425453691
4006,fiend,670385,0.8996794550736251,5.054900015011299e-07
22358,fiere,33598,0.4400981668837023,1.0187732657485073e-08
20197,fiers,39852,0.4942151657818291,2.2129097274614653e-08
2401,fiery,1838655,0.939872783732345,2.802659469125501e-06
19746,fifer,41451,0.5055093659220675,1.61039646506822e-08
29785,fifes,21173,0.25410698186917763,4.8450876235506256e-08
640,fifth,16255266,0.9839727536812581,2.17662599607138e-05
1044,fifty,8133138,0.9738555544425523,2.5267082746722737e-05
24817,figgy,28656,0.3785184814184113,5.387512312937659e-09
432,fight,30784313,0.9891816087348493,3.786432858760236e-05
21763,fikes,35149,0.4549984974456576,2.5689552943242155e-10
20907,filch,37497,0.47643493939697484,3.936734330522996e-08
433,filed,30718907,0.9891565661624762,5.890648795684683e-05
3901,filer,702264,0.9023089251727937,3.126861260227543e-07
123,files,125524478,0.9969197635981168,2.9328099226404448e-05
4442,filet,550472,0.8887608935189822,2.2798044199134893e-07
23097,filii,31954,0.42159170590003003,6.666354089190918e-08
6169,fille,303542,0.8455123710307523,1.7034674456795077e-07
1980,fills,2630389,0.9504157067013924,4.276649247003661e-06
4674,filly,499537,0.8829510167284383,2.600665982299689e-07
14223,filmi,70954,0.6438194931383352,9.908353253429426e-09
384,films,35200065,0.9903836522087549,3.079118290770566e-05
4051,filmy,657205,0.8985525393168386,1.8040642515870786e-07
2251,filth,2077997,0.9436291695883001,1.2185179582502315e-06
160,final,97649084,0.9959931884203146,0.0001155247092538
5582,finca,360811,0.8602123610137233,4.963004258229376e-08
2415,finch,1816047,0.9395221877191225,2.109573526354325e-07
639,finds,16280898,0.9839977962536312,3.0579512058466206e-05
2554,fined,1620321,0.9360412701592707,2.576195249730517e-06
2704,finer,1455912,0.9322848843033157,3.741175228242355e-06
1761,fines,3270544,0.9559000300510868,5.301643309394421e-06
8179,finis,183173,0.7951768005609536,1.3214707834663385e-07
24042,finks,30098,0.39792647500751277,1.5150869145941215e-08
13836,finny,74417,0.6535109686466994,2.270270384130413e-08
35588,finos,15235,0.10878493438846039,6.2550503265867974e-09
12468,fiord,88109,0.6877692076530101,7.42442081502759e-08
36584,fique,14495,0.08384253230491837,4.449658250749166e-09
1053,fired,8031937,0.973630171291195,1.60890789993573e-05
26480,firer,26208,0.3368726835620555,3.181296076348872e-08
1195,fires,6407259,0.9700741260142242,9.714850093587302e-06
481,firms,25497302,0.9879545226885705,4.945911558024818e-05
5,first,578161543,0.9998747871381348,0.0007260849990416
3370,firth,927276,0.9156065311028749,4.143468295580988e-08
4048,fishy,658490,0.8986276670339577,3.165462851484335e-07
3284,fists,979557,0.9177601923269558,2.823051247560216e-06
37038,fisty,14154,0.07247320444756085,3.027381394460349e-09
2645,fitch,1518593,0.9337623960733247,1.4485820711840348e-08
20276,fitly,39568,0.4922368025643594,1.3102392912855978e-07
10261,fitts,123463,0.7430381648802965,7.141443143510173e-09
9528,fiver,141567,0.7613943704297306,9.614717768613449e-08
5042,fives,433791,0.8737353500951618,3.387236480989486e-07
291,fixed,49215402,0.9927126114394471,6.625836474995595e-05
4426,fixer,554896,0.8891615746769508,2.5974347067858616e-07
1093,fixes,7513516,0.9726284683962737,1.697774400781782e-06
10511,fixit,118592,0.7367775217870379,7.374148922600909e-09
7920,fizzy,194519,0.8016628268055694,1.1089244591033777e-07
31450,fjeld,19150,0.21241109886807572,4.116167591217134e-09
5349,fjord,387543,0.8660472803766402,3.533483078399513e-07
5197,flack,408860,0.8698537513773414,6.226244146034789e-08
679,flags,14870655,0.9829960933587099,3.611768829614448e-06
9019,flail,155382,0.774141039767605,2.987882567140332e-07
2339,flair,1924190,0.9414254232194731,1.0218687316410069e-06
3543,flake,847014,0.91127416608234,1.1269705237282324e-06
4983,flaky,442666,0.8752128618651708,3.1523788521781173e-07
1013,flame,8527495,0.9746318741861164,1.0685970555641687e-05
19546,flamm,42179,0.5105178803966743,1.6954100343080643e-09
3401,flank,910609,0.9148302113593109,3.749515030904149e-06
29432,flans,21660,0.26294700991685865,2.5794778295562537e-08
3010,flaps,1163036,0.9246218571571672,1.803706172722741e-06
2200,flare,2190533,0.9449063407793249,2.773240130409249e-06
219,flash,68391647,0.9945156766503055,9.547634917907998e-06
3030,flask,1150132,0.9241210057097065,3.3570902337487496e-06
1403,flats,4911343,0.9648652709606331,3.3539894639034174e-06
6637,flava,265029,0.8337924471601723,8.54694845742188e-08
1890,flaws,2856172,0.9526695382149655,3.098604677234107e-06
30776,flays,19928,0.22928979264750074,1.4697931636220571e-08
4013,fleas,668194,0.8995041570670139,7.358378297794843e-07
4917,fleck,454043,0.8768656716417911,9.856559827881029e-08
4662,fleer,502699,0.8832515275969147,1.2103216127101746e-08
6954,flees,244621,0.8258539517179204,4.6102873568543146e-07
878,fleet,10364423,0.978012621456476,1.2455656251404435e-05
1160,flesh,6768724,0.9709506160472804,1.703807974990923e-05
3166,fleur,1056974,0.9207152158669738,1.758095939408122e-07
3755,flexi,756518,0.9059651407392567,6.538680501932959e-08
8353,flexo,176393,0.7908193929680457,2.4818355299771612e-08
2180,flick,2226500,0.9454071922267855,9.748256098873752e-07
11752,flics,97473,0.7056996894721026,2.389574145666984e-08
3518,flied,858118,0.9119002303916658,3.20068526704631e-08
4473,flier,542812,0.8879845737754182,3.280238075831221e-07
1410,flies,4894680,0.9646899729540218,6.517558340419782e-06
13865,flims,74117,0.6527847340478814,1.57108192122557e-09
3968,fling,682999,0.9006310728238005,1.0021886907907173e-06
1774,flint,3230800,0.9555744766102374,1.5705514215369476e-06
4249,flips,598531,0.8935941099869779,4.778715111797282e-07
2413,flirt,1817719,0.9395722728638686,5.991249759063066e-07
4986,flite,442097,0.8751377341480517,3.221176345657994e-09
19969,flits,40623,0.4999248722828809,1.0563764412552246e-07
991,float,8808655,0.9751828107783231,5.485369811140117e-06
2002,flock,2585098,0.9498647701091856,4.0398003238806265e-06
35232,flocs,15523,0.11770009015326054,1.017917713852512e-07
18312,floes,47050,0.5414204147049985,2.671377183105506e-07
28279,flogs,23265,0.29182109586296706,1.3692934945908064e-08
720,flood,13979267,0.9819693478914154,1.8530659363023007e-05
274,floor,53759851,0.9931383351697887,6.69797229784308e-05
3256,flops,997539,0.9184613843534007,6.539583154108186e-07
1428,flora,4756211,0.9642392066513072,4.277999146324873e-06
9565,flory,140569,0.7604677952519283,1.0507791339264826e-08
3237,floss,1013783,0.9189371932284884,3.787723025538981e-07
1364,flour,5162842,0.9658419312831814,1.0222808814432938e-05
14070,flout,72396,0.6476510067114094,1.950503181546992e-07
2457,flown,1749635,0.9384703996794551,3.748234221347957e-06
853,flows,10797166,0.9786386857658018,2.613073662359966e-05
16857,flubs,53909,0.5778573575077632,8.481131046345069e-09
13329,flues,79163,0.6662075528398277,1.7137059444394253e-07
3595,fluff,814535,0.9099719523189422,3.9362626154115786e-07
761,fluid,12943336,0.980942602424121,3.754728011699626e-05
2999,fluke,1168887,0.9248973254532705,4.629773445685714e-07
8414,flume,173970,0.7892917960532906,4.3402636606515444e-07
3555,flung,838045,0.9109736552138635,3.997744993284869e-06
13243,flunk,79790,0.6683612140639087,8.549681709268953e-08
5916,fluor,327545,0.8518481418411299,6.697966405511124e-08
1288,flush,5625285,0.967745166783532,4.269383207429201e-06
1571,flute,4090740,0.9606581188019634,2.430397817079211e-06
8041,flyby,188696,0.7986326755484323,1.3148722558753433e-07
1276,flyer,5718564,0.9680456776520084,8.751712147159196e-07
18277,flyte,47235,0.5422969047380547,2.4780518270706154e-09
5384,foals,382728,0.8651707903435841,3.7088210035562953e-07
5676,foams,351933,0.8578583592106581,6.799783488986577e-07
7266,foamy,226531,0.8180406691375338,2.957901341460456e-07
1263,focal,5844761,0.9683712310928578,8.710930387678673e-06
226,focus,65626732,0.9943403786436943,7.214009583549341e-05
14484,fogey,69046,0.6372833817489733,2.0275823704452026e-08
3891,foggy,704386,0.9025593508965241,6.440406968977186e-07
11479,fogle,101746,0.7125363117299409,1.4568187628460903e-09
4515,foils,533300,0.8869327857357507,8.014714802584422e-07
16484,foist,55908,0.587198237002905,1.213273368705359e-07
2137,folds,2282227,0.946484022838826,4.703785507444991e-06
2112,foley,2314106,0.9471100871481518,1.8297884030182843e-08
8544,folia,169908,0.7860362616447961,1.0734538093970514e-07
3183,folic,1050468,0.9202894921366322,9.01200510270428e-07
8120,folie,185419,0.7966543123309626,9.06219130314412e-08
2399,folio,1842202,0.9399228688770911,1.4305856200280686e-06
733,folks,13760930,0.9816437944505659,7.263980564857775e-06
8825,folky,161177,0.7789992988079736,1.047421611666266e-08
2786,folly,1367992,0.9302313933687268,2.846755314749316e-06
3255,fonda,997617,0.9184864269257739,1.3602015265234969e-08
3567,fonds,833672,0.9106731443453872,1.4298026158598985e-07
19769,fondu,41338,0.5049333867574878,1.5191680571291498e-08
16296,fones,56983,0.5919062406090354,5.372139613157856e-09
803,fonts,11884559,0.9798908143844536,1.2952417878864252e-06
538,foods,21150689,0.9865270960633076,1.9090011992375367e-05
19920,foody,40829,0.5011519583291596,3.0746984047702597e-09
1790,fools,3167945,0.9551737954522689,2.14884263186832e-06
12250,foots,90698,0.6932284884303316,6.020075268509119e-08
4613,footy,512263,0.8844786136431935,5.8594878451501136e-08
7801,foram,200416,0.8046428929179605,5.294252183318805e-08
4673,foray,499808,0.8829760593008114,5.373613416281842e-07
11339,forbs,103746,0.7160422718621657,3.741558781200638e-07
198,force,79199815,0.9950415706701392,0.0001428070497058
5353,fords,386914,0.8659471100871482,1.481907496270196e-07
16338,forel,56728,0.590854452569368,3.461764515044763e-09
11213,fores,105776,0.719197635981168,6.523431352434272e-08
1596,forex,3977390,0.9600320544926375,1.5667038691713489e-07
1352,forge,5226805,0.9661424421516578,2.3432948023582865e-06
5779,forgo,340426,0.8552789742562356,8.023790417155397e-07
1681,forks,3592612,0.9579034358409296,1.1934592157558654e-06
4465,forme,544011,0.8881849143544025,4.720168942640157e-07
231,forms,63561604,0.9942151657818291,0.0001144620237755
2427,forte,1795408,0.9392216768506461,6.42554903151904e-07
558,forth,20149609,0.986026244615847,5.647161757224239e-05
3802,forts,737169,0.9047881398377241,1.7393383927810647e-06
1105,forty,7415064,0.9723279575277972,2.361405066039879e-05
35,forum,254478181,0.9991235099669438,9.280685972044012e-06
4966,forza,444920,0.8756385855955123,4.6263750377306693e-08
34620,forze,16078,0.13302614444555744,9.721608407176063e-09
7693,fossa,205501,0.8073474907342483,1.4064818662973266e-06
7234,fosse,228402,0.8188420314534709,1.0271718068111113e-07
27891,foule,23875,0.3015376139437043,1.030365397980404e-07
3573,fouls,830765,0.910522888911149,1.351562760021352e-07
45,found,232005894,0.9988730842432134,0.000367696727626
9736,fount,135738,0.7561855153761394,2.662971081690557e-07
4304,fours,583578,0.892216768506461,8.666089058806392e-07
30160,fouth,20702,0.2447160172292898,1.0570145541066725e-08
14190,fovea,71302,0.6446458980266453,3.3306651289422004e-07
9292,fowls,147855,0.7673044175097666,5.987967864484745e-07
16669,foxed,54921,0.5825653611138936,5.917302026148265e-08
3623,foxes,801589,0.9092707602924972,1.120421247833292e-06
32017,foxie,18525,0.19821196033256536,5.459758964376782e-10
3194,foyer,1042532,0.9200140238405289,1.2734562761806956e-06
7867,foyle,197311,0.8029900831413402,3.301163238322857e-09
26986,frack,25385,0.32420114194130023,7.217075620458146e-09
21215,fract,36618,0.46872182710608035,2.7274354410522505e-08
8616,frags,167627,0.7842331964339377,3.0500771632802075e-08
3924,frail,696174,0.901732946008214,2.185290238685411e-06
304,frame,46079991,0.9923870579985976,3.610694322560448e-05
1401,franc,4916960,0.9649153561053792,1.2983124520360434e-06
425,frank,31392284,0.9893569067414605,2.917062201959197e-06
13587,fraps,76522,0.6597465691675849,3.8855956022154637e-10
33338,frass,17220,0.16513072222778724,7.93297196111098e-08
27695,frate,24184,0.306445958128819,1.2705870346962913e-08
29565,frati,21465,0.2596163477912451,5.91087141454949e-09
26189,frats,26636,0.3441600721226084,1.0675681154648231e-08
663,fraud,15378751,0.9833967745166784,1.500466756624519e-05
32854,frays,17669,0.17725132725633577,3.088356464786557e-08
1612,freak,3908219,0.959631373334669,1.3702760975320416e-06
1952,freed,2683280,0.9511168987278373,5.438770822365768e-06
4505,freer,534734,0.8871832114594811,1.2790423738806566e-06
3459,frees,888094,0.9133777421616749,8.876609081198694e-07
36671,freet,14425,0.08166382850846439,2.0251200671950188e-09
28938,fremd,22321,0.2753180406691375,9.61839763391481e-09
8295,freon,178783,0.7922718621656817,1.268414256294648e-07
8355,frere,176281,0.7907693078232996,4.291795463018388e-08
347,fresh,38781893,0.9913102273865572,3.992327037849464e-05
5912,frets,327989,0.851948312130622,2.118224952596393e-07
5115,friar,422181,0.8719072423119303,6.094023416380878e-07
1513,fried,4364192,0.9621105879995994,2.9806373390783848e-06
24191,frier,29815,0.39419513172393067,1.090861474040139e-08
2235,fries,2119656,0.9440298507462687,9.592464155616654e-07
11617,frill,99652,0.7090804367424622,1.709454028286928e-07
7729,frise,203691,0.806445958128819,2.6283137017912853e-08
9117,frisk,152512,0.7716868676750476,2.319199921885229e-07
2870,frist,1284684,0.928127817289392,1.113732279733881e-08
4300,frith,584571,0.8923169387959531,1.9777196555992303e-08
10412,frits,120455,0.7392567364519683,4.378094427437418e-08
2117,fritz,2309089,0.9469848742862866,3.293338648902022e-08
10035,frizz,128481,0.7486977862366022,3.269767772096088e-08
8121,frock,185379,0.7966292697585896,6.586255801721563e-07
2104,frogs,2326307,0.9473104277271361,2.0634427028198844e-06
12616,frond,86555,0.684062906941801,2.457276582390477e-07
153,front,100886343,0.9961684864269258,0.0001021864041103
6899,frosh,248077,0.8272312931984374,4.6837676723754384e-08
1246,frost,5940685,0.9687969548231994,3.986248070759757e-06
6452,froth,278469,0.8384253230491836,5.971706849550173e-07
3790,frown,742356,0.9050886507062006,2.416220636405342e-06
4265,froze,594804,0.8931934288290093,2.5410671571535204e-06
33274,frugs,17289,0.16673344685966143,3.6875363429444974e-10
510,fruit,22767191,0.9872282880897526,2.9633993726747576e-05
33487,frump,17084,0.16139937894420514,1.7999825319137132e-08
15448,frush,62180,0.6131423419813683,1.1466360394507546e-09
3500,fryer,866546,0.9123509966943805,1.745158046162487e-07
8480,fubar,171893,0.7876389862766704,1.721823588846094e-09
1828,fucks,3058134,0.9542221777020936,1.4537124499725e-07
16628,fucus,55113,0.583592106581188,9.847262578688289e-09
18519,fuddy,46030,0.5362366022237804,3.1815602632434553e-08
2304,fudge,1969555,0.9423019132525293,4.330617431946848e-07
19570,fudgy,42078,0.5099168586597215,1.087214938966241e-08
1446,fuels,4657731,0.9637884403485926,1.158052393293474e-05
23954,fugal,30257,0.4001302213763398,9.2996015084168e-08
10591,fugly,117114,0.7347741159971952,2.9722485753169714e-09
5250,fugue,400733,0.8685264950415706,4.55403477985783e-07
28221,fulls,23358,0.29327356506060304,1.523791434365762e-08
295,fully,48616832,0.992612441149955,7.461393237463198e-05
11011,fumed,109154,0.7242562356005209,3.780495487148984e-07
34647,fumer,16052,0.13234999499148553,5.744966498077986e-09
3317,fumes,956671,0.9169337874386457,2.103020613049012e-06
25891,fundi,27189,0.3516227586897726,8.427174513769843e-08
267,funds,55721876,0.9933136331763999,0.0001029525900958
7127,fundy,234370,0.8215215866973855,1.496033219527959e-09
2289,fungi,2000715,0.9426775518381248,5.454386923702259e-06
19790,fungo,41280,0.5044074927376541,1.0331572406485634e-08
29864,funks,21067,0.2521286186517079,7.139733639860424e-09
1296,funky,5587279,0.9675448262045477,3.995969223069551e-07
394,funny,34281806,0.9901332264850246,9.522536465738084e-06
11840,furan,96177,0.7034959431032756,2.431624417909007e-07
8335,furor,177433,0.7912701592707603,4.0051302278243386e-07
2367,furry,1887389,0.9407242311930282,6.281465417146137e-07
12900,furth,83270,0.6769508163878594,5.536636287217789e-08
18057,furze,48262,0.5478062706601222,8.44864120352895e-08
2796,fused,1359038,0.9299809676449965,3.920221120097267e-06
19689,fusee,41659,0.5069367925473305,3.1971030107769145e-08
3279,fuses,984514,0.917885405188821,1.035403727200901e-06
38006,fusil,13517,0.04823199439046379,1.6519548555748997e-08
5026,fussy,435961,0.8741360312531303,5.215322420326629e-07
36508,fusty,14545,0.08574576780526896,4.752582803746464e-08
2879,futon,1278430,0.9279024341380346,1.2395271634879636e-07
36023,fuzes,14886,0.09789141540619052,8.180954862879732e-08
1350,fuzzy,5241931,0.9661925272964039,5.312686097340702e-06
3742,gabba,761144,0.9062906941801062,2.706732040724802e-09
5822,gabby,336756,0.8542021436441951,1.4428894630214017e-08
3647,gable,790611,0.9086697385555444,6.833865938915551e-07
25736,gaddi,27337,0.3555043574075929,2.019130544539393e-08
29181,gades,22004,0.26923269558249024,3.724550879935506e-09
13532,gadis,77158,0.6611239106481017,6.418620617232307e-09
35017,gadjo,15707,0.12308424321346288,3.504388220026966e-09
9856,gaffe,132748,0.7531804066913753,9.573187107037029e-08
21089,gaffs,36976,0.47187719122508265,2.937294066640561e-08
19320,gaged,43017,0.51617750175298,1.3950139031493337e-07
28879,gager,22394,0.27679555243914655,4.0013887658840734e-09
5289,gages,395070,0.8675498347190224,9.747410884131114e-07
9920,gaily,131276,0.7515776820595012,6.449272916597693e-07
888,gains,10137566,0.9777621957327457,2.1729282398155192e-05
33935,gaita,16673,0.15018030652108585,6.621947277185569e-09
14631,gaits,68049,0.6336021236101372,1.1255319783742836e-07
32741,galah,17753,0.18008113793448863,1.0459552814978678e-08
9201,galas,150294,0.7695832915957127,4.7487863028550246e-08
8498,galax,171399,0.7871882199739557,7.708830946917544e-09
12821,galea,84109,0.6789291796053291,6.331360154376854e-08
5342,gales,388808,0.8662225783832516,4.396283264895828e-07
6241,galls,296535,0.8437093058198938,4.343566129705323e-07
18854,gally,44736,0.527847340478814,1.4944068347233497e-08
19978,galop,40586,0.49969948913152357,1.624078967310538e-08
18750,gamay,45134,0.5304517680056096,3.971793287593783e-09
8822,gamba,161217,0.7790744265250926,1.017757188748192e-07
36467,gambe,14580,0.08677251327256336,6.600770441345105e-09
29838,gambo,21101,0.2527797255334068,2.2049424197589927e-09
12235,gamed,90910,0.6936041270159271,3.4099610708437925e-08
1800,gamer,3144985,0.9549233697285385,1.0509760237198409e-07
24,games,305930896,0.9993989782630471,2.1939328016742367e-05
23109,gamey,31934,0.42129119503155366,2.966527723913259e-08
9520,gamin,141727,0.7615947110087148,2.925740595571824e-08
382,gamma,35426622,0.9904337373535009,8.150338212544739e-06
10624,gamme,116430,0.7339477111088851,1.0208914007492354e-08
4435,gamut,553397,0.8889361915255936,9.592851199613506e-07
7252,gandy,227271,0.8183912651507563,8.141965639474336e-09
2464,gangs,1743105,0.9382951016728438,2.6321456471123384e-06
7032,ganja,240308,0.8239006310728239,1.778605243885068e-07
17008,gants,53220,0.574075929079435,1.0744268985618532e-08
35679,gaols,15170,0.10650606030251428,8.829645466335024e-08
14711,gaped,67468,0.6315987178202945,5.950392710474262e-07
24313,gaper,29551,0.39113993789442053,8.369510049455187e-09
12264,gapes,90458,0.6928778924171091,6.334579239819505e-08
23471,garbe,31214,0.4122257838325153,1.682616321829755e-09
7260,garbo,226734,0.818190924571772,5.343059403806194e-09
21076,garbs,37010,0.4722027446659321,2.7745073509777285e-08
3502,garda,866274,0.9123009115496343,2.9394413303407418e-08
19347,garis,42928,0.5155013522989081,7.082753685772047e-09
8443,garni,173084,0.7885655614544727,7.424837995984036e-08
2208,garth,2176273,0.9447060002003406,3.2396658475875033e-08
1528,gases,4277836,0.9617349494140038,1.2821240752600716e-05
7721,gasps,203961,0.8066462987078032,6.673570635484793e-07
15297,gassy,63283,0.6169237704096965,1.0351124089424957e-07
38583,gatch,13148,0.033782430131223076,4.575484360280768e-09
2725,gated,1426083,0.931758990283482,1.2953637030932442e-06
20527,gater,38694,0.48595111689872783,3.419602787602116e-09
859,gates,10734618,0.9784884303315636,8.674983537275693e-06
2629,gator,1536519,0.9341630772312932,9.862560403917089e-08
33090,gauch,17474,0.1713412801762997,7.51281030025863e-10
6886,gaudy,248813,0.8275568466392867,5.756925463629159e-07
900,gauge,9952466,0.9774616848642692,9.694602467789082e-06
7490,gault,215308,0.8124311329259741,5.437900543192597e-09
5803,gaunt,338487,0.8546779525192828,7.351715657932801e-07
3629,gauss,798776,0.909120504858259,2.292375422996429e-07
4415,gauze,556178,0.8894370429730541,1.225939936375653e-06
19259,gauzy,43269,0.5177050986677352,1.554400082426355e-07
5666,gavel,352668,0.8581087849343885,3.359154140980536e-07
23516,gawky,31136,0.41109886807572876,9.397296494739749e-08
15463,gayer,62075,0.6127667033957728,5.6712346889753474e-08
24490,gayly,29264,0.38670740258439346,8.334735888126942e-08
38456,gazal,13226,0.03696283682259842,4.325165154916988e-09
4417,gazed,555917,0.8893869578283081,4.248534637554258e-06
9987,gazer,129741,0.7498998297105078,4.491006578177803e-08
8969,gazes,156793,0.7753931683862566,8.108819866947669e-07
26454,gazon,26247,0.33752379044375436,3.820847838120755e-09
1984,gears,2626927,0.9503155364119003,2.607198675832478e-06
36213,geats,14738,0.09313332665531403,6.020684976959512e-10
2929,gecko,1230211,0.926650305519383,1.3272375426254257e-07
1943,geeks,2710575,0.9513422818791947,1.220930747614091e-07
3276,geeky,987806,0.9179605329059402,6.334700970063444e-08
2859,geese,1299115,0.9284032855854953,1.974095985133317e-06
16328,geest,56760,0.5911048782930982,1.5556796872928656e-08
5160,geist,415207,0.8707803265551437,1.5093374834407314e-08
23329,gelee,31457,0.41578182910948613,6.031850843246645e-09
26068,gelly,26858,0.3471902233797456,3.251277136406827e-09
4207,gemma,608694,0.8946458980266453,3.2924701951486674e-08
16906,gemmy,53707,0.5766302714614845,4.290337609624828e-09
785,genes,12396954,0.9803415806871681,1.9161755471941432e-05
2829,genet,1332113,0.9291545627566864,7.546132703595276e-08
14919,genic,65795,0.6263898627667034,1.1636439523954325e-07
2549,genie,1627726,0.9361664830211359,3.607144847705968e-07
14021,genii,72886,0.648878092757688,9.593721173928316e-08
8954,genny,157335,0.7757688069718521,2.8814318919767602e-09
2618,genoa,1548016,0.9344385455273966,3.174017978224697e-08
9303,genom,147512,0.7670289492136633,2.8440466834922522e-08
516,genre,22344091,0.9870780326555144,8.117369084175153e-06
2925,gents,1239020,0.926750475808875,2.246413868078889e-07
24236,genua,29699,0.39306821596714414,1.6787669867568412e-08
1529,genus,4275567,0.9617099068416308,9.737077971294638e-06
8668,geode,166060,0.78293098267054,2.502369772727775e-08
11400,geoid,102915,0.7145146749474106,2.340209971407603e-07
17543,gerbe,50674,0.5606781528598618,5.852712727794085e-09
3457,germs,888353,0.9134278273064209,1.0652733942606573e-06
11206,gerne,105865,0.7193729339877792,2.0146779391438943e-08
12471,gesso,88099,0.687694079935891,1.1403330631765129e-07
18126,geste,47991,0.5460783331663829,1.106836145936541e-07
15331,gests,62994,0.6160723229490134,7.555070205000904e-08
28136,getup,23481,0.2954021837123109,6.389269314510671e-08
7006,geyer,241654,0.8245517379545226,1.2362704610024975e-09
8871,ghast,159837,0.777847340478814,5.844369403984473e-09
12343,ghats,89465,0.6908995291996394,8.796642411823542e-08
34616,ghaut,16083,0.13312631473504957,4.510343829533525e-09
7007,ghazi,241650,0.8245266953821496,1.2759690060093476e-08
695,ghost,14490042,0.9825954122007413,6.259808001232159e-06
6918,ghoul,247064,0.8267554843233497,1.1723931038432057e-07
10262,ghyll,123412,0.7430131223079235,3.1985985371463243e-09
614,giant,17098874,0.984623860562957,1.3494475151674123e-05
4747,giddy,483433,0.8811229089452068,7.678345667727627e-07
165,gifts,95412416,0.9958679755584494,1.526778720290167e-05
12266,gigas,90433,0.692827807272363,2.368120043172439e-07
20414,gigot,39052,0.4887809275768807,9.739307724743185e-09
20425,gigue,39029,0.4885054592807773,2.25920512519906e-08
35382,gilds,15396,0.11394370429730542,7.322493942751862e-08
12825,gilet,84043,0.6788290093158369,5.882452225325352e-09
5248,gills,400858,0.8685765801863168,1.0600678479022463e-06
8509,gilly,171141,0.7869127516778524,7.060307929407372e-09
9331,gilts,146810,0.7663277571872182,4.652966539708814e-07
34384,gimel,16276,0.1389361915255935,9.051750535782332e-09
2691,gimme,1471759,0.9326104377441651,1.1722297465155406e-07
17099,gimps,52802,0.571797054993489,4.9656460232583295e-09
18454,gimpy,46387,0.5378643694280276,1.823519800936424e-08
22267,ginch,33850,0.4423770409696484,8.244945617907893e-10
34893,ginge,15812,0.12618952218771912,4.411024487893655e-09
24151,gings,29873,0.395196834618852,3.48349264545078e-09
3263,ginny,995339,0.9182860863467895,5.988467746131931e-09
5347,gipsy,387772,0.8660973655213864,1.7132973553657396e-07
33682,girds,16916,0.1565160773314635,3.2325423831025546e-08
111,girls,132325396,0.9972202744665932,4.058407906995854e-05
3681,girly,778626,0.9078182910948612,1.407066333314333e-07
16889,giron,53771,0.5770559951918262,2.548987749761977e-09
29802,giros,21152,0.253681258138836,5.700720484558274e-09
4709,girth,492919,0.8820745266953821,7.867976455600001e-07
18414,gists,46570,0.538866072322949,5.170915823526911e-08
6331,gites,289297,0.8414554743063207,9.340910405164493e-09
122,given,125542966,0.9969448061704899,0.0003256359416991
3917,giver,698546,0.9019082440148252,1.1456748768523538e-06
306,gives,45649146,0.9923369728538516,7.594037073431537e-05
3605,gizmo,811158,0.9097215265952119,7.619585147722318e-08
5701,glace,348348,0.8572322949013322,8.419578179541532e-08
3003,glade,1168016,0.9247971551637785,3.4719695861440415e-07
29176,glads,22012,0.2693579084443554,1.6942473282099968e-08
18246,glady,47349,0.5430732244816188,2.574036819247283e-09
2008,gland,2561362,0.9497145146749474,7.588349726574961e-06
10069,glans,127535,0.7478463387759191,2.811460706197977e-07
2602,glare,1567097,0.9348392266853651,3.0333618565236973e-06
232,glass,63559754,0.9941901232094561,5.531430892006029e-05
2720,glaze,1431525,0.9318842031453471,1.7369304691783328e-06
5623,gleam,356949,0.8591856155464289,1.452287469874136e-06
7154,glean,232952,0.8208454372433136,4.837642217125903e-07
5489,glebe,371095,0.8625413202444155,1.0778202273797889e-07
31182,gleed,19458,0.2191225082640489,1.377279372771767e-09
4721,glens,489161,0.8817740158269057,1.2942940060156617e-07
6115,glial,308665,0.8468646699388961,9.338427980765118e-07
2476,glide,1731344,0.9379945908043674,1.6870198874130437e-06
6544,glint,272373,0.8361214063908645,7.974978615266082e-07
5563,glitz,363646,0.860688169888811,9.757577561719801e-08
10766,gloat,113594,0.7303916658319143,1.850565722349984e-07
692,globe,14554904,0.9826705399178604,5.7112549575322194e-06
13642,globs,76001,0.6583692276870681,6.331648954471803e-08
17194,glogg,52283,0.5694180106180506,2.201065688600678e-09
3477,gloom,878018,0.9129269758589602,2.585513841495413e-06
26971,gloop,25416,0.3245767805268957,1.0519747947190796e-08
755,glory,13158826,0.9810928578583592,1.2930029070048475e-05
1723,gloss,3426618,0.9568516478012622,2.1179186887820834e-06
1437,glove,4714578,0.9640138234999499,2.3830093437027244e-06
5470,glows,372911,0.8630171291195031,4.298256908441544e-07
3291,glued,975384,0.9175848943203446,1.641801716232294e-06
5068,glues,428787,0.8730842432134629,2.712092862111604e-07
38116,gluey,13442,0.04547731142943003,4.517197890407944e-08
16166,glume,57779,0.5951617750175298,1.735345825437662e-07
5327,gluon,389852,0.8665982169688471,5.859205525027278e-07
30564,glute,20171,0.234598817990584,1.1468428297023437e-08
4126,glyph,632257,0.896674346388861,2.434931876393875e-07
15713,gnash,60339,0.6065060603025143,4.9668348651721314e-08
4548,gnats,527105,0.8861063808474406,2.131311615016785e-07
25692,gnaws,27374,0.3566062305920064,8.068117118398277e-08
777,gnome,12609820,0.9805419212661525,2.083113908213364e-07
17683,goads,49971,0.557172192727637,7.817063085724385e-08
366,goals,36766773,0.9908344185114695,4.987030653865077e-05
2203,goats,2184919,0.9448312130622057,4.129924705011945e-06
17571,gobbi,50563,0.5599769608334169,9.475088641464067e-10
26455,gobbo,26246,0.33749874787138134,1.8878691443457996e-09
20687,gobby,38152,0.48194430531904237,3.2191466378672653e-09
18285,gobos,47193,0.5420965641590704,1.1733563196614228e-08
30155,godet,20707,0.24484123009115497,7.252300833204827e-09
3833,godly,725475,0.90401182009416,1.2229846208811068e-06
4926,goers,452132,0.8766402884904337,3.7678158264498053e-07
16817,goest,54161,0.5788590604026845,1.0765370880960745e-07
9238,goeth,149310,0.7686567164179104,2.935766882217195e-07
23618,gofer,30932,0.4085445256936793,3.604212323260469e-08
28848,goffs,22441,0.2775718721827106,8.260773440293967e-11
23065,gogos,32011,0.42239306821596717,1.786639559769876e-09
92,going,155284081,0.9976960833416808,0.0002331612282432
5858,golds,333197,0.8533006110387659,1.3566461760206038e-07
11466,goldy,101899,0.7128618651707903,3.3683719613541998e-09
4970,golem,444797,0.8755384153060203,1.2409874692309585e-07
20789,golfs,37851,0.4793899629369929,9.497682471604208e-09
5896,golly,329846,0.8523489932885906,1.138428278579795e-07
18265,golpe,47267,0.5425974156065311,3.4461834275134606e-08
9199,gomer,150383,0.7696333767404587,4.534540480882754e-09
20321,gompa,39410,0.4911098868075729,2.800411406989056e-08
11870,gonad,95676,0.7027446659320845,4.019212079242608e-07
22222,gonch,33946,0.44350395672643494,2.5481053315956623e-10
13149,goner,80810,0.6707152158669738,9.190305075179597e-08
10367,gongs,121530,0.7403836522087549,2.1856411791532082e-07
743,gonna,13542156,0.9813933687268356,6.614052438180806e-06
3191,gonzo,1046835,0.920089151557648,2.143185779734936e-08
34326,gooby,16325,0.1403886607232295,4.87018828737584e-10
279,goods,52507183,0.9930131223079235,8.105658198473976e-05
3810,goody,733518,0.9045877992587399,1.773136419558341e-07
5836,gooey,335656,0.8538515476309727,2.009738015829044e-07
4264,goofs,594965,0.8932184714013823,2.7432252451831122e-08
2980,goofy,1187234,0.9253731343283582,3.031954753396349e-07
37268,googs,13989,0.066713412801763,4.0826237154845125e-10
19409,gooks,42729,0.51394871281178,5.980988543541343e-08
14261,goold,70648,0.6428678753881599,6.271454973116875e-09
19628,gools,41866,0.5084643894620855,4.671471581785269e-09
37850,gooly,13620,0.05213863568065712,5.316529146093263e-10
6744,goons,258119,0.8311128919162576,2.192581752780143e-07
30488,goony,20285,0.2365020534909346,4.2595249216681456e-09
28875,goops,22403,0.27689572272863866,1.4588427649231406e-09
32066,goopy,18459,0.1969848742862867,1.2184727695707664e-08
1648,goose,3739382,0.9587298407292397,2.311867694970715e-06
29006,goral,22229,0.27361514574777124,1.24551070967982e-08
13958,gored,73382,0.6504557748171892,1.1876587961978657e-07
12875,gores,83507,0.6775768806971852,5.3321189383837006e-08
2320,gorge,1950264,0.9419012320945608,1.3234697871666869e-06
26728,goris,25809,0.330662125613543,4.719656818141793e-10
8304,gorse,178549,0.7920464790143243,2.128721004623913e-07
11778,gosse,97083,0.7050485825904037,3.4133079096498876e-09
17095,gotch,52814,0.571897225282981,1.4358720284990411e-09
6335,goths,289217,0.8413553040168286,1.7576210697978212e-08
1147,gotta,6870320,0.9712761694881298,2.312730752009884e-06
7026,gouge,240551,0.824050886507062,3.374686895085688e-07
4666,gourd,502106,0.8831513573074227,6.370004791733663e-07
15872,gouty,59461,0.6025242912952018,1.734875674230807e-07
10803,gowan,112945,0.729465090654112,3.472815732763479e-09
2185,gowns,2217657,0.9452819793649203,1.136108958235127e-06
20259,goyim,39630,0.492662526294701,5.0439963246162735e-08
20698,goyle,38131,0.481668837022939,1.036200267257037e-09
9730,graal,135956,0.7563357708103776,9.824641731270844e-09
2445,grabs,1763328,0.9387709105479315,1.4399092867733995e-06
601,grace,17642126,0.9849494140038064,1.656442933381186e-05
272,grade,54275130,0.9931884203145347,3.718285675859079e-05
3559,grads,836760,0.9108734849243715,2.684035526101525e-07
4836,graff,466226,0.8788941200040068,7.605460807802445e-09
2591,graft,1576259,0.9351146949814685,4.955216036250932e-06
3055,grail,1122474,0.9234949414003807,1.7419631753057277e-07
885,grain,10244623,0.9778373234498647,3.2476615670020694e-05
11537,grama,100793,0.7110838425323049,2.1629328870176325e-07
25315,gramp,27822,0.3660472803766403,1.5429172695036186e-09
1351,grams,5240826,0.9661674847240308,5.853393486177083e-06
14629,grana,68072,0.6336522087548833,9.685224000577365e-08
261,grand,56599468,0.9934638886106381,1.8354809599259168e-05
18894,grans,44562,0.5268456375838926,2.3699616544803347e-08
299,grant,47609624,0.9925122708604628,4.960829584888415e-05
1669,grape,3638159,0.958203946709406,2.8423247294995234e-06
660,graph,15526746,0.9834719022337974,1.724589936202392e-05
1762,grasp,3270025,0.9558749874787138,1.0052656671177827e-05
764,grass,12868953,0.9808674747070019,2.171398653445067e-05
4000,grate,672155,0.8998297105078634,1.0759514862002106e-06
1141,grave,6929008,0.971426424922368,1.5215544008242433e-05
2714,gravy,1441099,0.9320344585795853,9.13257043748672e-07
3458,grays,888341,0.9134027847340479,2.479012911749123e-07
5552,graze,364990,0.8609636381849144,1.035811192195979e-06
26,great,301487430,0.9993488931183011,0.0002544925612164
5862,grebe,332810,0.8532004407492738,7.345236021194523e-08
18255,grece,47284,0.5428478413302614,6.9972980742960544e-09
2290,greed,1997460,0.9426525092657517,3.0153806460475607e-06
490,greek,25059132,0.9877291395372133,1.3129650724863498e-07
144,green,108287905,0.9963938695782831,5.266318134090398e-05
23539,grees,31089,0.41052288891114896,4.648313192134879e-08
2432,greet,1784219,0.9390964639887809,3.09286335550496e-06
19780,grego,41299,0.5046579184613843,2.9830852357748406e-09
29051,grein,22178,0.27248822999098465,4.264369928286271e-09
33170,grens,17393,0.16933787438645698,5.859740652702783e-09
7723,greve,203902,0.8065962135630572,1.4956098031149167e-08
6087,greys,310921,0.8475658619653411,1.423925527888059e-07
7281,grice,225915,0.8176650305519383,3.467367475362692e-09
2603,grids,1562935,0.9348141841129921,1.9860800784954337e-06
1474,grief,4552843,0.9630872483221476,9.446924232179298e-06
6536,griff,272880,0.8363217469698487,1.032430601455303e-08
884,grill,10254124,0.9778623660222378,1.748571572761648e-06
4607,grime,514156,0.8846288690774317,4.325458743892341e-07
9621,grimy,139160,0.7590654111990384,5.134407376772288e-07
2032,grind,2482307,0.9491134929379946,1.829718487442733e-06
5179,grins,412096,0.8703045176800561,6.468071526910535e-07
12036,griot,93385,0.6985875989181609,6.711238125234332e-08
4461,gripe,545043,0.8882850846438947,2.0022380681439244e-07
1981,grips,2629556,0.9503906641290193,2.037857800587517e-06
15154,grise,64238,0.6205048582590403,5.1385540444925946e-08
4578,grist,519954,0.8853551036762496,4.194841619664658e-07
4961,grits,445581,0.8757637984573775,4.815367043420337e-07
4791,groan,473578,0.8800210357607934,1.739423402113971e-06
11984,groat,94121,0.6998898126815587,1.0730325769259253e-07
36635,grody,14446,0.08256536111389362,2.7802518609565395e-09
3667,groin,784476,0.9081688871080837,1.3627712712604988e-06
11005,groks,109301,0.7244064910347591,6.633119063736981e-10
1973,groom,2637912,0.9505910047080036,2.259459206470637e-06
8860,grope,160148,0.7781228087749174,2.931797499172717e-07
636,gross,16440590,0.9840729239707503,3.39549577802245e-05
11977,grosz,94226,0.7000651106881699,4.872041377002033e-09
22,group,321842984,0.9994490634077933,0.0002774764804053
4140,grout,628986,0.8963237503756386,8.60408777612065e-07
667,grove,15189493,0.9832966042271862,1.913092603444966e-06
4863,growl,461820,0.8782179705499349,1.1292647059235606e-06
722,grown,13931521,0.9819192627466693,3.534764065989293e-05
1252,grows,5899321,0.9686466993889612,1.088081515263184e-05
20722,grrls,38041,0.4810678152859862,1.3714859541102962e-09
10230,grrrl,124042,0.7438144846238606,1.628273934642377e-08
9013,grubs,155690,0.7742912952018431,3.33046078822008e-07
12998,gruel,82196,0.674496644295302,2.942455998322657e-07
7077,gruff,237505,0.8227737153160373,5.783936276770873e-07
13544,grump,77025,0.6608233997796253,2.3227762175892508e-08
8989,grund,156242,0.7748923169387959,1.8506392098771585e-08
4181,grunt,616546,0.8952970049083442,8.956947118576863e-07
30619,gryce,20104,0.2332214765100671,3.7117239538864144e-10
18058,guana,48251,0.5477812280877492,4.481841111569907e-09
7977,guano,191918,0.8002354001803065,2.68302603956272e-07
539,guard,21137924,0.9865020534909346,1.973051201275666e-05
6722,guava,259541,0.8316638285084644,2.445998924827109e-07
453,guess,28743465,0.9886557147150156,2.4277072880067864e-05
268,guest,55293215,0.9932885906040269,1.1217694836886947e-05
59,guide,213378807,0.998522488229991,3.891761429258622e-05
15640,guids,60857,0.6083341680857458,2.566780245571997e-09
1064,guild,7923630,0.9733547029950916,1.3440460361380247e-06
3218,guile,1026260,0.9194130021035761,4.0002529829052966e-07
1673,guilt,3623942,0.9581037764199138,1.3567795758717693e-05
23846,guiro,30477,0.4028348191926275,8.99918289221091e-09
3713,guise,767344,0.9070169287789241,2.25679171308002e-06
6682,gulag,261761,0.8326655314033857,7.389543542901667e-08
21488,gular,35915,0.461885204848242,9.733770028219624e-08
4080,gulch,647573,0.8978263047180206,1.248769710571196e-07
7663,gules,206933,0.8080987679054392,1.0389940868549277e-07
11839,gulet,96196,0.7035209856756486,1.5536367269780583e-09
17013,gulfs,53210,0.5739507162175699,1.4011831709126454e-07
4735,gulls,485882,0.8814234198136832,8.961092919435032e-07
3626,gully,800734,0.9091956325753782,8.61682892718818e-07
29961,gulph,20956,0.2496994891315236,2.0272232461593376e-08
16498,gulps,55790,0.5868476409896825,2.6287751069276056e-07
4827,gumbo,467464,0.8791195031553641,1.5213769486877028e-07
28664,gumma,22711,0.2821797054993489,2.2149918219582793e-08
7754,gummi,202615,0.8058198938194931,7.915072881559127e-09
6411,gummy,281705,0.839452068516478,1.933999203629355e-07
11225,gundy,105598,0.7188971251126915,3.3713159552917203e-09
29045,gunge,22183,0.2726384854252229,1.0047789902323244e-08
22763,gunks,32641,0.4299559250726235,8.480241081576521e-10
9282,gunny,148136,0.767554843233497,1.2457345462735248e-07
7138,guppy,233792,0.8212461184012821,7.119867319715922e-08
15110,gurdy,64629,0.6216067314434539,5.770257438086901e-08
11855,gurls,95876,0.70312030451768,3.367226266703938e-09
31485,gurry,19106,0.21153460883501954,4.438810170537266e-09
2950,gurus,1217822,0.9261244114995493,4.251231787577581e-07
27501,gushy,24488,0.3113042171691876,2.715998691726895e-08
4612,gusto,512932,0.8845036562155665,5.42858536505264e-07
3034,gusts,1147366,0.9240208354202144,6.093132896012321e-07
7758,gusty,202515,0.805719723530001,1.792657599253289e-07
7522,gutsy,213692,0.811629770610037,1.4705625019928448e-07
13397,gutta,78367,0.6645046579184614,1.485602231809935e-07
23647,guyed,30888,0.4078182910948613,5.7968422737531e-08
12116,guyot,92473,0.6965841931283181,1.96565147225769e-08
26782,gwine,25691,0.32930982670539916,1.1435971316586805e-07
24289,gynae,29598,0.39174095963137334,4.645850779638749e-09
28048,gynos,23629,0.29760593008113795,2.24219107239354e-10
23731,gyoza,30716,0.4057147150155264,7.2698322042819e-09
2196,gypsy,2201227,0.945006511068817,1.1559267500160789e-06
31932,gyres,18626,0.20034057898427327,9.412202530256765e-08
7404,gyros,219254,0.8145847941500551,1.481724154928088e-07
7031,gyrus,240316,0.8239256736451969,7.778263665159102e-07
1413,habit,4880657,0.9646148452369028,1.2757472140947358e-05
15793,hable,59899,0.6045026545126715,1.7288816973604072e-08
1744,hacks,3348166,0.9563257537814285,2.7442596717719425e-07
4496,hades,536971,0.8874085946108384,3.322371890490672e-08
14177,hadji,71389,0.6449714514674948,6.363692013344746e-09
11496,hadst,101518,0.7121105879995994,1.748252654465432e-07
8427,hafiz,173633,0.7889662426124412,8.584059201233174e-09
29081,hahas,22134,0.27173695281979365,6.472142818902957e-10
2607,haiku,1557648,0.9347140138235,3.5980289283088494e-07
4282,hails,590036,0.8927677050986678,2.754336591692663e-07
23388,hains,31365,0.4143043173394771,2.817235124075168e-09
2899,hairs,1258412,0.9274015826905739,4.850152581639122e-06
577,hairy,19060619,0.9855504357407593,2.541213248150598e-06
33573,haith,17021,0.15924571772012422,5.804940321763041e-09
22050,hajji,34398,0.4478112791745968,8.748055371210483e-09
31412,hakam,19201,0.213362716618251,4.6838085787648254e-09
27148,hakea,25068,0.3201442452168687,4.3279235661941594e-09
23105,hakes,31941,0.42139136532104576,1.7278442174806232e-08
5009,hakim,438778,0.8745617549834719,3.7565606945122453e-08
5443,halal,376059,0.863693278573575,1.3020890040849054e-07
35033,haled,15691,0.12268356205549434,6.584391869068895e-08
5511,hales,367827,0.8619903836522087,1.4386744648930972e-08
35751,halfa,15118,0.10470299509165581,6.049743653591123e-08
29588,halfs,21434,0.25904036862666535,1.3136043417460997e-08
4493,hallo,537426,0.8874837223279576,4.077900914722933e-08
1462,halls,4607236,0.963387759190624,4.372033072286286e-06
20146,halma,40013,0.49549233697285383,2.436523434123927e-09
8194,halon,182546,0.7948011619753581,7.510089156781418e-08
5625,halos,356716,0.8591355304016829,3.0784956010165845e-07
16034,halse,58579,0.5984673945707704,2.3003196336635056e-09
5076,halts,427571,0.8728839026344786,4.176661406063431e-07
23256,halva,31605,0.41760993689271764,1.5691499966052903e-08
7034,halve,240290,0.8238505459280777,2.413384905253224e-07
26858,halwa,25564,0.32740659120504856,1.5198283964679152e-08
9560,hamed,140687,0.7605930081137935,3.262390413372173e-09
8878,hames,159559,0.7776720424722028,1.4313593386106052e-08
12496,hammy,87772,0.6870680156265652,2.2807279957959283e-08
5454,hamza,374290,0.8634178102774717,1.6315163877678172e-08
8881,hance,159430,0.7775969147550836,3.2231327740106507e-08
293,hands,49087727,0.992662526294701,0.0001072826822201
1062,handy,7936655,0.9734047881398378,3.2559812598265124e-06
26801,hangi,25667,0.3288340178303115,1.1812540128275373e-08
2132,hangs,2287111,0.9466092357006912,2.461496685555176e-06
2971,hanks,1199778,0.9255985174797156,1.288645202635053e-07
6361,hanky,287363,0.8407041971351297,1.4370204610258954e-07
7272,hansa,226295,0.8178904137032956,4.378334930166261e-09
15114,hanse,64595,0.6215065611539617,3.406425777008337e-09
4652,hants,504165,0.8835019533206451,6.3496794178163894e-09
21981,haole,34588,0.4495392166683362,6.056605084125978e-08
37893,hapax,13596,0.05106180506861665,5.980827399554301e-08
10670,haply,115439,0.7327957527797255,1.1033477235855573e-07
18020,happi,48438,0.5487328458379245,2.203565093950033e-08
233,happy,63471922,0.9941650806370831,4.4851511484012006e-05
29849,hapus,21083,0.2525042572373034,3.072032779272149e-09
9507,haram,142104,0.7619202644495643,8.000998832358164e-08
11512,hards,101311,0.7117099068416308,5.174639611027488e-08
1430,hardy,4748572,0.9641891215065611,1.6459537414448278e-06
5025,harem,435962,0.8741610738255033,7.032031561493568e-07
6561,hares,270712,0.8356956826605229,5.150897783323672e-07
29547,harim,21493,0.2600671140939597,1.41519244145627e-08
18392,harks,46663,0.5394170089151558,1.4153867738286866e-07
3322,harms,954384,0.9168085745767806,1.1907349420425816e-06
6181,harps,302084,0.8452118601622759,3.147342607690007e-07
11131,harpy,107008,0.7212511269157568,8.999245544316639e-08
398,harry,33867934,0.9900330561955324,1.5868475500724346e-07
1573,harsh,4087715,0.9606080336572173,8.784976353126695e-06
9930,harts,131060,0.7513272563357708,4.2224683340919e-08
27600,hasps,24335,0.30882500250425726,2.2346335022405128e-08
4394,hasta,561700,0.8899629369928879,2.7402534612974706e-07
3161,haste,1059853,0.920840428728839,2.9119437590452435e-06
3906,hasty,700024,0.9021837123109285,2.0805740609830537e-06
1616,hatch,3896261,0.9595312030451768,2.8274345322643058e-06
1788,hated,3173792,0.9552238805970149,8.544836691726233e-06
4823,hater,467834,0.8792196734448563,1.8501471714671426e-07
2272,hates,2034161,0.9431032755684664,1.8813014344232213e-06
6811,hatha,253103,0.8294350395672644,4.6880364088508495e-08
14482,haugh,69060,0.6373334668937193,6.7722240215672965e-09
9060,hauls,154079,0.7731142943003105,4.3496827061062505e-07
3278,haunt,985188,0.917910447761194,1.6347894904811255e-06
10506,hause,118666,0.7369027346489031,5.310080815057461e-09
2385,haute,1863024,0.9402734648903135,3.187624656675325e-07
864,haven,10569212,0.9783632174696985,2.2671925421491324e-06
12234,haver,90916,0.6936291695883001,3.8749660120629413e-08
4428,haves,554576,0.8891114895322048,3.591033106431496e-07
2502,havoc,1692191,0.9373434839226685,1.6046922223722505e-06
36382,hawed,14625,0.08890113192427126,4.211283126664966e-08
1812,hawks,3117529,0.9546228588600622,8.941859675815067e-07
31369,hawse,19238,0.2144395472302915,2.8485526062382864e-08
26322,hayer,26443,0.3408294099969949,1.5295135269433042e-09
11628,hayle,99457,0.7088049684463588,2.289307899916437e-09
17232,hazan,52114,0.5684663928678754,7.719601011757505e-09
23510,hazed,31148,0.41124912350996695,5.824756023287137e-08
1892,hazel,2841268,0.9526194530702193,8.675712984995698e-07
29348,hazer,21768,0.2650505859961935,9.267226035447606e-09
14707,hazes,67509,0.6316988881097866,2.982910249471615e-08
586,heads,18400524,0.985325052589402,2.8472412304836324e-05
5038,heady,434375,0.873835520384654,9.535958929518528e-07
6153,heald,305244,0.8459130521887208,1.7633282478612956e-08
4020,heals,666561,0.8993288590604027,6.267601889931029e-07
3353,heaps,937059,0.9160322548332165,1.302685349173771e-06
307,heard,45436523,0.9923119302814785,9.754018014064058e-05
23337,heare,31450,0.41558148853050186,1.903420313453808e-07
2472,hears,1737280,0.9380947610938596,4.131869072807603e-06
173,heart,90249265,0.9956676349794651,0.0001140106494131
1217,heath,6139151,0.9695231894220174,7.790844495048077e-07
3078,heats,1105492,0.9229189622358008,1.4557927249825298e-06
6244,heave,296454,0.8436341781027747,1.0976279213537055e-06
361,heavy,37668153,0.9909596313733346,6.309284384769853e-05
4837,hecht,465975,0.8788690774316338,5.057980787537275e-09
33597,hecks,17000,0.15864469598317138,5.3641174502239164e-09
15173,heder,64115,0.6200290493839528,1.996621762145878e-08
1583,hedge,4041429,0.9603576079334869,4.156118357059313e-06
23161,heeds,31805,0.41998898126815587,8.863871570952145e-08
1404,heels,4907543,0.96484022838826,5.478770672198152e-06
26732,hefte,25798,0.33056195532405086,2.208698726136049e-09
3415,hefty,905281,0.9144796153460883,9.015758888608616e-07
13030,heigh,81875,0.6736952819793649,4.547653269071361e-08
2678,heirs,1489908,0.9329359911850146,4.896518494206248e-06
5127,heist,419629,0.8716067314434539,1.3929469780293857e-07
6871,helio,249588,0.8279324852248823,1.873678298736081e-08
1868,helix,2921411,0.9532204748071722,2.1175049801058778e-06
407,hello,32960381,0.989807673044175,2.0773753328739988e-06
4755,hells,480906,0.8809225683662226,2.001618823044282e-07
3615,helms,805535,0.9094711008714815,4.920870349423012e-08
33330,helos,17225,0.1653310628067715,2.9750221788305e-08
445,helps,29607993,0.9888560552939998,2.3534161264251453e-05
19774,hemes,41315,0.5048081738956226,6.279554622068417e-08
37067,hemic,14132,0.07174696984874286,3.839695978058444e-08
20109,hemin,40119,0.4964189121506561,9.888653721645824e-08
674,hence,14992334,0.983121306220575,2.8634774207603186e-05
16268,hench,57115,0.5926074326354803,6.145723334682884e-09
9941,henge,130779,0.7510517880396674,5.65686062259374e-08
4083,henna,646514,0.8977511770009016,1.5705240613783644e-07
9482,henny,142676,0.7625463287588902,3.55449921940476e-09
452,henry,28769085,0.9886807572873886,2.2410686440821339e-07
35647,hepar,15186,0.10730742261845137,7.0487083725367935e-09
1032,herbs,8271850,0.9741560653110287,4.520216548371536e-06
11708,herby,98109,0.7068015626565161,2.4877667943457033e-08
3453,herds,889724,0.9135279975959131,3.2233795582214954e-06
3288,heres,978028,0.9176600220374637,5.032663395354576e-08
13443,herma,77943,0.6633526995893018,4.054951707743726e-09
24320,herms,29538,0.3909646398878093,2.34041025670706e-08
2590,heron,1576813,0.9351397375538415,4.600848859581674e-07
4337,heros,574043,0.8913903636181508,8.433227222326422e-08
29145,herry,22044,0.2701342281879195,6.2879469497900684e-09
2456,hertz,1752925,0.9384954422518281,3.850722106335525e-07
16014,hevea,58655,0.598968246018231,1.4921630562270146e-08
21058,hewed,37071,0.4726535109686467,1.3842313322243173e-07
24590,hewer,29077,0.38420314534709005,2.105565746646221e-08
24723,hexed,28804,0.3808724832214765,1.8663042737898648e-08
9370,hexes,145736,0.76535109686467,2.84210378076466e-08
18305,hexyl,47095,0.5415957127116098,8.671405296922787e-08
2027,hicks,2503430,0.9492387057998598,4.368262832343816e-08
12316,hider,89689,0.6915756786537113,2.5087065846918223e-08
2496,hides,1700672,0.9374937393569067,3.0744281593797494e-06
1099,highs,7468394,0.9724782129620355,1.0665406409771094e-06
6413,hight,281662,0.839401983371732,1.0914564740005516e-07
6323,hijab,290111,0.841655814885305,1.5726022376760797e-07
13568,hijra,76751,0.6602223780426726,5.919160535938772e-08
5970,hiked,321931,0.8504958429329861,5.060239098497732e-07
3984,hiker,676389,0.900230391665832,2.4026257875675585e-07
2674,hikes,1491709,0.9330361614745066,8.6408594029308e-07
18228,hilar,47448,0.5435239907843333,2.73510440820246e-07
477,hills,25770218,0.9880546929780627,1.2196422139822972e-05
4617,hilly,511265,0.8843784433537013,1.2760731533489889e-06
17276,hilts,51962,0.5673645196834619,6.824466101562621e-08
31061,hilum,19592,0.222152659521186,2.1785519550121534e-07
4163,hinds,621387,0.8957477712110588,1.1496709305447443e-07
2448,hinge,1758893,0.9386957828308123,2.3345415229414355e-06
38549,hings,13170,0.03463387759190624,2.8865910586262088e-08
34372,hinky,16281,0.1392367023940699,1.04316439875074e-08
1020,hints,8393784,0.9744565761795052,3.4935917028633414e-06
3036,hippo,1146063,0.9239707502754683,1.6280376669897122e-07
4208,hippy,608617,0.8946208554542723,1.410509191401843e-07
1178,hired,6526426,0.9704998497445657,1.383403907311731e-05
9290,hirer,147904,0.7673545026545127,1.3732020335055494e-07
2396,hires,1845244,0.9399979965942101,1.307650215949252e-06
12516,hissy,87568,0.6865671641791045,3.314499828821482e-08
1930,hitch,2730000,0.9516678353200441,1.180232272872672e-06
8921,hiver,158244,0.7765952118601622,4.7218685139682764e-08
3380,hives,922837,0.9153561053791446,6.631923650957106e-07
14582,hoagy,68416,0.6348292096564159,7.147976421872926e-10
5043,hoard,433375,0.8737103075227888,1.0165390131078312e-06
5252,hoary,400092,0.8684764098968246,3.68903282037536e-07
1036,hobby,8237250,0.9740558950215367,2.074228839319403e-06
12841,hobos,83858,0.6784283281578684,4.629920653087538e-08
14165,hocks,71483,0.6452719623359712,1.050408513947332e-07
8800,hocus,161938,0.7796253631172995,9.010077803850437e-08
1996,hogan,2600534,0.9500150255434239,1.0114483998791005e-07
34410,hogen,16248,0.13828508464389463,3.6696784710965595e-09
38876,hoggs,12981,0.026444956425924072,9.036458936684255e-09
20771,hoise,37918,0.4798407292397075,3.746238499413579e-09
3416,hoist,905107,0.9144545727737153,1.1318110796310065e-06
17600,hokes,50451,0.5592507262345988,1.3363526685239435e-09
7705,hokey,204777,0.8070469798657718,7.032283622976367e-08
16282,hokum,57068,0.5922568366222578,5.175952651370608e-08
580,holds,18963546,0.9854753080236401,2.901926116464892e-05
6731,holed,259059,0.8314384453571071,4.669370485999025e-07
817,holes,11529280,0.9795402183712311,1.6042697279772255e-05
12724,holey,85208,0.6813583091255133,5.1508364720120886e-08
4380,holla,565475,0.8903135330061104,2.352032408836635e-08
28377,hollo,23109,0.2893669237704097,1.1140371372064806e-08
1153,holly,6834032,0.9711259140538916,4.952789299750293e-07
6711,holme,260062,0.8319392968045678,5.780410763378541e-09
22380,holms,33562,0.43954723029149556,4.190732534326003e-09
11316,holon,104017,0.7166182510267455,4.655450628554547e-08
21139,holos,36828,0.47062506260643094,2.3441417420499996e-08
13508,holts,77400,0.6617249323850546,1.0006770079229454e-08
14511,homas,68844,0.6366072322949013,4.8221157378236513e-08
8527,homed,170394,0.7864619853751378,1.208374960981473e-07
1527,homer,4281428,0.9617599919863768,2.102509253631979e-07
222,homes,66753480,0.9944405489331865,3.03279050058336e-05
7153,homey,233113,0.8208704798156866,2.8372840603196893e-07
3530,homie,852384,0.9115997195231894,2.5578443703100362e-08
2305,homme,1967874,0.9422768706801563,7.104126893864304e-07
12869,homos,83610,0.6777271361314234,2.98527272413196e-08
16954,honan,53486,0.5754282279875789,3.846644747729222e-09
589,honda,18261029,0.9852499248722829,1.3263004339236772e-08
5082,honed,426659,0.8727336472002404,7.087402826755351e-07
28081,honer,23567,0.2967795251928278,4.988639674685658e-09
11928,hones,94922,0.7012921967344485,9.735571694591273e-08
899,honey,9978043,0.9774867274366423,8.650407071399968e-06
25863,honks,27247,0.3523239507162176,4.677697049260132e-08
4503,honky,536122,0.8872332966042272,1.3231063064722548e-07
621,honor,16787246,0.9844485625563458,1.898579841508763e-05
7775,hooch,201647,0.8052939997996594,8.29200665819485e-08
2170,hoods,2240850,0.9456576179505158,7.482148942017374e-07
4081,hoody,647288,0.8978012621456476,1.1694118992044978e-08
17386,hooey,51491,0.5646098367224281,2.2278892490845692e-08
10833,hoofs,112318,0.728713813482921,4.820870174171432e-07
15368,hooka,62777,0.615145747771211,6.707095390190432e-09
1588,hooks,4023408,0.9602323950716217,2.6658799242795795e-06
13019,hooky,81957,0.6739707502754683,6.947544186175491e-08
2051,hoops,2438525,0.9486376840629069,6.283920208716154e-07
7289,hoots,225519,0.8174646899729541,1.4813941135116693e-07
1375,hoped,5086531,0.965566462987078,2.280269680341008e-05
941,hopes,9462715,0.9764349393969749,1.534875043944339e-05
8299,hoppy,178655,0.7921716918761895,2.9005770336709703e-08
6782,horas,255233,0.8301612741660823,6.431565608977509e-08
1839,horde,3026646,0.9539467094059901,6.322930693158924e-07
2057,horns,2427037,0.9484874286286687,3.8589062069149805e-06
786,horny,12363955,0.9803165381147951,6.496638405906197e-07
252,horse,58453720,0.9936892717619954,3.280641485616798e-05
3687,horst,775209,0.907668035660623,9.957953857053781e-08
7838,hosed,198644,0.8037163177401583,8.653811804038017e-08
26734,hosel,25789,0.33051187017930483,8.074471807839601e-09
10399,hosen,120694,0.7395822898928178,1.8283337173130577e-08
17576,hoser,50554,0.5598517479715517,1.6443658670817202e-09
2740,hoses,1416325,0.9313833516978864,1.0613000449666288e-06
22165,hosey,34108,0.4449313833516979,2.6730703789334947e-10
5966,hosta,322160,0.8505960132224782,2.658793904153356e-08
787,hosts,12228736,0.9802914955424221,6.87580290104961e-06
25454,hotch,27629,0.36256636281678856,3.806959032459645e-08
27,hotel,297974790,0.9993238505459281,2.4042277836997527e-05
5559,hotly,364264,0.8607883401783031,9.98183112415063e-07
10633,hotty,116296,0.7337223279575278,1.821674257829197e-09
4637,hough,507632,0.8838775919062406,1.0234127046260257e-07
2178,hound,2228633,0.9454572773715316,1.002435251393763e-06
66,hours,198242904,0.9983471902233797,0.0001240111753577
46,house,231310420,0.9988480416708404,0.0001596408784098
32199,houts,18304,0.19365421216067313,5.824020237188421e-09
31484,hovea,19107,0.21155965140739258,4.1136546682918327e-10
13574,hovel,76694,0.6600721226084343,2.34672759802379e-07
13854,hoven,74213,0.6530602023439848,5.934960842779447e-09
2614,hover,1553261,0.9345387158168887,1.0360012868204648e-06
3828,howdy,726642,0.9041370329560252,4.290328373457441e-08
5430,howes,378115,0.8640188320144245,5.0687948371930245e-09
7730,howls,203629,0.8064209155564459,4.228740323242164e-07
5760,hoyas,342866,0.8557547831313232,2.025550396300701e-09
3804,hoyle,736006,0.9047380546929781,2.027236336576976e-09
3112,hubby,1080886,0.9220675147751177,1.0088674869734861e-07
35273,hucks,15491,0.11667334468596614,1.258463000475274e-09
33000,hudna,17539,0.1735951116898728,4.1813325443729174e-09
36037,huffs,14876,0.09754081939296805,5.228522635292165e-08
7298,huffy,225112,0.8172393068215967,5.697098327317462e-08
15902,huger,59310,0.6017730141240109,1.4288920855420884e-08
11485,huggy,101649,0.7123860562957027,7.698928667920768e-09
18791,hulks,44989,0.5294250225383151,1.641434030830169e-07
13374,hullo,78656,0.6650806370830412,2.9326618218306065e-08
5112,hulls,422721,0.8719823700290494,9.585985185367463e-07
39516,hully,12736,0.01041771010718221,2.8596944123826516e-09
88,human,160573748,0.997796253631173,0.0002262265636818
8985,humic,156383,0.7749924872282881,8.772977832904871e-07
3217,humid,1026485,0.9194380446759491,2.617284922052932e-06
594,humor,18085495,0.9851247120104177,8.22460081508325e-06
15664,humph,60767,0.6077331463487929,2.2163575055245133e-08
2672,humps,1492758,0.9330862466192528,2.396586231157017e-07
18567,humpy,45823,0.5350345587498748,2.4246015275508625e-08
8087,humus,186734,0.7974807172192727,1.0276188265834206e-06
5917,hunch,327195,0.8518230992687569,7.934004742082834e-07
1424,hunks,4776866,0.9643393769407994,1.2397281736298286e-07
6429,hunky,279599,0.8390013022137633,8.963035300624255e-08
2851,hunts,1310081,0.9286036261644797,8.51404888635443e-07
15244,hurls,63654,0.6182510267454673,1.7420832449488448e-07
18836,hurly,44789,0.5282981067815286,9.399610149785077e-08
18494,hurra,46164,0.5368626665331063,6.90429385663549e-09
1700,hurry,3536968,0.9574276269658419,6.488468775387446e-06
2656,hurst,1509915,0.9334869277772213,3.5896738292962024e-08
1856,hurts,2956264,0.9535209856756486,2.651601023444528e-06
9312,husks,147291,0.7668035660623059,4.29886339929908e-07
2566,husky,1606901,0.9357407592907944,9.071602880794672e-07
12678,hussy,85775,0.6825102674546729,1.082754198478142e-07
2778,hutch,1373107,0.9304317339477111,1.3899088784796732e-07
3354,hydra,936887,0.9160072122608435,2.099023015489365e-07
1650,hydro,3725464,0.9586797555844936,2.105705971189309e-06
6586,hyena,268889,0.8350696183511971,2.872952379107119e-07
21841,hylas,34950,0.45304517680056094,4.758096900925324e-09
25368,hyles,27756,0.36472002404086945,3.615941983337033e-10
5773,hymen,341598,0.8554292296904739,1.881267979797485e-07
2747,hymns,1409831,0.9312080536912751,2.374884065829974e-06
16504,hynde,55766,0.5866973855554443,2.665850251659662e-09
24327,hyoid,29523,0.390789341881198,2.6492408608191906e-07
4071,hyped,648758,0.898051687869378,1.5796395697265097e-07
1796,hyper,3153749,0.9550235400180307,1.4764065292638406e-06
19883,hypes,40997,0.5020785335069619,1.1546225335834492e-08
39080,hypha,12873,0.021336271661825102,9.127221190396994e-08
25060,hyrax,28208,0.372433136331764,3.25644938214964e-08
26809,hyson,25651,0.32863367725132725,2.652792956414629e-09
7474,hythe,216045,0.8128318140839427,2.4823031008480712e-09
20199,icers,39847,0.49416508063708303,2.998943533505383e-08
28595,ichor,22795,0.28390764299308824,3.812305131134508e-08
29821,icily,21127,0.2532054492637484,1.5152755480585256e-07
2880,icing,1277602,0.9278773915656616,1.389365404520504e-06
15586,ickle,61207,0.6096864669938896,5.716667565991429e-09
736,icons,13649671,0.9815686667334469,2.296510198220858e-06
27637,ictal,24270,0.30789842732645495,1.412830712865798e-07
30059,ictus,20839,0.24724531703896624,6.012653123832479e-08
472,ideal,26036289,0.9881799058399279,3.39008120863582e-05
220,ideas,67309657,0.9944906340779325,6.996952899498865e-05
33848,idees,16744,0.15235901031753982,5.571003828919175e-08
3609,ident,808896,0.9096213563057197,3.0880838707503245e-07
4429,idiom,554390,0.8890864469598317,1.973513867596921e-06
1452,idiot,4635830,0.9636381849143544,2.5800456296565243e-06
13533,idled,77146,0.6610988680757287,2.3366720370177065e-07
5613,idler,358013,0.8594360412701593,3.535368912821468e-07
17597,idles,50456,0.559325853951718,3.8507714492652664e-08
3033,idols,1147911,0.9240458779925874,1.694870999244813e-06
10402,idyll,120651,0.7395071621756987,3.101623738643866e-07
20185,iftar,39882,0.49451567665030555,9.431706177176481e-09
5266,igloo,397625,0.8681258138836021,1.4001617387293666e-07
23363,ihram,31412,0.41493038164880297,1.4343119465465292e-08
11397,ileal,102919,0.7145898026645296,3.839612665501592e-07
8312,ileum,178356,0.7918461384353401,7.735723073665212e-07
16546,ileus,55520,0.5856455975157768,3.550841105948166e-07
8226,iliac,181298,0.793999799659421,1.2592170685366e-06
5551,iliad,364994,0.8609886807572874,2.493516523260908e-09
11874,ilium,95618,0.7026444956425925,2.3507135892941733e-07
17627,iller,50306,0.5585745767805269,2.575131532900344e-08
67,image,197874283,0.9983221476510067,8.219018061936367e-05
6129,imago,307167,0.8465140739256737,2.725935388525613e-07
8294,imams,178887,0.7922969047380547,1.8496451787086698e-07
11228,imari,105569,0.7188219973955725,1.6760427368200935e-09
26051,imbed,26877,0.34761594711008714,3.634533072727208e-08
11252,imbue,105068,0.7182209756586196,2.3639750253323659e-07
27038,imide,25264,0.32289892817790244,1.4721463308831065e-07
27762,imine,24076,0.3047681057798257,1.9547712923895232e-07
22808,imino,32549,0.4288290093158369,1.389345723623592e-07
38890,imped,12973,0.026094360412701592,1.85860582657682e-08
12623,impel,86447,0.6838876089351899,2.803480097668398e-07
1488,imply,4491299,0.9627366523089251,1.2640920467674731e-05
13143,impro,80874,0.6708654713012121,3.589810766868595e-08
6001,inane,319343,0.849719523189422,2.965480453553937e-07
34682,inapt,16009,0.13147350495842933,5.2947868525166095e-08
1262,inbox,5845223,0.9683962736652308,1.728026475666944e-07
2294,incur,1984112,0.9425523389762597,3.168912544424529e-06
20861,incus,37616,0.47758689772613444,1.209323505690918e-07
39,index,242826246,0.9990233396774517,6.323116293060593e-05
177,india,87391857,0.9955674646899729,3.706679038373295e-07
1078,indie,7722085,0.9730041069818692,2.627503523200403e-07
28963,indol,22293,0.2746919763598117,3.0625345441848145e-08
29804,indow,21149,0.25363117299408994,1.4267294292658052e-08
15988,indri,58805,0.5996193528999298,7.997171800333546e-09
4885,inept,458533,0.8776670339577282,8.382413159324642e-07
3357,inert,935898,0.9159320845437243,3.696984558700933e-06
3081,infer,1104540,0.9228438345186818,4.186457999821869e-06
8655,infix,166395,0.7832565361113893,1.103703226590369e-07
2300,infos,1980341,0.9424020835420215,3.592136537111656e-09
2724,infra,1426499,0.931784032855855,5.123524101691146e-06
16441,ingan,56187,0.5882750676149454,2.008642649986569e-09
6583,ingle,269023,0.8351447460683161,6.896303144543481e-08
7134,ingot,234052,0.8213462886907743,8.4707889470792e-07
30697,inion,20026,0.23126815586497046,5.609556705366003e-08
5212,inked,406603,0.8694781127917459,3.71602044424435e-07
11330,inker,103849,0.716267655013523,2.1850319953387042e-08
3308,inlay,965778,0.917159170590003,3.849275654488338e-07
1721,inlet,3433125,0.9569017329460082,6.439310127461795e-06
605,inner,17552078,0.9848492437143144,3.632169289630838e-05
10477,innit,119107,0.7376289692477211,4.3294631897339296e-08
258,input,57191675,0.9935390163277572,5.248739384114743e-05
3011,inset,1162898,0.9245968145847941,1.2687918081155655e-06
450,intel,28995654,0.9887308424321346,2.823070990132237e-07
666,inter,15269346,0.9833216467995592,1.9644930616777856e-05
39660,intil,12721,0.006811579685465291,2.0392257313872625e-08
1821,intra,3081776,0.9543974757087048,6.195741261763032e-06
799,intro,11938092,0.9799909846739457,8.064303835908504e-07
29418,inula,21681,0.2632976059300811,7.069030661943643e-09
10464,inure,119454,0.7379545226885705,2.800839406802425e-07
18714,invar,45261,0.5313533006110388,5.1911557577000183e-08
2422,ionic,1808092,0.9393468897125112,5.478648695316224e-06
21497,ippon,35894,0.4616598216968847,5.8005283243289794e-09
6771,irate,256072,0.8304367424621857,4.982080798754396e-07
10271,irked,123287,0.7427877391565662,2.585087449347157e-07
24487,iroko,29265,0.38678253030151255,1.5706673046622653e-08
1813,irons,3116159,0.954597816287689,1.1457497373612568e-06
2191,irony,2212193,0.9451317239306821,5.610763546428643e-06
34237,ishes,16410,0.14261744966442952,3.1489830565334384e-08
1719,isles,3443470,0.9569518180907542,3.366462732401488e-07
4725,islet,488105,0.8816738455374136,9.846985108197258e-07
27419,issei,24630,0.31335770810377644,2.349435162862789e-08
115,issue,128427156,0.9971201041771011,0.0001546514044457
2988,itchy,1181967,0.9251727937493739,4.037719260452377e-07
21,items,330505325,0.9994741059801663,7.002344435022678e-05
26182,ither,26653,0.34433537012921966,8.706918158907228e-08
22409,ivies,33473,0.4388209956926776,2.2780476278683186e-08
1122,ivory,7146685,0.9719022337974557,3.146922604173597e-06
36823,ixora,14315,0.0778573575077632,3.001139599057012e-09
12274,izard,90328,0.6926274666933787,4.1700091113483504e-09
24701,izzat,28845,0.3814234198136833,1.991711844340216e-08
28987,jabot,22262,0.2740909546228589,1.6407659320094582e-08
1899,jacks,2818856,0.9524441550636081,7.694751531062139e-07
5285,jacky,395853,0.8676500050085145,2.327412476077484e-09
4333,jaded,576218,0.891490533907643,4.192642145994796e-07
12470,jades,88101,0.6877191225082641,7.351483951367755e-08
5718,jaffa,347022,0.8568065711709907,2.1806482575215113e-09
6685,jager,261574,0.8325904036862667,5.482195226669262e-09
19649,jaggy,41772,0.5079384954422518,5.304700380071026e-09
3816,jails,731402,0.9044375438245017,1.3633517767175364e-06
6132,jakes,307048,0.8464389462085545,1.8073275320773522e-08
34092,jakey,16541,0.14624862265851948,7.78264921674765e-10
26571,jambe,26069,0.3345938094761094,1.8773172332231525e-08
12372,jambo,89125,0.6901732946008214,4.7010491543986174e-09
16571,jambs,55394,0.585019533206451,1.84438429897682e-07
172,james,90535679,0.9956926775518381,4.158080589888869e-07
10569,jammy,117557,0.735325052589402,2.6925579157399683e-08
13319,jamon,79218,0.666457978563558,5.492065001666546e-09
4153,janes,624883,0.8959981969347891,6.578608884311165e-09
18112,janny,48039,0.5464289291796053,5.235995018809667e-10
192,japan,81110725,0.9951918261043774,4.631186899928253e-07
8254,jaunt,180434,0.7932986076329761,2.1149320872382305e-07
26465,jawan,26233,0.337248322147651,1.2099460411363338e-08
9604,jawed,139535,0.7594911349293799,2.3670782667295498e-07
3537,jazzy,849457,0.9114244215165782,1.2761241784176037e-07
802,jeans,11896655,0.9799158569568266,5.1017302553191255e-06
9508,jebel,142078,0.7618952218771913,7.095469496398721e-09
32587,jedis,17904,0.1839376940799359,3.360946969344081e-10
5593,jeeps,359631,0.85993689271762,3.193035132653677e-07
8686,jeers,165473,0.7824802163678253,1.752528885390348e-07
22572,jeeze,33131,0.43473905639587296,1.8180582256333007e-09
9139,jeffs,151846,0.7711359310828408,6.377609339247581e-10
23589,jehad,30996,0.40927076029249726,2.1468917221767468e-08
3958,jello,685368,0.9008814985475309,4.964948850272321e-08
1657,jelly,3698541,0.9585044575778824,1.865251897470444e-06
21532,jemmy,35798,0.4607833316638285,1.3415839363872805e-08
1220,jenny,6118544,0.9694480617048983,9.968392021164621e-08
3638,jerks,794019,0.9088951217069018,5.780476703876047e-07
3737,jerky,763325,0.9064159070419714,5.906718121195809e-07
723,jerry,13908229,0.9818942201742963,1.5482084322115953e-07
1161,jesse,6744751,0.9709255734749074,1.915194067336756e-08
15859,jests,59513,0.6028498447360513,1.853652128147587e-07
388,jesus,34929061,0.9902834819192627,1.803097076447102e-07
33519,jeton,17064,0.16059801662826806,5.542690617588164e-09
3729,jetty,765224,0.9066162476209556,8.39653229149917e-07
4404,jeune,558399,0.8897125112691575,1.5671317669330164e-07
1292,jewel,5603871,0.9676449964940399,1.7102509013966482e-06
17778,jibes,49492,0.5547931483521987,1.1894683936475304e-07
4778,jiffy,475865,0.8803465892016428,9.283602345533381e-08
9523,jiggy,141701,0.7615195832915957,6.938804996692305e-09
2263,jihad,2048833,0.9433286587198237,7.469981537155945e-07
20089,jills,40192,0.4969197635981168,3.5819284205373943e-09
759,jimmy,13030009,0.980992687568867,8.261299342393615e-08
12949,jingo,82827,0.6757237303415807,3.305153519761461e-08
9652,jinks,137967,0.7582890914554743,6.104852836585906e-08
31254,jinni,19391,0.21731944305319043,2.2390363891844346e-08
29494,jinns,21569,0.2613943704297305,2.6767168872510184e-08
11457,jirga,102021,0.7130872483221476,2.7689367492200746e-08
29221,jives,21944,0.2682309926875689,7.859823956124501e-09
12920,jnana,83033,0.6764499649403987,8.590970789867926e-08
16623,jobes,55138,0.5837173194430532,4.464048315028224e-10
14283,jocko,70519,0.6423169387959531,2.110691353363059e-09
3235,jocks,1014285,0.9189872783732345,1.4214966455483592e-07
36641,jodel,14440,0.08241510567965542,8.83610388746625e-10
20650,joeys,38283,0.4828708804968446,9.523987976045592e-09
1291,johns,5610302,0.9676700390664129,1.390471446427455e-07
1297,joins,5578553,0.9675197836321747,3.801351081165194e-06
346,joint,38827057,0.9913352699589302,5.830492758832407e-05
7912,joist,194739,0.8018631673845538,3.015567624231608e-07
4915,joked,454255,0.8769157567865371,1.2099275471655347e-06
2673,joker,1492319,0.9330612040468796,2.657391232219197e-07
690,jokes,14622894,0.9827206250626064,3.8471892639790895e-06
16300,jokey,56949,0.5918060703195432,5.9326474435295046e-08
25097,joles,28157,0.37150656115396175,4.834054601055013e-10
2021,jolly,2522092,0.949388961234098,1.2079476368853647e-06
11332,jolts,103839,0.7162175698687769,1.921120959025302e-07
24577,jomon,29102,0.3845286987879395,1.560631665564749e-09
343,jones,39297134,0.9914103976760493,1.7181271793731412e-07
18761,jonty,45085,0.5301762997095062,2.905114611373437e-10
10788,joram,113213,0.7298407292397076,9.089633976056e-10
23668,jotun,30849,0.40729239707502757,1.899903505075961e-09
6969,joule,243810,0.825478313132325,2.371086716834725e-07
4107,jours,639577,0.8971501552639487,2.232731139883981e-07
8853,joust,160309,0.7782981067815286,1.2222370457948272e-07
24071,jowls,30028,0.3972002404086948,1.5309783506722852e-07
28694,joyed,22666,0.28142842832815784,4.3986462898715214e-08
2936,judas,1224674,0.9264750075127717,1.4756081476718918e-08
430,judge,30905832,0.9892316938795953,4.95985596353421e-05
30201,jugal,20650,0.2436892717619954,5.555524202449647e-08
849,juice,10973425,0.978738856055294,1.1042264568459358e-05
1637,juicy,3778910,0.9590053090253431,9.456554181497268e-07
10360,jukes,121710,0.7405589502153661,6.514064079254922e-09
12018,julep,93700,0.6990383652208755,3.5811512049122035e-08
1772,jumbo,3237095,0.9556245617549834,5.537621638040946e-07
29797,jumby,21158,0.2538064710007012,9.18585655318438e-10
1909,jumps,2793122,0.9521937293398778,2.6185355841334965e-06
8592,jumpy,168187,0.7848342181708905,2.7388746275391896e-07
11084,junco,107991,0.7224281278172894,2.902891568012933e-08
16655,junks,54989,0.5829159571271161,1.7228956551207374e-07
5368,junky,384718,0.8655714715015527,5.096547951666253e-08
4139,junta,629394,0.8963487929480116,9.198216810091252e-07
10044,junto,128329,0.7484724030852449,6.466443554842271e-08
28599,jupes,22789,0.28380747270359613,2.761796042971554e-09
26245,jurat,26547,0.3427576880697185,3.741439886795206e-08
3557,juror,837876,0.9109235700691175,2.3489167313073267e-06
31044,justs,19611,0.2225783832515276,6.225153623695689e-09
36861,jutes,14287,0.0769057397575879,2.275158144104949e-09
22661,kabab,32906,0.43251026745467297,6.662770681842289e-09
15817,kabar,59750,0.6039016327757187,5.190781569019976e-09
14073,kabob,72387,0.6475758789942903,1.6272088654289975e-08
37203,kacha,14035,0.06834118000601022,1.2623767244868134e-08
14158,kafir,71528,0.6454472603425824,4.842829220308431e-08
7553,kalam,212453,0.810853450866473,5.434222380529263e-08
26187,kales,26636,0.3442101572673545,8.178665105162963e-09
22009,kalis,34525,0.4488380246418912,2.951265007933301e-09
22649,kalpa,32933,0.43281077832314935,5.4822513284591424e-08
14714,kamas,67455,0.6315235901031754,1.7629997739465604e-09
15514,kames,61731,0.6114895322047481,3.2472340762979e-08
8700,kamik,164880,0.7821296203546029,2.33389747639201e-09
33911,kanas,16695,0.15078132825803867,1.1279762807125944e-09
6211,kandy,299591,0.8444605829910848,1.5559693866684655e-09
24651,kanes,28951,0.382675548432335,2.2801480320522317e-09
9868,kanga,132553,0.7528798958228989,1.5501616310586996e-08
3229,kanji,1018304,0.9191375338074727,1.6977975278109625e-07
20577,kaons,38492,0.4846989882800761,1.0127897954959053e-07
33438,kapas,17130,0.16262646499048383,2.26022512794799e-08
8515,kapok,170880,0.7867624962436142,7.899850380965746e-08
16871,kapow,53849,0.5775067614945407,2.1289963758608366e-09
1908,kappa,2793667,0.9522187719122508,5.162081254184159e-07
13681,kaput,75678,0.6573925673645197,3.6185494067808575e-08
6296,karas,292764,0.842331964339377,4.954400127932246e-09
3261,karat,995377,0.9183361714915356,1.3992968646903137e-07
1148,karma,6862407,0.9712511269157568,1.356987719418612e-06
13255,karns,79709,0.6680607031954322,2.7020035958669203e-10
5064,karoo,430707,0.8731844135029551,1.5607337124912134e-08
12303,karri,89929,0.6919012320945608,2.561071260842596e-08
5398,karst,381676,0.8648201943303616,5.835507170104392e-07
4389,karts,562850,0.890088149854753,2.181112598087509e-08
12163,kasha,91777,0.6954071922267855,4.60537517099624e-08
24467,katas,29296,0.38728338174897325,9.270945626749241e-09
33437,katti,17130,0.16265150756285685,4.292845456888017e-09
9886,kauri,132059,0.7524291295201843,6.026099057976355e-08
39003,kawas,12909,0.023264549734548733,1.9836704743397827e-09
29443,kawau,21640,0.2626715416207553,9.480867302347207e-10
1982,kayak,2628993,0.9503656215566463,4.170799670077941e-07
22306,kayle,33741,0.4414003806471001,2.3016902023220707e-10
9848,kazoo,133068,0.7533807472703596,3.260688131945244e-08
6900,kebab,248067,0.8272062506260643,1.0605777386984982e-07
38695,kedge,13079,0.030977662025443255,2.1744432796566573e-08
16556,keech,55450,0.5853951717920465,1.2430758011827691e-09
13371,keels,78676,0.6651557648001603,2.355964520006637e-07
29933,keens,20989,0.25040068115796854,7.6428644835147e-09
738,keeps,13624468,0.9815185815887008,1.3190759709686972e-05
16019,kefir,58635,0.5988430331563658,6.98375924201855e-08
6840,kells,251349,0.8287088049684463,9.70241877951139e-10
436,kelly,30510238,0.9890814384453571,7.233538916295856e-08
38932,kelts,12951,0.025042572373034158,7.302162632338849e-09
4671,kelty,500637,0.8830261444455575,2.308694855429616e-10
8176,kemps,183278,0.7952519282780727,2.224845435661038e-09
37435,kempt,13870,0.0625313032154663,2.0260936341998104e-08
18511,kenaf,46083,0.5364369428027647,1.2933712365992277e-07
5850,kendo,334180,0.8535009516177502,3.385049032189613e-08
32025,kenos,18513,0.1980116197535811,1.725768890015189e-09
18315,kente,47041,0.5413452869878794,2.5205658857885283e-08
14273,kents,70570,0.6425673645196834,5.700513666662133e-10
14845,kerbs,66370,0.6282430131223079,4.4921534154696017e-08
14923,kerma,65768,0.6262896924772112,7.711468594351346e-08
21757,kerne,35166,0.4551487528798958,1.2255489747481363e-08
7870,kerns,197073,0.8029149554242212,1.0486103718676533e-08
694,kerry,14514771,0.9826204547731143,8.234214969871091e-09
28783,kesar,22533,0.27919963938695785,2.9849012872507073e-09
8766,ketch,163062,0.7804768105779826,1.4964982881338073e-07
32426,kevil,18063,0.18796954823199438,2.095953536424e-10
3636,keyed,795167,0.9089452068516478,1.3779340974906518e-06
12057,keyer,93121,0.6980617048983272,3.9429627221032606e-08
18344,khadi,46957,0.5406190523890614,1.8098989336579053e-07
2687,khaki,1481504,0.9327106080336572,7.259496993583525e-07
20470,khans,38869,0.4873785435239908,8.49595822671745e-08
32566,khaya,17917,0.18446358809976962,4.0218287455928714e-09
32101,kheda,18408,0.1961083842532305,1.7055962289735935e-09
35359,khoja,15416,0.11451968346188521,3.171490077502614e-09
14757,kiang,67078,0.6304467594911349,2.583892008800604e-08
22565,kibbe,33137,0.4349143544024842,2.377855439772425e-09
1635,kicks,3792491,0.9590553941700891,1.2933343134591268e-06
38783,kicky,13023,0.028773915656616248,7.96217060283766e-09
9698,kiddo,136981,0.7571371331263147,1.5542831519610444e-07
6369,kiddy,286716,0.8405038565561455,3.3026842292116495e-08
18925,kight,44422,0.5260693178403285,7.382626812657553e-10
5410,kiley,380275,0.8645196834618852,4.498800915825329e-10
7004,kilim,241699,0.8246018230992688,2.363043005271237e-08
1180,kills,6484339,0.9704497645998197,3.418880878598429e-06
5397,kilns,381759,0.8648452369027346,8.571610709395827e-07
5632,kilos,355739,0.8589602323950716,5.303664909206418e-07
5405,kilts,380643,0.8646448963237504,8.952188586874853e-08
25857,kilty,27252,0.35247420615045577,6.959412313101152e-10
11877,kimbo,95544,0.7025693679254733,4.255770775785095e-09
33704,kinas,16886,0.15596514073925674,2.2549227851609286e-09
1283,kinda,5660928,0.9678703796453971,9.480510004777898e-07
392,kinds,34482138,0.9901833116297706,4.317073799029458e-05
19436,kindy,42624,0.5132725633577081,4.743678907459525e-09
18493,kines,46172,0.5368877091054793,8.130424653529644e-09
678,kings,14914273,0.9830211359310829,8.819241666060407e-06
29070,kinin,22149,0.272012421115897,1.4830882520300294e-07
3583,kinks,824164,0.9102724631874186,3.6269563565838323e-07
1767,kinky,3254161,0.9557497746168486,2.719518781191255e-07
2421,kiosk,1808146,0.9393719322848842,4.496003845133601e-07
20831,kippa,37691,0.47833817489732544,4.796533654150003e-09
27032,kipps,25278,0.32304918361214063,1.733016866817261e-10
1901,kirby,2813914,0.9523940699188621,7.510788284648129e-09
16039,kirks,58558,0.5983421817089052,1.069549229626432e-08
20224,kisan,39762,0.4935390163277572,3.54528655588382e-08
10885,kissy,111416,0.7274115997195232,2.4617911023039343e-08
2969,kites,1202129,0.9256486026244616,4.160048376888881e-07
1192,kitty,6414935,0.9701492537313433,3.506077226234084e-07
6045,kiwis,315840,0.8486176500050086,4.2219644811325455e-08
6109,klang,309031,0.8470149253731343,7.913901907130594e-09
14155,klett,71569,0.6455223880597015,1.2543730439767975e-09
6598,klick,268102,0.8347691074827206,1.0848506325489284e-08
9798,klong,134105,0.7546328758890113,9.993837046806674e-09
11024,kloof,108906,0.7239306821596715,1.6092251478028176e-08
9957,kluge,130258,0.7506511068816989,6.7918067792049906e-09
7904,klutz,195206,0.802063507963538,4.373393620582533e-08
4176,knack,616898,0.8954222177702094,7.47881098277503e-07
9233,knave,149542,0.7687819292797756,3.044140780161797e-07
7109,knead,235592,0.8219723530001002,3.013275728847021e-07
14205,kneed,71162,0.6442702594410498,1.8173723020709082e-07
5145,kneel,417602,0.8711559651407392,1.00268703022266e-06
1535,knees,4250743,0.9615596514073925,1.3134415903550687e-05
7946,knell,193672,0.8010117199238705,3.141567617603869e-07
5065,knelt,429464,0.8731593709305819,2.697805098250683e-06
825,knife,11297715,0.9793398777922468,1.299544159337529e-05
27714,knish,24159,0.30597014925373134,8.286458401673968e-09
3951,knits,687393,0.9010567965541421,2.0830753072687005e-07
15984,knive,58824,0.599719523189422,3.877004663976891e-09
2224,knobs,2151258,0.944305319042372,7.892825465205533e-07
1359,knock,5196013,0.9659671441450466,6.276237368183501e-06
3307,knoll,965905,0.9171842131623761,4.538484728300318e-07
38265,knops,13345,0.04174596814584794,1.3895848214318108e-08
1905,knots,2796342,0.9522938996293699,4.139113120800175e-06
10337,knowe,122164,0.741134929379946,1.3792392671518886e-07
179,known,86395556,0.9955173795452269,0.0002038097492186
493,knows,24640096,0.9876540118200942,4.051080300996546e-05
32123,knuts,18383,0.19555744766102373,5.979882986006933e-10
3382,koala,922217,0.9153060202343984,1.0916728747645265e-07
19535,koans,42253,0.5107933486927777,4.0897507211923314e-08
11982,kogal,94140,0.6999398978263047,4.56597899420319e-10
12101,kohen,92682,0.6969598317139136,2.5652660102792883e-08
10499,kohls,118773,0.7370780326555144,5.218354688640847e-10
20326,koine,39394,0.4909846739457077,5.5059875876395385e-08
34967,kolos,15748,0.1243363718321146,1.7518151118611764e-09
29934,kombu,20988,0.25037563858559553,3.581421703202636e-08
5839,kondo,335378,0.8537764199138536,1.1257992533764138e-08
6689,kooks,261188,0.8324902333967745,3.193520438316e-08
9088,kooky,153380,0.7724131022738656,5.09141544213776e-08
15200,koori,63946,0.6193528999298809,9.555340441114168e-10
23098,kopek,31953,0.421566663327657,1.9704249574203915e-08
29004,kopje,22229,0.27366523089251726,3.3194145654391605e-08
18223,korat,47485,0.5436492036461985,4.0494251576927987e-10
24565,kores,29119,0.3848292096564159,7.685128120688e-10
19764,korma,41365,0.505058599619353,1.2113695841975412e-08
34890,kotch,15817,0.12626464990483824,2.2165484059311067e-09
17644,kraal,50172,0.5581488530501854,2.0331342199142454e-07
28418,krabs,23057,0.2883401783031153,5.600651673681732e-10
2252,kraft,2076875,0.9436041270159271,7.129158430529969e-07
36440,krait,14590,0.08744866272663528,1.6563385081269643e-08
30534,krang,20220,0.23535009516177502,9.417318613813563e-10
10969,kranz,109736,0.7253080236401883,3.5353868521603716e-09
6798,kraut,254150,0.8297605930081138,5.1669655078967483e-08
26583,krays,26042,0.33429329860763296,1.5014014285164024e-08
12511,krewe,87636,0.6866923770409696,1.1639982708810949e-08
7631,krill,208654,0.8089001302213763,4.613031964595394e-07
2578,krona,1585436,0.935440248422318,1.1205344954134947e-07
2808,krone,1350253,0.9296804567765201,1.6306980668900905e-07
3952,kroon,687367,0.901031753981769,1.6802547369021424e-08
21330,krunk,36332,0.4658419312831814,3.975399524153156e-10
2576,kudos,1589906,0.935490333567064,1.7268948937498865e-07
6343,kudzu,288577,0.8411549634378443,8.653153102500256e-08
11857,kugel,95845,0.703070219372934,1.877881484091404e-08
34474,kukri,16200,0.13668236001202044,1.2946160774518492e-08
22082,kulak,34328,0.4470099168586597,8.722467192967542e-08
33054,kulas,17499,0.17224281278172893,3.877206481428531e-09
8696,kurta,165096,0.7822297906440949,5.1516296686315855e-08
14642,kutch,67973,0.6333266553140339,1.817454589603251e-09
25063,kyats,28202,0.3723580086146449,2.3416760450700736e-08
14063,kyles,72507,0.6478263047180206,7.124878634301446e-10
2058,kylie,2415779,0.9484623860562957,1.43868644227052e-09
34604,kylin,16091,0.133426825603526,3.032441419081877e-09
6068,kylix,313497,0.8480416708404287,3.352637175879636e-08
10430,kyrie,120056,0.7388059701492538,7.0540978880373475e-09
15422,kythe,62427,0.6137934488630672,2.664876870284161e-09
329,label,41359857,0.9917609936892717,1.8347380646446254e-05
3762,labia,753273,0.9057898427326455,3.958178911034338e-07
359,labor,37866418,0.9910097165180808,8.46522775827907e-05
3648,laced,790357,0.9086446959831714,1.5110156823539e-06
22366,lacer,33587,0.439897826304718,7.409467515095969e-09
4201,laces,610254,0.8947961534608835,5.565813688690469e-07
2623,lacey,1539328,0.9343133326655314,2.1048013714164423e-08
1756,lacks,3296569,0.956025242912952,7.65099743148312e-06
34510,laddy,16174,0.1357808274065912,7.153559451467117e-09
21972,laded,34603,0.44976459981969347,2.111260119619373e-08
1237,laden,5964620,0.9690223379745567,3.440568443693337e-06
11482,lader,101679,0.7124611840128218,1.0304969704222344e-08
35587,lades,15236,0.10880997696083342,1.3054320295857736e-08
5473,ladle,372653,0.8629420014023841,6.673355835573602e-07
10831,lagan,112375,0.728763898627667,1.3303854178303709e-08
3184,lager,1050146,0.9202644495642592,3.285029728772315e-07
22325,lahar,33707,0.44092457177201244,5.517083899064801e-08
7997,laika,190917,0.7997345487328459,3.1609382511454953e-09
3435,laird,896267,0.9139787638986276,2.612292979620179e-07
14078,lairs,72338,0.6474506661324251,9.26799054923322e-08
20511,laith,38732,0.48635179805669637,1.0788977018449942e-08
5508,laity,368163,0.8620655113693279,1.1346037922521646e-06
7970,laker,192269,0.8004106981869178,1.4226341318313018e-08
676,lakes,14947463,0.9830712210758289,1.0576874265098011e-05
5789,lakhs,339793,0.8550285485325052,3.084619631295027e-06
8079,lakin,187040,0.797681057798257,3.8129881918536055e-09
22869,laksa,32438,0.4273014124010818,1.29529043046972e-08
7110,lamas,235575,0.8219473104277272,1.9988298177509026e-07
2820,lambs,1339048,0.9293799459080436,2.470626843660284e-06
18786,lamed,45011,0.5295502354001803,8.730331856554587e-08
9274,lamer,148317,0.7677551838124812,1.3476363083242404e-08
27914,lames,23839,0.3009616347791245,2.678099943054235e-07
13127,lamia,80971,0.6712661524591806,1.931185574122196e-08
16950,lammy,53504,0.575528398277071,8.338795792761642e-10
848,lamps,11000656,0.978763898627667,5.701591544493567e-06
3653,lanai,789800,0.9085194831213063,5.851812971968685e-08
6793,lanas,254590,0.829885805869979,3.2901174895627606e-09
1309,lance,5509634,0.9672192727636982,1.7687137346911185e-06
9505,lande,142236,0.7619703495943103,9.553032782605445e-08
725,lands,13891179,0.9818441350295503,3.976177304139128e-05
1311,lanes,5489762,0.9671691876189522,4.1094414427789164e-06
9346,lanky,146488,0.7659521186016227,4.215365186155397e-07
3061,lapel,1119712,0.9233446859661424,3.998807187599596e-07
8781,lapin,162426,0.780101171992387,2.2343390124746065e-08
4225,lapis,605210,0.8941951317239307,2.707296803805548e-07
2701,lapse,1459542,0.9323600120204347,3.6571946930052944e-06
6604,larch,267733,0.8346188520484824,5.509078982868232e-07
21182,lardy,36712,0.46954823199439044,1.1657986282997967e-08
25322,laree,27813,0.36587198237002905,4.1478708076581054e-09
14855,lares,66326,0.6279925873985776,3.074751141696197e-08
84,large,165863763,0.9978964239206651,0.0002989350369898
2416,largo,1814464,0.9394971451467494,1.4838233880709597e-07
29968,laris,20952,0.24952419112491236,7.878397489946565e-09
10235,larks,123985,0.7436892717619954,1.7171305557894814e-07
4861,larva,462298,0.8782680556946809,1.5544007590051478e-06
397,laser,34080740,0.9900580987679054,2.5272435013903305e-05
14965,lassi,65534,0.6252379044375438,2.4376100755674202e-08
4339,lasso,573529,0.8913402784734048,2.0034558986026241e-07
1955,lasts,2678667,0.9510417710107182,3.314874434181547e-06
11835,latah,96233,0.7036211559651407,1.5164904541009605e-08
2436,latch,1777882,0.9389962936992888,1.8467351492290616e-06
4833,lated,467007,0.878969247721126,6.186440867850251e-07
15176,laten,64096,0.6199539216668336,2.4817177806113484e-08
183,later,84857974,0.9954172092557347,0.0002143456909107
870,latex,10502825,0.9782129620354603,1.974352860543149e-06
3127,lathe,1073261,0.9216918761895222,8.338324175838352e-07
28292,lathi,23242,0.2914955424221176,6.719927110765411e-08
30935,laths,19745,0.22530802364018832,2.090875833005157e-07
28803,latke,22512,0.27869878793949715,5.284169573016584e-09
3670,latte,783412,0.9080937593909646,2.050645330342604e-07
18214,latus,47517,0.5438745867975558,8.829672303534152e-08
17337,lauch,51683,0.5658369227687068,6.0453089378853516e-09
8093,lauds,186539,0.7973304617850345,1.2375952124443756e-07
907,laugh,9822471,0.977286386857658,1.539502376544988e-05
727,laura,13801282,0.9817940498848041,5.2643521506468006e-08
3520,laval,857420,0.9118501452469198,1.3734126729225694e-08
11733,lavas,97676,0.7061754983471902,8.047817584611039e-07
7224,laver,229347,0.8190924571772012,1.1327712840625281e-07
27526,lavra,24436,0.3106781528598618,5.362745383319378e-09
15344,lawer,62934,0.6157467695081639,6.016444662471088e-09
3297,lawns,971756,0.9174346388861064,1.3828112469127515e-06
27784,laxer,24047,0.30421716918761893,2.3247293015060683e-08
7005,layed,241694,0.8245767805268958,1.4589753568827746e-07
465,layer,26912270,0.9883552038465391,5.530418129637837e-05
14590,layin,68357,0.6346288690774317,6.544128382302007e-08
2498,layup,1695143,0.9374436542121607,1.3053580630639774e-07
5969,lazar,321985,0.8505208855053591,1.8495127562800922e-08
37258,lazed,13999,0.06696383852549334,3.0526102854366854e-08
2648,leach,1516929,0.9336872683562055,8.274823636611472e-07
437,leads,30507300,0.9890563958729841,4.056792888150085e-05
2619,leafs,1545582,0.9344135029550236,6.752176759050599e-08
3893,leafy,704018,0.902509265751778,1.4571197357327035e-06
2187,leaks,2214133,0.9452318942201743,2.6717834452938404e-06
4065,leaky,650957,0.8982019433036161,7.677368273562024e-07
4509,leans,533946,0.8870830411699889,1.6469649017381017e-06
11504,leant,101406,0.711910247420615,6.705864328182543e-07
3132,leaps,1070198,0.921566663327657,1.533366273633874e-06
5184,leapt,411241,0.870179304818191,1.885737428892753e-06
79,learn,179428286,0.9980216367825303,6.08951994945528e-05
36748,lears,14370,0.07973555043574077,5.355433085885153e-09
3987,leary,675295,0.9001552639487128,1.5162597462037297e-08
612,lease,17180592,0.9846739457077031,2.300445245055016e-05
2850,leash,1310125,0.9286286687368527,1.040712416511269e-06
141,least,111229798,0.9964689972954022,0.0002228560327785
213,leave,70957750,0.9946659320845437,9.871766029391438e-05
18270,leavy,47254,0.5424722027446659,9.808817091894184e-09
5054,leben,431631,0.8734348392266854,7.249216366744803e-08
3017,ledge,1157598,0.924446559150556,2.064581615286443e-06
28076,ledum,23585,0.296904738054693,3.6481314635850014e-09
3915,leech,698609,0.9019583291595713,3.728682020209817e-07
6875,leeks,249429,0.8278323149353901,3.655729958040866e-07
28854,leers,22432,0.2774216167484724,4.4757198693901056e-08
8577,leery,168700,0.785209856756486,2.2132503161742533e-07
17047,leese,53057,0.5730992687568867,9.02331977137294e-09
26649,leets,25931,0.3326404888310127,1.0615866177232649e-08
35636,leeze,15190,0.10758289091455474,6.391386841997359e-09
14577,lefts,68445,0.634954422518281,4.523255263677583e-08
3287,lefty,978333,0.9176850646098367,7.717100460880036e-08
103,legal,142048771,0.9974206150455774,0.0001061148919689
4625,leger,509988,0.884178102774717,2.4083903458205214e-08
14959,leges,65556,0.625388159871782,1.4461800731169206e-07
5039,legge,434372,0.8738104778122808,6.726612969742973e-08
15659,leggo,60789,0.6078583592106581,4.788914300668523e-09
8188,leggy,182670,0.7949514174095963,1.0394837531180201e-07
4045,legit,658762,0.8987027947510768,1.6561584956775734e-07
28630,lehua,22750,0.28303115296003206,1.2095849388771284e-08
9301,leman,147542,0.7670790343584093,2.3110066411646813e-08
34811,lemel,15890,0.12824301312230793,6.18866102253257e-10
1458,lemma,4623172,0.9634879294801162,1.475353574278415e-06
5392,lemme,382355,0.8649704497645998,6.449371817041083e-08
975,lemon,9066930,0.9755834919362917,5.380898692237679e-06
6353,lemur,287912,0.840904537714114,1.0013594824442864e-07
3135,lends,1069614,0.9214915356105379,2.662170481926296e-06
28464,lenes,22995,0.2871882199739557,6.325280672569988e-09
5153,lense,416227,0.870955624561755,5.7972235367742554e-08
32993,lenti,17547,0.17377040969648402,6.994358239253984e-09
13507,lento,77400,0.6617499749574276,3.4521451475200144e-08
1197,leone,6393163,0.9700240408694781,2.6417729799277367e-08
7797,leper,200592,0.8047430632074527,4.609359376672728e-07
38099,lepta,13460,0.045903035159771614,7.910739387995136e-09
1994,lesbo,2606338,0.9500651106881699,8.038187141456988e-09
27976,letch,23741,0.2994089952919964,1.1460574551591664e-08
17247,lethe,52069,0.5680907542822798,8.208484025828966e-09
3723,levee,766160,0.9067665030551938,1.2827737998577504e-06
65,level,202563642,0.9983722327957528,0.0002915868870331
1689,lever,3566558,0.9577030952619453,3.858954369206913e-06
2193,levin,2202321,0.9450816387859361,1.9119925465105332e-08
3806,levis,734906,0.9046879695482319,4.99997337755076e-08
512,lewis,22640158,0.9871782029450065,9.729918893697233e-08
3179,lexis,1052387,0.9203896624261244,1.4640964835166414e-07
38791,lezzy,13020,0.028573575077631974,9.61804827864787e-10
7956,liana,193039,0.8007612942001402,9.708747455761113e-08
9011,liane,155704,0.7743413803465892,9.549819206533529e-09
3527,liang,854892,0.9116748472403086,1.7919073542316254e-07
19052,liard,43929,0.5228889111489532,7.386944371745585e-09
2961,liars,1207786,0.9258489432034459,5.349961367073775e-07
3499,libel,866830,0.9123760392667535,2.0154731828370133e-06
5233,liber,402617,0.8689522187719122,3.0310099560892925e-07
3006,libra,1165757,0.9247220274466593,6.2116196843931e-08
4683,libri,498310,0.882725633577081,3.00939783812737e-07
5215,licht,406129,0.8694029850746269,4.012525028684877e-08
15269,licit,63456,0.6176249624361414,2.375094196338523e-07
3004,licks,1166907,0.9247721125914053,4.624488713034225e-07
5199,lidar,408629,0.8698036662325954,4.548182761254794e-07
4251,liege,598284,0.8935440248422318,2.130157338342542e-07
2321,liens,1947603,0.9418761895221878,2.3164910533068904e-06
26331,liers,26434,0.34060402684563756,1.573723167780372e-08
11669,lieve,98611,0.7077782229790645,1.4307270539859474e-07
10195,lifer,124674,0.7446909746569168,6.766918581035952e-08
4883,lifes,458659,0.8777171191024742,2.676641693710735e-07
1491,lifts,4479565,0.9626615245918061,2.967613631881249e-06
10691,liger,114950,0.7322698587598918,5.639314029082243e-09
119,light,126699632,0.9970199338876089,0.0001799371020752
2857,ligne,1303464,0.9284533707302414,6.206782998674498e-08
827,liked,11282738,0.9792897926475007,2.090587122438592e-05
9879,liken,132264,0.7526044275267956,2.440414237980804e-07
24267,liker,29652,0.39229189622358007,1.965742404408388e-08
918,likes,9727733,0.9770109185615546,8.417586195719196e-06
28657,likin,22718,0.28235500350596016,3.0114659068658515e-08
2469,lilac,1738684,0.9381698888109786,6.883954813474702e-07
13494,liman,77563,0.6620755283982771,1.184036744206196e-08
20277,limas,39567,0.49221175999198635,2.113828231564696e-08
6940,limba,245623,0.8262045477311429,1.1323680420005644e-08
3540,limbo,847468,0.9113492937994591,7.057960533529695e-07
2343,limbs,1916350,0.9413252529299809,6.652688916801708e-06
19804,limed,41243,0.5040568967244315,1.4563462627847914e-07
6796,limes,254454,0.8298106781528599,6.186810685449018e-07
10687,limey,115046,0.732370029049384,3.4298771431906525e-08
351,limit,38290292,0.991210057097065,5.951089297013823e-05
32149,limma,18356,0.19490634077932487,3.596844686537537e-09
3234,limos,1015393,0.9190123209456076,6.28403943725431e-08
17465,limps,51039,0.5626314735049585,8.657955106627925e-08
5882,linac,331196,0.8526995893018131,3.150381034799921e-07
18992,linch,44144,0.5243914654913353,1.9883802906406345e-08
17548,linds,50651,0.5605529399979966,4.586579097631826e-09
3973,lindy,680830,0.9005058599619353,1.3011247110839008e-08
1268,lined,5802278,0.9682460182309927,9.237068552465645e-06
1395,linen,4960413,0.9650656115396173,4.310123954383016e-06
1490,liner,4486145,0.9626865671641791,3.277068763054558e-06
205,lines,76806341,0.994866272663528,0.0001043782838678
18463,linga,46335,0.5376389862766704,1.277568101443194e-07
3171,lingo,1055245,0.9205900030051087,2.7107290463845855e-07
15204,lings,63925,0.6192527296403887,1.0844691335165636e-07
34941,linin,15768,0.12498747871381348,6.878826397382909e-09
18,links,339926541,0.9995492336972854,2.2287862029770623e-05
9497,linky,142416,0.7621706901732946,9.310526449812783e-10
33898,linny,16703,0.1511068816988881,4.727937449183761e-10
19619,linum,41894,0.5086897726134428,1.0310293800941396e-08
171,linux,90854231,0.9957177201242111,4.575242745830099e-08
1138,lions,6980244,0.9715015526394871,2.682592009932705e-06
1964,lipid,2662396,0.950816387859361,7.224865403259173e-06
17682,lippy,49972,0.55719723530001,1.2222491798663526e-08
8667,liras,166076,0.782956025242913,5.2057280015560535e-08
4093,lisle,643841,0.8975007512771712,1.9782609790297562e-08
254,lists,58249254,0.9936391866172494,2.417404461084516e-05
5006,litas,438897,0.874636882700591,1.9812396985785523e-08
1918,liter,2768775,0.9519683461885204,3.993083516888874e-06
5536,lites,366325,0.8613643193428829,7.404294038337867e-08
9741,lithe,135670,0.7560603025142743,4.559161303063775e-07
5105,litho,423435,0.8721576680356606,1.8534794932634213e-07
2197,litre,2195204,0.9449814684964439,2.045722058028332e-06
595,lived,18050710,0.9850996694380447,5.415956795332022e-05
7502,liven,214914,0.8121306220574978,1.5396322865512958e-07
792,liver,12139363,0.9801662826805569,2.460294144839281e-05
324,lives,42750046,0.9918862065511369,6.968318266444839e-05
6560,livid,270785,0.835720725232896,5.240805276685023e-07
4040,livre,660631,0.898828007612942,3.216986974052816e-07
3209,llama,1033922,0.9196383852549334,2.692709259122239e-07
6027,llano,317161,0.8490684163077231,2.7926088090879376e-08
8652,loach,166557,0.7833316638285085,5.605737520397725e-08
967,loads,9175948,0.975783832515276,1.3211771001806484e-05
16139,loams,57939,0.5958379244716018,3.637034081549473e-07
9651,loamy,138014,0.7583141340278473,1.1049031965626454e-06
194,loans,80821333,0.9951417409596314,3.892488317433162e-05
9145,loath,151677,0.7709856756486027,5.722234982385999e-07
18755,lobar,45124,0.5303265551437444,2.3356058733270405e-07
1145,lobby,6887477,0.9713262546328759,5.803840699627472e-06
9613,lobed,139319,0.7592657517780227,9.63978948220756e-07
4713,lobes,491048,0.8819743564058901,3.6891304671371474e-06
4062,lobos,652655,0.8982770710207353,2.174543640265369e-08
31,local,270742935,0.9992236802564359,0.0002409394166897
34477,loche,16196,0.13660723229490132,2.58130246399979e-09
12184,lochs,91499,0.6948812982069518,1.1142507261752145e-07
1175,locks,6536771,0.9705749774616849,4.208238697174238e-06
6636,locos,265108,0.8338174897325453,8.544209045169285e-08
6527,locum,273698,0.8365471301212061,1.6287986710494805e-07
1846,locus,3009222,0.9537714113993789,6.241900427994551e-06
13874,loden,74049,0.6525593508965241,1.475036469855695e-08
33277,lodes,17287,0.1666583191425423,1.395081389432562e-07
532,lodge,21541130,0.9866773514975459,3.7537635398621207e-06
8982,loess,156409,0.7750676149454072,7.48867810784759e-07
3430,lofts,897893,0.9141039767604928,2.252323352536223e-07
3227,lofty,1018661,0.9191876189522188,2.8171478061267408e-06
1308,logan,5539308,0.9672443153360714,1.8529661520716445e-08
31086,loges,19568,0.22152659521186016,1.709687440509811e-08
28141,logia,23477,0.29527697085044574,3.595295591907188e-08
497,logic,23989892,0.987553841530602,2.68365458396147e-05
11385,logie,103098,0.7148903135330061,1.4469292777263832e-08
102,login,144200144,0.9974456576179506,8.308804021694982e-07
30521,logoi,20238,0.23567564860262447,7.051801617308229e-08
1876,logon,2891286,0.9530201342281879,2.5391636041760537e-07
587,logos,18366230,0.9853000100170289,1.2837204985771675e-06
1743,lohan,3352800,0.9563507963538015,6.817468090059009e-09
6112,loins,308897,0.8469397976560152,7.14209578518421e-07
6715,lolly,259984,0.8318391265150756,5.488990716173704e-08
6233,lomas,297206,0.8439096463988781,1.5325008888567025e-08
6694,loner,260915,0.8323650205349094,3.924812523337096e-07
9151,longa,151573,0.7708354202143645,1.5679868624829397e-07
12508,longe,87659,0.6867675047580888,1.8073537475515882e-07
3673,longs,782210,0.9080186316738456,7.189586267486447e-07
22699,looby,32818,0.43155864970449764,4.6129848696452325e-09
320,looks,43897035,0.9919863768406291,3.8778639645897786e-05
15532,looky,61599,0.6110387659020334,2.0436997854034196e-08
3404,looms,908800,0.9147550836421917,1.4685800192637545e-06
7424,loons,218446,0.8140839427025944,1.8238230936162842e-07
5992,loony,320048,0.8499449063407793,1.6076122463459797e-07
1322,loops,5439483,0.9668937193228488,5.668327648891136e-06
6662,loopy,263368,0.8331663828508464,8.623006500840804e-08
782,loose,12556710,0.9804167084042873,1.7490335540060187e-05
18144,loots,47910,0.5456275668636682,2.33412844075076e-08
29094,loped,22120,0.2714113993789442,1.7119502928153453e-07
12740,loper,85037,0.6809576279675448,3.227532667793298e-09
5087,lopes,425806,0.8726084343383752,2.7786739131840932e-08
9038,loral,154870,0.7736652308925173,1.5483232393975754e-08
7321,loran,223906,0.8166633276570169,5.9465894697297014e-08
1416,lords,4862111,0.9645397175197836,3.117160431429511e-06
12412,lordy,88710,0.6891715917059,1.4329586930372784e-08
35568,lorel,15251,0.10928578583592106,1.168330355239e-09
19602,lores,41944,0.5091154963437844,9.2303473593347e-08
6210,loris,299596,0.8444856255634579,2.6340987169248823e-08
4445,lorry,549887,0.8886857658018632,9.126793645464204e-07
2017,loser,2529180,0.9494891315235902,1.4184246015247482e-06
1604,loses,3942953,0.9598317139136532,6.0736333307431776e-06
5235,lossy,402399,0.8689021336271662,2.860406902982504e-07
32083,lotic,18432,0.1965591505559451,8.871783833797056e-08
12379,lotos,89016,0.6899979965942101,1.6049679967267142e-08
6926,lotsa,246642,0.8265551437443655,2.0754302436643e-08
4189,lotta,613607,0.8950966643293599,1.1800532462302726e-07
6784,lotte,255085,0.8301111890213363,2.1241602023991392e-08
1815,lotto,3112797,0.954547731142943,8.523623058920293e-08
915,lotus,9759485,0.9770860462786738,1.5499318806178053e-06
5337,lough,389229,0.8663477912451167,8.788524581859749e-08
2906,louie,1252710,0.9272262846839627,4.782252173152202e-09
353,louis,38259201,0.991159971952319,1.6787402131512866e-07
8589,loupe,168244,0.7849093458880096,5.5247516286272e-08
24271,loups,29642,0.39219172593408796,1.1514234508069876e-08
29254,loury,21894,0.26740458779925874,6.381069382610515e-10
8306,louse,178544,0.7919963938695783,4.590871020582199e-07
3092,lousy,1095083,0.9225683662225784,1.0337023718420824e-06
21486,louts,35918,0.4619352899929881,7.172429612012366e-08
19396,lovat,42761,0.5142742662526295,2.809350972965418e-09
566,loved,19719299,0.9858259040368627,3.0687273956573335e-05
961,lover,9234545,0.9759340879495142,9.682111440270093e-06
781,loves,12566621,0.9804417509766603,8.677501091369777e-06
10295,lovey,122861,0.7421867174196134,6.32306138292904e-08
12881,lovie,83464,0.6774266252629471,6.216053636265428e-09
32200,lowan,18303,0.19362916958830012,9.543162400316164e-09
8493,lowed,171464,0.7873134328358209,3.2999414884216094e-07
210,lower,72606927,0.9947410598016628,0.0001481044701358
4173,lowes,617732,0.8954973454873285,9.891381074211837e-09
4468,lowly,543486,0.8881097866372833,1.3026768874624397e-06
2882,lowry,1271991,0.9278273064209156,4.856883157877689e-09
1485,loyal,4498834,0.9628117800260443,6.804317144997185e-06
19809,luaus,41227,0.5039316838625664,8.483804467829259e-09
13655,lubed,75886,0.6580436742462186,2.5251419168981214e-08
4573,lubes,520715,0.8854803165381148,4.3567842222813624e-08
17325,luces,51728,0.5661374336371832,2.3058448892498974e-08
3079,lucid,1105349,0.9228939196634278,1.5045336590446822e-06
20531,lucks,38688,0.4858509466092357,9.768564313006325e-09
714,lucky,14053901,0.9821196033256536,9.469869892200224e-06
12434,lucre,88448,0.6886206551136933,9.679196999456965e-08
26110,ludes,26797,0.34613843534007815,3.2782246028872926e-08
25776,ludic,27306,0.35450265451267154,1.2428292658128726e-07
30272,luffa,20564,0.24191124912350997,6.3820324680552436e-09
7261,luger,226711,0.818165881999399,4.874502494978117e-09
16052,lulls,58479,0.5980166282680557,1.2770209622203766e-07
3878,lumen,710305,0.9028849043373736,2.4490363421136863e-06
4101,lumps,640708,0.8973004106981869,1.3087262323097093e-06
6237,lumpy,296904,0.843809476109386,5.203707672762903e-07
1679,lunar,3611744,0.9579535209856757,4.023110127491236e-06
9064,lunas,153893,0.7730141240108184,6.821218727637302e-09
544,lunch,20807419,0.9863768406290694,1.7204476116603472e-05
8777,lunes,162527,0.7802013422818792,2.554837989166004e-08
7828,lunge,199129,0.8039667434638886,3.92419976265046e-07
30968,lungi,19705,0.2244816187518782,3.0483777990752973e-08
1897,lungs,2828099,0.9524942402083542,8.339030464412645e-06
4490,lupin,538085,0.8875588500450766,1.6330312263335145e-07
2625,lupus,1538621,0.9342632475207854,1.7072216053293233e-06
7699,lurch,204983,0.80719723530001,5.269754655046199e-07
4835,lured,466613,0.8789191625763798,1.1176134205470589e-06
3007,lures,1164163,0.9246969848742863,6.212039863839891e-07
9059,lurex,154129,0.7731393368726835,7.098033290020566e-09
29870,lurgi,21054,0.2519783632174697,1.2129625302781387e-09
7270,lurid,226354,0.8179404988480417,6.456187156800297e-07
6597,lurks,268163,0.8347941500550936,4.410065736237812e-07
15702,lurve,60440,0.6067815285986177,3.561464684276316e-09
19862,luser,41074,0.5026044275267956,1.133477375014902e-09
6877,lusts,249268,0.8277822297906441,4.241903548063419e-07
3902,lusty,702157,0.9022838826004207,4.480093986103384e-07
11996,lutea,94001,0.6995893018130822,2.9814378990522525e-07
26381,luter,26368,0.33935189822698586,3.471859478798578e-09
11363,lutes,103371,0.7154412501252129,1.0700490477688617e-07
6020,lyase,317653,0.8492437143143343,3.1435059582918257e-07
22937,lycee,32303,0.4255985174797155,5.328722376241047e-08
2743,lycra,1412522,0.9313082239807673,2.49303273114343e-08
1033,lying,8260845,0.9741310227386557,2.3344262190221345e-05
2433,lymph,1781845,0.9390714214164079,4.963820570083044e-06
1400,lynch,4920597,0.9649403986777522,2.684403258967905e-07
19017,lynes,44061,0.5237654011820094,5.860325837936387e-09
21338,lyres,36304,0.46564159070419714,7.091727965757856e-08
1140,lyric,6970278,0.9714514674947411,2.243934709440509e-06
11388,lysed,103073,0.714815185815887,3.379600804009897e-07
5407,lysis,380378,0.8645948111790043,1.4032463650437422e-06
12842,lysol,83842,0.6784032855854953,8.356621710170487e-09
20985,lyssa,37254,0.4744816187518782,3.8877730212938394e-09
36785,lythe,14340,0.0788089752579385,3.6011438342420367e-09
8436,lytic,173474,0.7887408594610839,5.364863994827829e-07
6683,macaw,261749,0.8326404888310127,8.587821042738142e-08
16179,macer,57657,0.5948362215766804,6.46752392086114e-09
16849,maces,53959,0.5780576980867475,5.5789320896337816e-08
5859,mache,333122,0.8532755684663929,1.832057186845759e-07
6291,machi,293238,0.8424571772012421,2.846122605149049e-07
3633,macho,797523,0.9090203345687669,7.003390985005353e-07
11639,macks,99222,0.7085295001502554,3.60112825337211e-09
2052,macon,2437697,0.9486126414905339,4.588657118720362e-09
906,macro,9885853,0.977311429430031,5.943309620306536e-06
2276,madam,2023575,0.9430031052789742,1.297538020708089e-06
5622,madge,356968,0.8592106581188019,6.139462045418043e-09
4460,madly,545418,0.8883101272162677,8.623895223536238e-07
3931,madre,693680,0.9015576480016028,1.809813221598233e-07
1959,mafia,2666020,0.9509416007212261,4.719193869817673e-07
10663,mafic,115622,0.7329710507863367,1.0029695712887588e-06
5694,mages,349589,0.8574075929079435,1.970027541631225e-07
10743,maggs,113889,0.730967644996494,4.273604187893242e-10
368,magic,36676771,0.9907843333667234,1.4129763439996167e-05
3272,magma,992528,0.9180607031954322,1.8244533748656977e-06
6324,magus,290097,0.8416307723129319,9.745920309001125e-08
32257,mahoe,18251,0.19220174296303716,7.496329093026332e-09
2904,maids,1253811,0.9272763698287088,1.4152571827708016e-06
14851,maiko,66347,0.6280927576880697,9.613003666419927e-09
6930,maile,246432,0.8264549734548733,1.1693239017063208e-08
39002,maill,12910,0.023289592306921767,3.945029949381507e-09
1329,mails,5397230,0.9667184213162376,1.8980449169703209e-06
38189,maims,13394,0.04364920364619854,2.30340885210012e-08
1967,mains,2652029,0.9507412601422418,1.5662816167605343e-06
8964,maire,156974,0.7755183812481218,2.7733314116318292e-08
27730,mairs,24132,0.3055694680957628,6.831622392788894e-10
39502,maist,12738,0.010768306120404688,4.082824432316556e-08
2182,maize,2222076,0.9453571070820395,6.353592807499808e-06
129,major,122592252,0.9967695081638785,0.0002037339250091
15928,makar,59116,0.601121907242312,5.740716493285447e-09
628,maker,16635947,0.9842732645497345,8.054328463913408e-06
176,makes,87829598,0.9955925072623459,0.0001142724591773
25351,makos,27773,0.36514574777121106,7.0319454525957785e-09
15263,malam,63480,0.6177752178703797,3.350471331486915e-08
17690,malar,49930,0.5569968947210258,1.7139572079827304e-07
11367,malas,103306,0.7153410798357207,2.6284631271522584e-08
1001,males,8708016,0.9749323850545928,2.2104489635239587e-05
9894,malic,131867,0.7522287889412,2.76993973216122e-07
2900,malik,1255552,0.9273765401182009,3.821346091115174e-08
17107,malis,52774,0.5715967144145047,2.4714188064933757e-08
1515,malls,4362513,0.9620605028548532,9.612488651100649e-07
8400,malts,174495,0.7896423920665131,1.0148189147685117e-07
13338,malty,79102,0.6659821696884703,3.643020619392701e-08
10239,malus,123958,0.7435891014725032,3.9572606489457486e-08
15884,malva,59405,0.6022237804267254,7.254183698179872e-09
27588,malwa,24347,0.30912551337273364,1.3306074642116524e-09
4069,mamas,649492,0.898101773014124,7.16525655874989e-08
8445,mamba,173027,0.7885154763097265,3.7540915052147743e-08
1363,mambo,5164902,0.9658669738555544,6.885137985079836e-08
6219,mamie,298552,0.8442602424121006,2.797155401190743e-09
2785,mamma,1368416,0.9302564359410999,6.396669687092072e-07
9367,mammy,145805,0.765426224581789,1.933825960520608e-07
8417,manas,173858,0.7892166683361715,1.012484113971368e-07
17014,manat,53190,0.5739256736451969,2.3591303195402706e-08
5516,mandi,367548,0.8618651707903436,4.4022768541651664e-08
27855,maneb,23912,0.3024391465491335,6.528938422789567e-08
23194,maned,31747,0.4191625763798457,6.312745881587034e-08
8786,manes,162340,0.7799759591305219,1.9889428898522965e-07
5837,manet,335542,0.8538265050585996,2.6496862126634825e-08
768,manga,12774174,0.9807673044175098,2.71334063270956e-07
6850,mange,250483,0.828458379244716,2.3462938173679506e-07
2212,mango,2171900,0.9446058299108484,1.1232509996261796e-06
16521,mangy,55682,0.5862716618251027,1.4943655997967656e-07
1658,mania,3688699,0.9584794150055094,1.3771411693142e-06
2710,manic,1448525,0.9321346288690774,1.4043493433746336e-06
12893,manis,83317,0.6771261143944706,2.5677374733135146e-08
31333,manky,19299,0.21534107983572073,9.177780361246946e-09
2896,manly,1260481,0.9274767104076931,1.3865474170415835e-06
4839,manna,465463,0.8788189922868878,4.661458734744883e-07
1130,manor,7084688,0.9717018932184714,2.460714017615828e-06
5846,manos,334298,0.8536011219072424,1.254676185169501e-07
10391,manse,120966,0.739782630471802,1.626921057606978e-07
4440,manta,550732,0.8888109786637284,7.596956272948318e-08
14307,manto,70350,0.6417159170590003,2.9749094707653968e-08
7894,manus,195513,0.8023139336872683,1.817553962268903e-07
31949,mapau,18606,0.19991485525393168,3.074532205216141e-10
922,maple,9704551,0.9769107482720625,2.6946838943331385e-06
8760,marae,163277,0.7806270660122208,1.0833354856742972e-07
9754,marah,135233,0.7557347490734249,8.466187659816882e-09
20703,maras,38116,0.4815436241610738,1.3759112587052869e-08
90,march,158281269,0.9977461684864269,8.91352710823412e-06
17595,marcs,50472,0.559375939096464,1.1668086044025472e-08
15929,mardy,59107,0.601096864669939,2.842223602028681e-09
3651,mares,789891,0.9085695682660523,7.607900522543787e-07
3482,marge,876008,0.912801762997095,5.0768993702376975e-08
700,maria,14347893,0.9824701993388761,1.7496892354529336e-07
24604,marid,29048,0.3838525493338676,3.395174335008022e-09
12024,marka,93624,0.6988881097866373,1.2052149580554784e-08
565,marks,19747824,0.9858509466092357,2.0711866054625715e-05
21104,marle,36938,0.4715015526394871,5.498000024140026e-09
33270,marls,17292,0.16683361714915357,2.42850943905637e-07
9807,marly,134004,0.7544074927376541,1.466328162891273e-07
9756,maron,135149,0.7556846639286787,3.924154745593711e-09
8416,marra,173885,0.7892417109085446,6.3714131393055595e-09
19668,marri,41719,0.5074626865671642,2.202205947376968e-08
1506,marry,4388137,0.9622858860062106,1.4014869175298372e-05
30720,marse,20005,0.23069217670039066,4.1639540659943465e-09
1377,marsh,5073104,0.965516377842332,3.286464798293309e-06
6634,marts,265406,0.8338675748772914,1.272011699882114e-07
17055,marvy,53009,0.5728989281779024,1.5254135465880834e-09
8332,maser,177541,0.7913452869878794,2.98271920797788e-07
1476,masks,4548281,0.9630371631774016,3.920931358152302e-06
942,mason,9461838,0.9764098968246018,6.278878129251098e-07
3782,massa,745334,0.9052889912851848,1.9826732568617445e-07
4595,masse,515818,0.884929379945908,8.173175262982113e-07
10832,massy,112352,0.728738856055294,7.926273553948704e-08
5149,masts,417163,0.8710557948512471,8.469293186408322e-07
20302,matai,39476,0.49158569568266053,5.8001154794595785e-08
275,match,53532481,0.9931132925974157,2.4292260786751285e-05
4688,mated,497140,0.8826004207152158,1.0810738501731976e-06
2670,mater,1493901,0.9331363317639988,1.061991100641535e-06
1882,mates,2878121,0.9528698787939497,2.619072554352897e-06
11282,matey,104596,0.7174696984874286,4.5903498069321816e-08
1773,maths,3231878,0.9555995191826104,7.02498768703208e-07
7637,matin,208467,0.8087498747871381,8.90023156330244e-08
1871,matte,2909215,0.953145347090053,6.624212574024568e-07
7219,matts,229482,0.8192176700390664,7.096761147629138e-09
22679,matza,32856,0.43205950115195835,8.9762344179789e-09
14456,matzo,69250,0.6379845737754182,5.4543691270225744e-08
18864,mauls,44665,0.5275969147550836,2.7123559291908356e-08
23219,maund,31677,0.4185365120705199,9.021964554989381e-08
9969,mauri,130018,0.7503505960132225,1.894202934948908e-08
4283,mauve,589931,0.8927426625262948,4.543392219602538e-07
29703,mauzy,21286,0.2561604728037664,5.218700774994867e-10
2453,maven,1754819,0.9385705699689472,5.018971652948068e-08
31606,mavin,18985,0.2085044575778824,1.2461200207813934e-09
4834,mavis,466837,0.8789442051487529,1.0446916380857374e-08
7816,maxed,199945,0.804267254332365,5.393795478259023e-08
24798,maxes,28685,0.37899429029349896,5.614439007040062e-09
1630,maxim,3820484,0.9591806070319543,1.595849798832205e-06
5550,maxis,365513,0.8610137233296604,6.7066030640106075e-09
2878,mayan,1278824,0.9279274767104077,4.411037772822368e-09
15552,mayas,61458,0.6105379144545727,1.1960123220688956e-08
280,maybe,51895609,0.9929880797355505,3.173523497025599e-05
672,mayor,15030847,0.9831713913653211,7.254308311530622e-06
18036,mayst,48355,0.5483321646799559,1.1384352106347253e-07
11564,mazer,100444,0.710407693078233,8.220705858263956e-09
5931,mazes,325527,0.8514725032555344,2.506073724362068e-07
37746,mazey,13687,0.05474306320745267,4.567040584602111e-10
18516,mbira,46043,0.5363117299408995,3.1940846039191234e-08
8587,meads,168366,0.7849594310327557,4.7691751632328304e-08
819,meals,11515834,0.979490133226485,1.121258190323715e-05
10606,mealy,116752,0.7343984774115997,1.813877219092319e-07
31761,meane,18812,0.2046228588600621,1.1851923702010937e-07
148,means,105946662,0.996293699288791,0.0002496102525037
597,meant,17832930,0.9850495842932986,5.296593953971751e-05
9740,meany,135676,0.7560853450866473,5.511971656879666e-09
17062,mease,52987,0.5727236301712912,4.9897319454039745e-09
3693,meath,773366,0.9075177802263849,7.285528849099166e-09
2215,meats,2168286,0.9445307021937294,2.3531252782049705e-06
5288,meaty,395095,0.8675748772913954,3.769164416667081e-07
2862,mecca,1298392,0.9283281578683762,2.094622672643709e-07
7627,mechs,208732,0.8090003005108685,2.074315784028613e-08
1074,medal,7747036,0.9731042772713613,2.7655267922455098e-06
56,media,216432510,0.99859761594711,6.373149168211966e-05
3054,medic,1122716,0.9235199839727537,4.781678291010394e-07
29188,medii,21995,0.269057397575879,3.2853291820345023e-08
18434,meers,46469,0.5383652208754883,2.989019313170971e-09
599,meets,17760399,0.9849994991485526,1.4753996110812296e-05
21507,meins,35867,0.46140939597315433,3.667554242525739e-09
37431,meint,13873,0.06263147350495843,1.1947008822232872e-08
23289,mekka,31541,0.4167835320044075,3.732315572574363e-10
15151,melas,64255,0.6205799859761595,5.2811397885932366e-08
6120,melba,308005,0.8467394570770309,2.1677784030060823e-08
13624,melds,76245,0.6588199939897826,6.947544012092524e-08
3208,melee,1034523,0.9196634278273064,3.429029018775509e-07
32063,melik,18462,0.1970600020034058,1.7775477814674364e-09
2802,melon,1355214,0.9298307122107583,8.573942739076301e-07
3857,melts,716330,0.9034107983572073,2.050407549631928e-06
22770,melty,32620,0.4297806270660122,1.1243016510564807e-08
4034,memes,662337,0.8989782630471802,1.8796015140765122e-07
2869,memos,1286640,0.928152859861765,8.541142346984998e-07
14516,mends,68803,0.6364820194330362,8.368174775341687e-08
13419,menes,78158,0.6639537213262546,6.494640376608629e-09
9483,menge,142639,0.762521286186517,2.547586159806769e-09
31466,mengs,19131,0.21201041771010717,2.3963934135673437e-10
5737,mensa,345320,0.856330762295903,4.442135406179659e-08
21949,mense,34682,0.45034057898427327,8.102107273089131e-08
19428,menta,42660,0.5134729039366924,2.9118273694450643e-08
16478,mento,55926,0.5873484924371432,4.0420536357999024e-08
1029,menus,8283476,0.9742311930281479,2.2979361165198497e-06
21390,meows,36149,0.46433937694079935,2.195622396783392e-08
4432,merch,553953,0.8890113192427126,2.6978194025417686e-08
14792,mercs,66806,0.6295702694580787,1.9055623502461927e-08
1155,mercy,6831149,0.9710758289091456,8.982861982076428e-06
12631,merde,86351,0.6836872683562055,2.7683151095914125e-08
24477,merel,29286,0.3870329560252429,8.57279448318593e-09
18547,meres,45920,0.5355354101973354,3.393127013140429e-08
1239,merge,5961585,0.9689722528298107,3.90389007407066e-06
16727,meris,54643,0.5811128919162576,5.713161126408295e-09
1186,merit,6450895,0.9702995091655815,1.3582530573330587e-05
38889,merks,12973,0.026119402985074626,3.534257311699207e-08
3254,merle,999346,0.9185114694981469,1.678175326702558e-08
1200,merry,6367037,0.969948913152359,2.3302471117858658e-06
8888,mesas,159214,0.7774216167484724,2.0734037263991929e-07
9387,meses,145293,0.7649253731343284,3.509497926046379e-08
9895,mesic,131840,0.752203746368827,4.2152762446789894e-07
5052,meson,431998,0.8734849243714314,1.0469444688965268e-06
1893,messy,2833021,0.9525944104978463,1.719016386232397e-06
11066,mesto,108317,0.7228788941200041,1.9854062571766923e-08
266,metal,56181783,0.9933386757487729,5.910778447287157e-05
10199,meted,124510,0.7445908043674246,5.775288798304246e-07
509,meter,22874915,0.9872533306621256,1.1793426356234704e-05
14581,metes,68419,0.634854252228789,1.534648282586204e-07
15133,metho,64415,0.621030752278874,3.258734832201071e-08
27877,meths,23887,0.3018882099569268,1.0898557105676332e-08
28534,metic,22884,0.2854352399078433,4.2603459000645226e-08
5631,metis,355814,0.8589852749674447,6.198688645042694e-08
2089,metre,2350745,0.9476860663127317,3.0659420690426487e-06
582,metro,18738665,0.9854252228788941,1.3304470815000967e-06
10117,meuse,126347,0.7466442953020134,2.0585018434271518e-09
26978,mezze,25398,0.3244014825202845,1.1511925124274573e-08
4745,mezzo,483806,0.8811729940899529,3.156119655045586e-07
20458,miaow,38898,0.48767905439246717,1.20301556449931e-08
20227,micas,39750,0.49346388861063806,2.0162786086075362e-07
17280,miche,51922,0.5672643493939697,5.862891332419906e-09
25383,micht,27736,0.364344385455274,2.2465446729569293e-08
23756,micks,30660,0.40508865070620054,6.216372696599138e-09
5828,micky,336259,0.8540518882099569,3.242340498310625e-09
6979,micra,243254,0.8252278874085947,1.9388570617895346e-08
521,micro,22219932,0.9869528197936492,9.456443467570351e-06
24446,middy,29344,0.38780927576880697,2.1138771142403812e-08
6113,midge,308737,0.8469147550836422,2.5633647510403534e-07
5748,midis,344574,0.8560552939997996,1.069990399171772e-08
1736,midst,3381410,0.9565260943604127,9.460517294428427e-06
12254,miffy,90645,0.6931283181408394,8.660010425431964e-10
39102,mifty,12858,0.02078533506961835,1.484515754074378e-10
36435,miggs,14593,0.08757387558850045,1.1458170745548556e-10
127,might,123196001,0.9968195933086247,0.0003220393863739
17768,miked,49541,0.5550435740759291,3.42477797232732e-08
1864,mikes,2933878,0.9533206450966644,1.0305428517654037e-07
36302,mikva,14682,0.090904537714114,4.378524057768729e-09
13218,milch,80059,0.6689872783732345,1.7655596039389824e-07
7558,miler,211732,0.8107282380046078,3.9506531521738e-08
156,miles,100012522,0.9960933587098066,6.628222516155802e-05
588,milfs,18358745,0.9852749674446559,2.504105259953926e-10
18139,milia,47922,0.5457527797255334,4.5186782848816166e-08
21442,milko,36029,0.46303716317740157,9.393020161674315e-10
8920,milks,158281,0.7766202544325354,2.6093045079278455e-07
2651,milky,1515925,0.9336121406390865,8.362972857867134e-07
3863,mille,714163,0.9032605429229691,1.9023617085167645e-07
801,mills,11910667,0.9799408995291996,8.794691761977447e-06
6123,milos,307933,0.8466643293599119,3.7423733512120806e-09
24755,milty,28755,0.3800711209055394,4.375215650886943e-10
30616,mimed,20111,0.2332966042271862,1.2704887666359358e-07
7136,mimeo,233985,0.8212962035460283,6.315119219379995e-07
15850,mimer,59583,0.6030752278874086,1.7588722489580984e-09
12910,mimes,83183,0.676700390664129,1.4483613142601825e-07
2981,mimic,1187154,0.9253480917559852,2.1557538661909347e-06
22619,mimsy,33001,0.4335620554943404,8.371824846697961e-09
11435,minar,102246,0.7136381849143544,1.2999683232095553e-08
4902,minas,455535,0.8772413102273866,6.964413771015645e-08
5911,mince,328039,0.8519733547029951,4.160788506624158e-07
935,minds,9529696,0.9765851948312131,1.819819401134737e-05
3220,mined,1025833,0.91936291695883,3.368727470842714e-06
2155,miner,2264812,0.9460332565361114,2.061880475139333e-06
1307,mines,5542234,0.9672693579084444,1.175971178781765e-05
17976,minge,48616,0.5498347190223379,3.470434177810233e-09
33718,mings,16874,0.15561454472603425,1.009692910169946e-08
8678,minim,165667,0.7826805569468096,1.124694067300425e-07
3107,minis,1087516,0.9221927276369829,1.748987219940546e-07
10287,minke,123023,0.7423870579985976,1.880790615160777e-07
15748,minks,60142,0.6056295702694581,5.479999742874497e-08
26549,minny,26097,0.3351447460683161,2.977879836052466e-09
441,minor,29782623,0.9889562255834919,3.90684468584368e-05
6423,minos,280507,0.8391515576480016,6.5235148549724914e-09
3997,mints,672742,0.8999048382249825,3.893062574888973e-07
7409,minty,218953,0.81445958128819,6.698928038062491e-08
1134,minus,7025364,0.9716017229289793,7.800049643265083e-06
6466,mired,276967,0.8380747270359611,5.427984532957453e-07
16106,mires,58144,0.5966643293599119,1.1868110291857195e-07
16355,mirex,56648,0.5904287288390263,9.815053372719262e-08
22646,mirin,32938,0.43288590604026844,4.398670639282898e-08
11846,miros,96098,0.7033456876690374,8.874908305478435e-10
5401,mirth,381439,0.8647450666132425,8.392075454821679e-07
5090,mirza,425445,0.8725333066212562,6.9864864271629305e-09
23881,misch,30396,0.40195832915957125,1.1013804415149764e-08
7349,miser,222219,0.815962135630572,3.0130377666637285e-07
4388,mises,563099,0.8901131924271262,4.314029638408101e-08
7170,missa,231828,0.8204447560853451,3.957507246354908e-08
2337,missy,1925451,0.9414755083642192,1.1207127528223282e-07
4920,mists,452867,0.8767905439246719,8.393427469854941e-07
1968,misty,2651773,0.9507162175698688,9.703622379220178e-07
2041,mitch,2464162,0.9488881097866373,7.137845472460214e-09
4936,miter,450148,0.8763898627667034,1.952190811493893e-07
3631,mites,798205,0.909070419713513,1.5337480442667584e-06
21235,mitis,36570,0.46822097565861964,6.62132379858349e-08
3862,mitre,714477,0.9032855854953421,1.5213974123184925e-07
4215,mitts,606942,0.8944455574476611,1.605193449449871e-07
483,mixed,25395056,0.9879044375438245,3.803089231951162e-05
1301,mixer,5558245,0.9674196133426826,2.3807823981769617e-06
1695,mixes,3552046,0.9575528398277071,2.3156305928750955e-06
18789,mixte,44992,0.5294751076830612,3.106652854967251e-08
15137,mixup,64397,0.620930581989382,3.980648308754553e-08
32111,mizen,18393,0.19585795852950014,3.032911475742139e-08
26036,mizzy,26918,0.34799158569568267,3.7294067806170607e-10
4941,moans,449401,0.8762646499048382,7.339841369002898e-07
9251,moats,149042,0.768331162977061,1.249438038541939e-07
27749,mobie,24095,0.30509365922067516,1.3595676037064792e-09
13076,moble,81403,0.6725433236502053,2.732668084037826e-09
3361,mocha,933522,0.9158319142542322,1.2198282750119916e-07
12553,mochi,87210,0.6856405890013022,3.37988965704028e-08
7471,mocks,216156,0.8129069418010618,3.629365716051325e-07
2484,modal,1718570,0.9377942502253831,4.3329610844011765e-06
87,model,161205740,0.997821296203546,0.000205572919076
648,modem,15984492,0.9837724131022738,4.493211989711199e-06
9812,moder,133957,0.7542822798757889,5.441302893416378e-07
710,modes,14131325,0.9822197736151458,2.1347061556298284e-05
4272,modus,592874,0.8930181308223981,1.0129895258614851e-06
19316,moers,43027,0.5162776720424722,5.959781131797957e-10
10744,mofos,113875,0.730942602424121,1.0361951874315875e-09
21696,moggy,35330,0.4566763497946509,5.2646697695779565e-09
3763,mogul,753098,0.9057648001602725,1.891357180028308e-07
22688,mohel,32836,0.431834118000601,2.3758870764112322e-08
4422,moira,555353,0.889261744966443,1.541253029202494e-08
10930,moire,110581,0.7262846839627366,2.001186381406228e-07
2228,moist,2140516,0.9442051487528799,5.6706303985265546e-06
24494,mokes,29259,0.38660723229490135,2.357141465125778e-08
4068,molar,650262,0.8981268155864971,3.803199806498016e-06
21085,molas,36986,0.47197736151457476,1.943219901434645e-08
2615,molds,1552621,0.9345136732445157,1.792493155789998e-06
7636,moldy,208515,0.8087749173595111,2.686637762394639e-07
4168,moles,619237,0.8956225583491936,1.6840480793689497e-06
19543,molla,42202,0.5105930081137935,4.044208594677912e-09
35524,molls,15283,0.11038765902033457,1.09170072715159e-08
1521,molly,4328076,0.961910247420615,5.440885264107464e-08
4711,molto,492050,0.8820244415506361,1.3300933375148817e-07
30091,molts,20806,0.24644395472302916,8.677736559548066e-08
2563,momma,1609120,0.9358158870079134,3.096127206703159e-07
1840,mommy,3025970,0.9539216668336171,5.139631169015502e-07
16068,momus,58407,0.5976159471100871,2.289438330027593e-09
7061,monad,238651,0.8231743964740058,2.2251121109206906e-07
22180,monas,34061,0.4445557447661024,2.0282690815776053e-08
2482,monde,1721758,0.9378443353701292,7.108973136382702e-07
2526,mondo,1664921,0.9367424621857157,1.8844252167582453e-07
72,money,190205072,0.9981969347891415,0.0001595185659243
7922,mongo,194449,0.8016127416608234,1.7506525855637277e-08
12691,monic,85571,0.6821847140138235,8.6782105910288e-08
16840,monie,54001,0.5782830812381048,2.007641096923862e-08
2240,monks,2103722,0.9439046378844035,4.974509238309111e-06
10276,monos,123186,0.742662526294701,2.60894542236656e-08
1194,monte,6411384,0.9700991685865972,1.929997497995828e-07
128,month,123027963,0.9967945507362517,8.828727099171375e-05
1928,monty,2730888,0.9517179204647901,9.110655438959724e-09
13524,mooch,77236,0.661324251227086,2.9885873420454347e-08
2718,moods,1437510,0.9319342882900932,2.266716021495085e-06
1638,moody,3776452,0.9589802664529701,5.92894554074519e-07
20962,mooks,37312,0.47505759791645796,3.069193102445133e-09
21913,moola,34775,0.4512421115897025,7.270257325053819e-09
26899,moong,25492,0.3263798457377542,4.085089216232518e-08
3126,moons,1073540,0.9217169187618952,9.964869036593882e-07
14565,moony,68559,0.6352549333867575,3.1062913947721435e-08
4327,moors,577097,0.8916407893418812,4.53290346627e-07
1685,moose,3581329,0.9578032655514375,1.2597910517797572e-06
11900,moots,95227,0.7019933887608936,3.5866685941243765e-08
4669,moped,501534,0.8830762295903035,2.0305471323922575e-07
31691,mopey,18894,0.2063758389261745,1.2875721635552394e-08
31233,morae,19411,0.21784533707302414,2.362487393270385e-08
737,moral,13643598,0.9815436241610739,5.346007317712065e-05
23252,moras,31610,0.41771010718220974,4.0215182917080486e-08
29817,morat,21130,0.2533056195532405,2.2173634484090597e-09
3686,moray,775524,0.907693078232996,5.626644110634515e-08
5135,morel,418685,0.8714063908644696,7.894275661612939e-08
6257,mores,295725,0.8433086246619252,1.2207864733682071e-06
8503,moria,171320,0.7870630071120905,1.0700784178752088e-08
12326,morne,89583,0.6913252529299809,1.8137898774028826e-08
3230,moron,1017416,0.9191124912350996,2.815204237549551e-07
3748,morph,759670,0.906140438745868,3.543578691278526e-07
20611,morra,38381,0.48384754081939296,6.742983136298619e-09
4989,morro,441702,0.8750626064309326,8.031064653302167e-09
2072,morse,2382036,0.9481117900430732,5.57752956353852e-08
13354,morts,78882,0.6655814885305018,6.68868221964658e-08
1290,moses,5615802,0.9676950816387859,3.784704970755115e-08
15045,mosey,65040,0.6232344986477011,3.66004145924137e-08
13410,mosso,78236,0.664179104477612,1.9534516013663962e-08
4808,mossy,470059,0.8795953120304517,4.878733136592927e-07
28640,moste,22739,0.2827807272363017,7.104231080745649e-08
31969,moted,18579,0.199414003806471,3.1062770045053866e-08
968,motel,9170238,0.9757587899429029,2.436393408515869e-06
18662,moten,45477,0.5326555143744366,3.271526167747396e-09
10401,motes,120668,0.7395322047480717,1.8067803182475477e-07
12902,motet,83259,0.6769007312431133,2.193092765878646e-07
3617,moths,804700,0.9094210157267355,1.3647805872096797e-06
1855,motif,2961524,0.9535460282480216,4.3211373031226685e-06
335,motor,40615655,0.9916107382550335,4.2529842685326005e-05
5490,motte,371048,0.8625162776720424,8.964610991313294e-08
2361,motto,1894147,0.9408744866272664,2.138175457275793e-06
29731,motts,21248,0.25545928077732144,2.046836922175998e-09
32351,motty,18153,0.18984774115997194,6.182950479383111e-10
19577,motus,42057,0.5097415606531103,6.961969830854288e-08
2688,mould,1479845,0.9326855654612842,2.894827412092127e-06
13746,moult,75151,0.6557648001602725,3.794308267401904e-07
2160,mound,2259654,0.9459080436742462,3.4622510020199114e-06
369,mount,36648260,0.9907592907943504,6.430789708247175e-06
3680,mourn,779010,0.9078433336672344,1.3668172880443308e-06
400,mouse,33667003,0.9899829710507864,1.5189901623671177e-05
18364,mousy,46820,0.5401182009416007,1.1038861480017205e-07
508,mouth,22880351,0.9872783732344986,5.297224022797309e-05
379,moved,35713495,0.9905088650706201,7.824181848263834e-05
2118,mover,2309084,0.9469598317139136,1.3467688154378265e-06
651,moves,15789001,0.9836972853851548,2.3584984373883343e-05
89,movie,158421100,0.9977712110588,1.6269727548205993e-05
6854,mowed,250292,0.8283582089552238,3.834958135939816e-07
2588,mower,1579636,0.9351898226985876,6.434393969811936e-07
5247,moxie,401036,0.8686016227586898,3.2319505862687954e-08
8660,moyle,166237,0.7831313232495242,1.1108086789279881e-09
27089,mozes,25161,0.32162175698687767,3.297307494404267e-10
3545,mucho,846045,0.9112240809375939,1.8004691668238593e-07
14952,mucic,65598,0.6255634578783933,3.5498497275021635e-09
10205,mucin,124414,0.7444405489331865,3.852415582628055e-07
24185,mucks,29822,0.3943453871581689,2.4248249097524875e-08
10895,mucky,111308,0.7271611739957928,1.0251392339455378e-07
29109,mucor,22105,0.2710357607933487,8.473545496379132e-09
4245,mucus,600467,0.89369428027647,1.9185030419066605e-06
2388,muddy,1860188,0.9401983371731945,2.746469886005798e-06
7766,mudge,202164,0.8055193829510168,1.6058220891901343e-09
14322,mudra,70259,0.6413402784734048,1.3760572542764748e-07
7332,muffs,223133,0.8163878593609135,8.516287330451178e-08
7720,mufti,204002,0.8066713412801763,1.5584440561156042e-07
13068,muggs,81479,0.6727436642291896,8.356899705574961e-10
13006,muggy,82131,0.6742963037163178,1.5416769542753174e-07
16926,muhly,53624,0.5761294200140238,3.0859169983799006e-08
3569,mulch,833160,0.9106230592006411,9.70655322589664e-07
3407,mules,907690,0.9146799559250727,1.6693159477654262e-06
32435,muley,18053,0.18774416508063707,7.451694639115659e-09
14799,mulga,66736,0.6293949714514675,5.7221941140994675e-08
14397,mulla,69657,0.6394620855454273,1.5867485316789497e-08
7279,mulls,225977,0.8177151156966843,5.4667565478894185e-08
2374,mummy,1878933,0.9405489331864169,7.781225167491357e-07
4589,mumps,517472,0.8850796353801462,5.844577844982268e-07
3910,munch,699127,0.9020835420214365,1.4989947089816268e-07
17592,munge,50488,0.5594510668135831,1.399163941789849e-09
7927,mungo,194356,0.8014875287989582,6.814140220967602e-08
18410,munis,46585,0.5389662426124412,3.5295583131755846e-08
7827,muons,199181,0.8039917860362616,4.507734091419025e-07
2787,mural,1367338,0.9302063507963538,1.637958771425474e-06
13990,mures,73135,0.6496544125012521,3.749135650821245e-09
14914,murex,65820,0.6265150756285686,2.853140809833121e-08
4522,murky,532036,0.8867574877291395,1.0450272361595125e-06
29724,murra,21261,0.2556345787839327,2.786288566536399e-09
19226,murre,43380,0.5185315035560453,2.4784021332990845e-08
32109,murri,18396,0.19590804367424622,1.7271520008632635e-09
7607,murry,209712,0.8095011519583292,2.647730170668438e-09
20193,murti,39866,0.4943153360713212,2.7337017609596613e-08
22026,musca,34480,0.44841230091154965,5.6700006556553725e-09
7247,mused,227635,0.8185164780126215,1.3831584846002443e-06
34868,muser,15833,0.12681558649704497,3.1367064345921846e-09
4504,muses,535008,0.8872082540318541,4.104862534859422e-07
21863,musha,34893,0.4524942402083542,1.1304161873226804e-08
6490,mushy,275321,0.8374737052990083,3.478070021856184e-07
13,music,414028837,0.9996744465591506,7.80320401827339e-05
18294,musks,47139,0.5418711810077131,1.5242222319855615e-08
8334,musky,177529,0.7912952018431333,2.3590501371018042e-07
17842,musos,49228,0.5531904237203246,3.953742362672319e-09
32384,musse,18113,0.18902133627166182,2.6062060898279783e-09
36119,mussy,14809,0.09548732845837925,7.175192262565133e-09
14890,musts,66009,0.6271160973655214,1.1726643833753769e-07
7084,musty,237343,0.8225984173094261,6.151331848514019e-07
11167,mutch,106606,0.7203495943103275,1.692581600210019e-08
3932,muted,693571,0.9015326054292296,1.6297938498155418e-06
9073,mutes,153707,0.772788740859461,1.660501362721334e-07
7326,mutha,223687,0.8165381147951517,1.3247796966098236e-08
38110,mutis,13447,0.045627566863668235,1.5114426166196183e-09
10260,mutts,123475,0.7430632074526695,4.235150159459522e-08
38576,muxes,13155,0.03395772813783432,9.514442174674011e-09
8809,muzak,161682,0.7793999799659421,1.919189370092056e-08
12048,muzzy,93181,0.6982870880496844,2.615167545627628e-08
14857,myall,66310,0.6279425022538315,5.5122458952894246e-09
3916,mylar,698551,0.9019332865871983,1.409846345978849e-07
26719,mynah,25824,0.3308875087649003,3.1610255533109926e-08
28786,myoma,22529,0.2791245116698387,4.6130100237462566e-08
6268,myrrh,294893,0.8430331563658219,2.805860799526272e-07
37372,mysid,13917,0.06410898527496744,4.257701054832808e-08
1534,myths,4253827,0.9615846939797656,5.52498933757306e-06
32553,nabis,17936,0.18478914154061904,2.9585969407719404e-09
20932,nabla,37393,0.475808875087649,9.708820014608933e-09
24694,nabob,28856,0.3815987178202945,4.0660165048223006e-08
5302,nacho,392622,0.8672242812781729,2.0783647570743468e-08
14929,nacre,65713,0.626139437042973,6.157777058035662e-08
36894,nadas,14261,0.07607933486927777,1.494575215810201e-09
5661,nadir,353146,0.8582339977962536,5.787968677850585e-07
32457,naeve,18025,0.18719322848843034,1.6793948766358203e-10
17022,nagas,53165,0.5737253330662125,3.3325910528958504e-08
21590,nahal,35681,0.45933086246619254,3.63401959413423e-09
16127,naiad,58003,0.5961384353400782,3.240015139738261e-08
1182,nails,6463889,0.9703996794550737,4.968463149452873e-06
5765,naira,342118,0.8556295702694581,2.0463795886271893e-07
18105,nairu,48069,0.5466042271862166,1.1978626635739121e-09
2395,naive,1848489,0.9400230391665831,4.444740966391692e-06
323,naked,43110969,0.9919112491235099,1.077270840141864e-05
26304,nakfa,26467,0.3412801762997095,2.566808386880725e-09
37614,nalla,13771,0.05804868276069318,7.645265389655265e-09
396,named,34099544,0.9900831413402785,4.841904461500235e-05
11386,namer,103097,0.7148652709606331,1.8618427581884588e-08
212,names,71918906,0.9946909746569168,5.869263230124488e-05
17369,nanas,51563,0.5650355604527697,6.639575129696595e-09
3889,nance,705947,0.9026094360412702,3.4701739508591346e-07
748,nancy,13381057,0.9812681558649704,1.1384601066311009e-07
28550,nandu,22865,0.28503455874987477,2.0134051426090594e-09
10654,nanna,115892,0.7331964339376941,1.328878964645952e-08
1841,nanny,3025474,0.9538966242612441,7.414964355234587e-07
7727,nanos,203719,0.806496043273565,2.321427512441687e-08
17696,naped,49859,0.5568466392867876,3.3373961372262784e-08
5459,nappa,374107,0.8632925974156065,4.389045005215308e-09
19251,nappe,43295,0.5179054392467194,2.3702922455015602e-07
4216,nappy,606925,0.894420514875288,1.7836662529191473e-07
33409,naras,17161,0.16335269958930182,2.0460647531805878e-09
7656,narco,207216,0.8082740659120505,9.70606686401254e-08
16835,nares,54047,0.57840829409997,1.6362223135502062e-07
25118,naric,28120,0.37098066713412803,5.377265364231441e-10
14246,narre,70750,0.6432435139737553,2.322974058666105e-09
2014,nasal,2536094,0.9495642592407092,5.496626163221663e-06
24095,nashi,30001,0.39659921867174197,1.660501371070211e-08
1102,nasty,7434847,0.9724030852449164,3.372133539869537e-06
1845,natal,3010028,0.953796453971752,1.0073552084577383e-06
12380,natch,89014,0.6899729540218371,2.595413171491145e-08
10331,nates,122231,0.7412851848141842,9.422659800861768e-08
7479,natty,215845,0.8127066012220775,6.857640336477288e-08
1049,naval,8091649,0.9737303415806872,1.1571399973036025e-05
2658,navel,1503077,0.9334368426324752,9.046354682595848e-07
14101,naves,72133,0.6468746869678453,7.201868875483796e-08
31643,navvy,18939,0.20757788240008013,4.541041793260092e-08
15623,nawab,60939,0.6087598918160874,5.868557259702811e-08
12455,nazir,88294,0.6880947610938596,2.3794531491816428e-08
2499,nazis,1694605,0.9374186116397877,5.512070796243052e-08
19471,neals,42505,0.5123960733246519,1.8282365023269958e-09
4338,nears,573618,0.8913653210457778,3.4134919815187457e-07
4353,neath,571177,0.8909896824601823,1.3691587383846126e-07
12158,nebel,91828,0.6955324050886507,3.2797422844232924e-09
3720,necks,766318,0.906841630772313,1.835661164477642e-06
22854,neddy,32471,0.42767705098667735,1.814835807190107e-09
126,needs,123595776,0.9968446358809977,0.0001479756142362
2544,needy,1636137,0.9362916958830011,3.464858805273252e-06
30623,neeps,20099,0.23312130622057498,6.47355589911136e-09
16914,neese,53674,0.5764299308825003,1.0140697959126755e-09
2030,negro,2489080,0.9491635780827407,1.829165914841724e-06
11726,negus,97779,0.7063507963538015,1.9385008425132355e-08
7571,neigh,211412,0.8104026845637584,1.8801689236624957e-07
30801,nelis,19894,0.2286637283381749,4.69943513686788e-10
1441,nelly,4686900,0.9639136532104577,1.3747539426844925e-08
10639,neons,116180,0.7335720725232896,1.6633039834346164e-08
34834,neral,15869,0.12766703395772813,1.1640164023773993e-07
3474,nerds,878641,0.9130021035760794,1.0896282755190613e-07
5060,nerdy,431324,0.8732845837924471,9.483800494702877e-08
29148,nerka,22040,0.27005910047080034,1.0360842230383585e-07
1173,nerve,6567418,0.9706250626064309,2.198562793637393e-05
21536,nervy,35793,0.46068316137433635,8.5845099135895e-08
3042,nests,1141883,0.9238204948412301,3.2832951001182665e-06
11086,netop,107980,0.7223780426725434,1.2986963662808827e-09
25139,netty,28089,0.3704547731142943,1.657057151494001e-09
32654,nevel,17833,0.1822598417309426,4.140323153212222e-09
97,never,149556758,0.9975708704798157,0.0002568690985208
9152,neves,151558,0.7708103776419913,4.442863930087526e-09
11851,nevus,95946,0.7032204748071722,3.3796222439264055e-07
14544,newbs,68637,0.6357808274065913,6.816759882954935e-10
37890,newed,13599,0.05113693278573575,1.732785125163616e-08
12799,newel,84386,0.6794801161975358,7.762070062256044e-08
1125,newer,7122879,0.9718271060803366,4.945573136865278e-06
540,newly,21102330,0.9864770109185615,2.415909908449976e-05
15164,newsy,64185,0.62025443253531,3.51801510944938e-08
12358,newts,89263,0.6905238906140438,1.117141115969389e-07
1931,nexus,2728391,0.951642792747671,1.9504164322370344e-06
19142,ngaio,43660,0.5206350796353801,2.4179143909286437e-09
11392,ngati,102994,0.7147150155263948,3.54980848327191e-09
32070,ngoma,18454,0.19688470399679456,2.505275324082845e-08
6362,nicad,287230,0.8406791545627567,1.0089096393189893e-08
2922,nicer,1239249,0.9268256035259942,8.212706029553374e-07
1593,niche,3999108,0.9601071822097565,3.488581344299746e-06
1919,nicht,2762565,0.9519433036161474,1.6882541876839242e-06
3840,nicks,721039,0.9038365220875488,1.964547018928897e-07
4912,nicol,454397,0.8769908845036563,1.4477529801659728e-08
14038,nidal,72762,0.6484523690273465,2.8929437112523716e-09
25186,nidus,28010,0.3692777722127617,1.1339790944475681e-07
3028,niece,1151039,0.9241710908544526,2.6612339206621983e-06
11032,nieve,108751,0.7237303415806872,1.7657562096928813e-08
2297,nifty,1981740,0.9424772112591405,1.898503246877681e-07
1332,niger,5388602,0.9666432935991185,4.727123257453058e-07
112,night,130531484,0.9971952318942202,0.0001294332237739
9335,nihil,146679,0.7662275868977262,2.488504279085646e-07
25558,nikah,27512,0.359961935289993,2.5269006416195338e-08
34293,nikau,16356,0.14121506561153963,4.7016067505900594e-09
9638,niner,138699,0.7586396874686968,3.651092892908991e-08
7645,nines,208082,0.8085495342081539,1.8373651599290498e-07
1497,ninja,4439780,0.9625112691575679,1.5021254110902937e-07
20515,ninny,38726,0.48625162776720426,7.421384232486616e-08
34684,ninon,16007,0.13142341981368327,2.168229829013768e-09
1505,ninth,4390562,0.9623109285785836,5.809419826618978e-06
13726,nippy,75292,0.6562656516077331,4.4504951972612624e-08
19784,nisei,41285,0.5045577481718923,4.041715191860362e-08
20670,nisse,38233,0.482370029049384,6.295416650203833e-09
10705,nisus,114722,0.7319192627466693,2.6066456406681482e-08
19157,niter,43607,0.5202594410497846,4.111492856395671e-08
10793,nites,113148,0.7297155163778424,1.2899795489573761e-08
26202,niton,26617,0.343834518681759,5.471158330827564e-09
2015,nitro,2533124,0.9495392166683362,9.44810172995858e-07
5693,nitty,349781,0.8574326354803166,1.755855370788595e-07
23355,nival,31420,0.41513072222778724,1.824606897571357e-08
13314,nixed,79256,0.6665831914254232,6.190078259749043e-08
13325,nixes,79192,0.6663077231293199,8.275799086021607e-09
15815,nixie,59753,0.6039517179204648,9.699692826714568e-09
14818,nizam,66531,0.6289191625763798,2.293298099864672e-08
19641,nkosi,41833,0.5081388360212361,2.6668903352344842e-09
10740,noahs,114009,0.7310427727136132,2.6734397570726817e-10
10536,nobby,118253,0.7361514574777122,7.717693915054724e-09
779,noble,12604679,0.9804918361214064,1.79661828042299e-05
10500,nobly,118764,0.7370529900831413,5.219392670596789e-07
27576,nocks,24367,0.3094260242412101,1.0368007608008157e-08
4685,nodal,497653,0.882675548432335,2.0352084243313585e-06
6652,noddy,263991,0.8334168085745768,2.0266054150397395e-08
833,nodes,11208722,0.9791395372132625,1.5179042184172432e-05
22198,noels,34012,0.44410497846338776,4.694433045071556e-09
10890,noirs,111362,0.727286386857658,1.0183476561564933e-07
488,noise,25171520,0.9877792246819593,4.327960145019461e-05
1652,noisy,3722908,0.9586296704397476,4.046876447318937e-06
16574,noles,55380,0.5849444054893319,5.711257246576729e-09
2734,nomad,1422041,0.9315336071321246,3.666463049967206e-07
9179,nomen,150990,0.7701342281879194,2.79626138990352e-07
15362,nomes,62827,0.6152960032054493,5.4002676890263504e-08
5451,nomic,374700,0.8634929379945908,4.254838032125008e-07
12028,nomos,93498,0.6987879394971451,1.3636843085862437e-07
5391,nonce,382363,0.8649954923369728,1.706051098437911e-07
27062,nones,25207,0.32229790644094963,4.109969683696592e-08
21030,nonet,37151,0.47335470299509164,3.417269243577436e-08
36011,nonis,14895,0.09819192627466693,2.043993307943026e-09
18220,nonny,47498,0.5437243313633177,1.5492181031362406e-08
38313,nonyl,13315,0.0405439246719423,3.354612557515679e-08
9890,noobs,131979,0.7523289592306922,4.01292349377913e-09
15796,nooit,59878,0.6044275267955524,5.084844117320132e-08
7529,nooks,213440,0.8114544726034258,2.745194953490682e-07
5427,noose,378201,0.8640939597315436,6.412108757558599e-07
22631,nopal,32978,0.43326154462586397,2.3167445117877613e-08
21545,noria,35779,0.46045777822297906,9.044873561236957e-09
16090,noris,58236,0.5970650105178804,5.1597036820894e-09
2524,norma,1665222,0.9367925473304618,1.224081103146091e-07
1804,norms,3135997,0.9548231994390464,1.4552692300640049e-05
54,north,217809513,0.9986477010918562,5.787504334875848e-05
4197,nosed,611383,0.8948963237503756,1.0230137843336706e-06
3688,noses,775113,0.90764299308825,1.6967399142231442e-06
9883,nosey,132182,0.7525042572373034,8.213139690127494e-08
1754,notch,3302495,0.9560753280576981,3.224619708817045e-06
442,noted,29754565,0.9889311830111189,8.793275206699036e-05
13792,noter,74828,0.6546128418311129,1.2975983940677338e-08
197,notes,79958318,0.9950666132425122,5.716204577765893e-05
22623,notum,32996,0.43346188520484824,3.1271041009972575e-08
3362,nouns,932444,0.9158068716818591,3.852039653793326e-06
7847,novae,198124,0.8034909345888009,2.116431504362027e-07
10047,novas,128279,0.7483972753681258,3.355423661588475e-08
527,novel,21821189,0.986802564359411,3.913973978342256e-05
9061,novum,154066,0.7730892517279375,6.696555473695298e-08
26403,noway,26329,0.33880096163477913,2.3465415424084312e-08
27552,noyau,24399,0.3100270459781629,2.01240384356538e-08
5268,noyes,397014,0.8680757287388561,3.1913157427787554e-09
19021,nubby,44046,0.5236652308925173,2.9953033706675575e-08
11749,nubia,97553,0.7057748171892216,2.1619013668150443e-09
35387,nuddy,15392,0.11381849143544025,1.7706993649113652e-09
1600,nudes,3964133,0.9599318842031453,2.841749261506266e-07
3343,nudge,942601,0.9162826805569468,6.541689342043356e-07
9297,nudie,147669,0.7671792046479015,1.5434732345553926e-08
9703,nuked,136859,0.7570119202644495,2.1043434812462186e-08
3732,nukes,764161,0.9065411199038366,1.0180864364883749e-07
6666,nulla,263140,0.8330662125613543,2.48058874490198e-07
8200,nulls,182242,0.7946509065411199,1.3211311738814402e-07
22438,numbs,33408,0.4380947610938596,4.1742427647761814e-08
32177,numen,18324,0.1942051487528799,4.562843361810564e-08
624,nurse,16772151,0.9843734348392267,1.930175041707116e-05
34898,nutso,15808,0.12606430932585394,7.189270411350757e-09
3954,nutty,686428,0.9009816688370229,3.048934640048629e-07
13888,nyala,73950,0.6522087548833017,1.3888792285143836e-08
875,nylon,10410171,0.9780877491735951,2.765563549473881e-06
3919,nymph,697326,0.9018581588700791,6.848569319117815e-07
9776,nyssa,134732,0.755183812481218,2.944066809784651e-09
30357,oaked,20464,0.23978263047180207,1.7691710330058896e-08
14479,oaken,69075,0.6374085946108384,1.597492237692677e-07
12095,oases,92726,0.6971100871481518,3.886565843913559e-07
959,oasis,9270498,0.9759841730942602,1.0186317422267169e-06
7964,oaten,192579,0.800560953621156,2.439183242941567e-08
4749,oaths,483079,0.8810728238004608,1.7183803265652386e-06
2518,obese,1673406,0.9369428027647,2.26652226274382e-06
7000,obeys,242408,0.8247019933887609,8.850013080063945e-07
4170,obits,618473,0.8955724732044476,3.876059373908447e-08
5218,objet,405664,0.8693278573575077,1.580596966732628e-07
12390,oboes,88914,0.6897225282981068,1.5464580869206656e-07
38302,obole,13322,0.040819392968045674,1.7344433522747943e-09
6585,occam,268903,0.8350946609235701,3.191892876230895e-08
492,occur,24679212,0.9876790543924672,8.460179997200612e-05
419,ocean,31928741,0.9895071621756987,2.200510869442951e-05
23617,ocher,30934,0.4085695682660523,1.511624637373643e-07
6292,ochre,293192,0.8424321346288691,5.904225974973087e-07
21401,ocker,36128,0.464063908644696,9.694170537422052e-09
4407,octal,557500,0.8896373835520385,2.438590169617783e-07
33554,octan,17041,0.15972152659521185,1.3556123299451884e-08
2140,octet,2280607,0.9464088951217069,3.169034653183189e-07
8291,octyl,178952,0.7923720324551738,1.384424293604525e-07
22072,oculi,34351,0.44726034258239006,1.250402472408041e-07
15651,odder,60826,0.6080586997896424,9.25128374973383e-08
2769,oddly,1385252,0.9306571170990684,1.9600532039021344e-06
4925,odeon,452374,0.8766653310628068,5.639219893271985e-09
17483,odium,50950,0.5621807072022438,1.8015090020639945e-07
3437,odors,895586,0.9139286787538816,1.4275968214860767e-06
4076,odour,648137,0.8979264750075128,1.230366598292676e-06
7924,offal,194416,0.8015626565160773,3.591510579781243e-07
30246,offed,20595,0.24256235600520887,2.467885174439744e-08
121,offer,126228968,0.9969698487428629,7.923829281935468e-05
167,often,92551460,0.9958178904137033,0.0002541407058015
33183,ofter,17374,0.16901232094560753,7.839540122844823e-08
15031,ogham,65125,0.6235850946609236,1.8289157610595912e-08
29833,ogled,21111,0.25290493839527195,5.8606826911500334e-08
11266,ogres,104863,0.7178703796453971,1.2847367209189997e-07
10711,ohmic,114621,0.7317690073124311,5.805625517041335e-07
29883,ohone,21043,0.25165280977662025,1.860052676327939e-09
3684,oiled,776472,0.9077431633777422,9.061624223249964e-07
9118,oiler,152495,0.7716618251026746,1.6314042653675641e-07
27886,oints,23880,0.3016628268055695,3.1917063121333914e-08
15943,okapi,59009,0.6007462686567164,2.067071054767666e-08
11664,okays,98655,0.7079034358409296,1.7753314036639268e-08
6015,olden,318215,0.8493689271761995,4.65224701997613e-07
318,older,44222089,0.9920364619853751,5.57246278913226e-05
7805,oldie,200255,0.8045427226284684,3.831940885490327e-08
8277,oleic,179394,0.7927226284683963,4.325856224340896e-07
37669,olein,13736,0.0566713412801763,2.100261736082132e-08
14924,oleum,65755,0.6262646499048382,7.233554953245404e-08
953,olive,9298184,0.9761344285284984,7.124458225007402e-06
15050,oller,65001,0.6231092857858359,1.703285162690804e-08
3525,ollie,855837,0.9117249323850546,1.2016728414554478e-08
8885,ology,159238,0.7774967444655915,1.539386320814629e-07
6988,ombre,243069,0.8250025042572373,7.702176048951515e-08
881,omega,10289113,0.9779374937393569,9.468349855978886e-07
7459,omens,216634,0.8132074526695382,4.82583983512086e-07
26818,omers,25630,0.32840829409996997,1.1688706624823909e-08
6141,omits,306112,0.8462135630571972,1.202122750783019e-06
38676,onces,13086,0.031453470900530904,9.780834071548838e-09
12953,onely,82789,0.6756235600520886,3.704307442831123e-07
1198,onion,6384730,0.9699989982971051,5.075729541204055e-06
27380,onlay,24706,0.31433436842632473,5.0031667164773806e-08
1623,onset,3858839,0.9593559050385656,1.3781114321318456e-05
36326,ontic,14665,0.09030351597716117,1.6122028370091357e-07
8340,oomph,177199,0.7911449464088951,5.895474270545265e-08
13308,oozed,79302,0.6667334468596614,3.426403920059329e-07
9945,oozes,130679,0.7509516177501753,2.256798828170759e-07
6686,opals,261351,0.8325653611138936,8.429820695710077e-08
713,opens,14070477,0.9821446458980266,1.12745010665094e-05
591,opera,18225169,0.9851998397275368,9.27862882235786e-06
11360,opine,103450,0.715516377842332,1.576524540780611e-07
11408,oping,102743,0.7143143343684263,1.0937995462256825e-07
2833,opium,1330299,0.9290543924671942,2.8928463325428312e-06
27095,oppos,25152,0.3214715015526395,2.706544735886496e-08
16285,opsin,57058,0.5921817089051388,1.0807686855685005e-07
2489,opted,1708067,0.937669037363518,2.826538957378944e-06
1472,optic,4558869,0.9631373334668937,5.675836023328884e-06
33398,orach,17167,0.16362816788540518,8.056095044395306e-09
9514,orals,141983,0.761744966442953,3.9315065762934873e-08
6321,orang,290223,0.8417059000300511,2.126326540974333e-07
27139,orate,25080,0.32036962836822597,5.172204474490628e-08
1331,orbit,5389062,0.9666683361714915,9.292157546951784e-06
6130,orcas,307125,0.8464890313533006,5.224367762846072e-08
20,order,336631187,0.9994991485525393,0.0003703840600792
29655,oread,21344,0.25736251627767204,3.850285477113857e-09
974,organ,9077449,0.9756085345086647,1.566389981235261e-05
8077,orgia,187239,0.7977311429430031,8.650322858017034e-09
19968,orgue,40630,0.4999499148552539,2.9390175377841393e-08
37082,oribi,14124,0.07137133126314735,1.0736205977579516e-08
7644,oriel,208095,0.8085745767805269,5.790407236361261e-08
36288,ornis,14688,0.09125513372733647,3.5538545195556993e-09
12581,orris,86853,0.6849393969748573,4.059063634542781e-08
2126,ortho,2295530,0.9467594911349294,7.986211096522311e-07
16844,orval,53993,0.5781829109486126,6.261855475808706e-10
1028,oscar,8285553,0.9742562356005209,4.205329656059576e-08
16917,osier,53672,0.5763548031653811,6.743535976738714e-08
30401,ossia,20395,0.23868075728738855,1.803439458214484e-08
10307,ostia,122493,0.7418862065511369,8.292186400638001e-08
5759,otaku,342874,0.8557798257036963,3.020103778547667e-08
1,other,978481319,0.999974957427627,0.0013338636467233
27594,ottar,24341,0.30897525793849545,1.4701767847569154e-09
2528,otter,1662335,0.9366923770409696,9.636749234687158e-07
1092,ought,7523238,0.9726535109686467,3.123889928247081e-05
7882,ouija,196199,0.8026144445557448,2.2100302352612288e-08
1763,ounce,3268355,0.9558499449063408,4.072187248311821e-06
13416,ousts,78184,0.6640288490433738,2.87018409750317e-08
9349,outdo,146433,0.7658769908845037,3.183427733688404e-07
8965,outed,156963,0.7754933386757488,6.429038907462827e-08
830,outer,11245167,0.9792146649303817,2.4873868242139e-05
22200,outgo,34007,0.4440548933186417,1.3313461789010716e-07
10201,outre,124480,0.7445407192226785,9.672204505761784e-08
5568,outro,362765,0.8605629570269459,3.6517879848929634e-08
2755,outta,1401625,0.9310077131122909,5.357156570084954e-07
35559,ouzel,15256,0.10951116898727838,1.3548102959504149e-08
7208,ovals,230020,0.8194931383351698,2.6476316122625576e-07
3251,ovary,1003163,0.9185865972152659,2.689506329716096e-06
9443,ovate,143727,0.7635229890814385,1.4246344323964875e-06
1720,ovens,3443150,0.9569267755183812,1.469782437197864e-06
3041,overs,1143660,0.9238455374136031,5.635023120476035e-07
3493,overt,871540,0.9125262947009917,4.776534296979662e-06
9337,ovine,146663,0.76617750175298,3.42803118513757e-07
11251,ovoid,105072,0.7182460182309927,8.643319546308704e-07
18768,ovule,45073,0.5300010017028949,2.7408504095660645e-07
2066,owing,2399321,0.9482620454773114,1.0721384660428157e-05
19283,owlet,43168,0.5171040769307823,2.4168102381594283e-08
385,owned,35050234,0.9903586096363819,4.552009362669196e-05
255,owner,58189056,0.9936141440448762,4.715084884082899e-05
6826,oxbow,252273,0.8290594009816689,9.011058658359164e-08
1342,oxide,5321340,0.9663928678753881,1.6001993244572077e-05
20608,oxime,38389,0.48392266853651206,2.2921517441432122e-07
14200,ozeki,71199,0.6443954723029149,1.860142554988009e-09
1258,ozone,5865280,0.968496443954723,6.449872425946524e-06
4699,ozzie,494900,0.8823249524191125,4.670546998458702e-09
28601,paans,22788,0.28375738755885005,1.838793245445558e-09
1921,paced,2755521,0.9518932184714014,2.60178771441133e-06
5194,pacer,409457,0.8699288790944606,8.707378100325516e-08
4121,paces,634682,0.8967995592507262,1.6424418720362155e-06
10426,pacey,120148,0.7389061404387459,4.08833549236931e-09
8421,pacha,173750,0.7891164980466794,1.8932093652779265e-08
812,packs,11683277,0.9796654312330962,2.8814785855502123e-06
7998,pacts,190899,0.7997095061604728,4.652937622040554e-07
2523,paddy,1668962,0.9368175899028348,2.1225861087259545e-06
7869,padma,197103,0.8029399979965942,3.725703718870932e-08
3049,padre,1132184,0.9236451968346189,3.243371790517813e-07
13246,paean,79770,0.6682860863467895,1.9635833297115824e-07
37899,paedo,13592,0.050911549634378446,4.900571439758751e-09
1632,pagan,3805644,0.9591305218872083,3.2428173153675745e-06
6204,paged,300118,0.844635880997696,2.8696855110865725e-07
2328,pager,1942889,0.9417008915155765,3.099225341429701e-07
44,pages,234001114,0.9988981268155865,4.827939344977494e-05
6847,pails,250638,0.8285335069618351,3.528839806676842e-07
1937,pains,2717960,0.9514925373134329,5.648595788443345e-06
523,paint,21926890,0.9869027346489031,1.587743976415368e-05
25492,paire,27597,0.36161474506661323,5.273495958135754e-08
947,pairs,9432115,0.9762846839627366,1.854279393228353e-05
5203,paisa,407754,0.8697034959431033,7.156366621074996e-08
15710,paise,60362,0.6065811880196333,2.784772681962977e-07
14005,palas,73010,0.6492787739156566,2.1056984254030908e-08
28002,palay,23707,0.2987578884102975,6.777824419490486e-08
22804,palea,32558,0.42892917960532906,1.010080198327046e-07
13522,paled,77239,0.6613743363718321,5.209912362147407e-07
9107,paler,152772,0.7719372933987779,1.0333907414405985e-06
8105,pales,185911,0.7970299509165581,2.5322107518377377e-07
18592,palet,45716,0.5344084944405489,5.497640631624279e-09
30050,palis,20847,0.24747070019032355,4.185113025023668e-09
17636,palla,50245,0.5583491936291696,2.099325374871341e-08
12113,pally,92509,0.6966593208454372,3.102967571777526e-08
1809,palms,3127466,0.9546979865771812,4.440029829311243e-06
25238,palmy,27941,0.3679755584493639,4.6013672729827714e-08
33582,palps,17014,0.1590203345687669,1.17656236966468e-07
2748,palsy,1409502,0.9311830111189021,1.6871353136593823e-06
7274,pampa,226170,0.8178403285585495,5.4008791394721814e-08
10013,panax,129184,0.7492487228288089,6.185300125416404e-09
1724,panda,3424825,0.9568266052288891,2.3643390022698441e-07
16859,pandy,53890,0.5778072723630171,2.799915942430786e-09
14730,paned,67297,0.6311229089452068,9.526679178861741e-08
273,panel,53784382,0.9931633777421617,2.949090612673899e-05
4991,panes,441440,0.8750125212861866,8.230098001149599e-07
18529,panga,46002,0.5359861765000501,3.25974742843016e-08
7937,pangs,194132,0.8012371030752279,6.559151870533242e-07
1196,panic,6396440,0.9700490834418511,8.325006097038568e-06
19967,panko,40631,0.499974957427627,2.9692758194005408e-08
11907,panne,95153,0.7018180907542823,2.2327008828426642e-08
32509,panni,17978,0.18589101472503256,1.1453783219650405e-08
5120,pansy,420775,0.8717820294500651,1.2468832821355136e-07
9789,panto,134292,0.7548582590403686,3.065725380224649e-08
623,pants,16774383,0.9843984774115997,6.628772866861254e-06
1696,panty,3546636,0.9575277972553341,1.797052115648512e-07
5667,paoli,352581,0.8580837423620155,2.185915206065481e-09
2210,paolo,2174306,0.9446559150555945,7.764616349881236e-09
3759,papal,754586,0.9058649704497646,2.268414903028315e-06
4895,papas,456613,0.8774166082339978,3.6040920683433344e-08
28537,papaw,22881,0.2853601121907242,1.6939462206266855e-08
110,paper,134939426,0.9972453170389662,0.0001401521693333
26337,papes,26426,0.3404537714113994,8.044884518554341e-09
9415,pappy,144540,0.7642241811078834,4.87762597245478e-08
4438,paras,551039,0.8888610638084744,2.033705280837239e-06
25281,parch,27869,0.36689872783732347,3.257700498693339e-08
29016,pardi,22219,0.2733647200240409,2.157304682670613e-09
30949,pardy,19729,0.22495742762696586,5.547579229769896e-08
4851,pared,464171,0.8785184814184113,6.678842510154936e-07
8927,paren,158052,0.776444956425924,4.5265442132347294e-08
18906,pareo,44508,0.5265451267154162,4.042050401054098e-09
20724,parer,38034,0.4810177301412401,1.4275635074056937e-08
9708,pares,136717,0.7568867074025843,1.2956523548268706e-07
27985,pargo,23730,0.2991836121406391,3.729750872594195e-09
294,paris,48831449,0.992637483722328,1.931423980749969e-07
3945,parka,688453,0.9012070519883802,2.899263593292289e-07
32009,parki,18537,0.19841230091154963,3.720677096419321e-09
474,parks,25974927,0.9881298206951818,9.646890548538067e-06
29523,parky,21525,0.26066813583091253,3.9549819974560306e-09
7437,parle,217836,0.8137583892617449,1.1082623544211857e-07
2832,parma,1330679,0.9290794350395672,2.1426516045863765e-08
17480,parol,50960,0.5622558349193629,4.398990833465177e-07
6395,parra,283456,0.8398527496744466,5.476373545754143e-09
24656,parrs,28948,0.3825503355704698,1.194583824748463e-08
2780,parry,1371591,0.930381648802965,3.21317047280445e-07
1656,parse,3698919,0.9585295001502554,5.437587012124822e-07
4574,parti,520451,0.8854552739657418,4.1393065089323497e-07
154,parts,100637505,0.9961434438545528,0.0001058564404956
101,party,144707500,0.9974707001903236,0.0001463873477769
28972,parve,22277,0.27446659320845435,8.967873936782666e-09
15427,parvo,62369,0.613668236001202,3.2622945838056694e-08
3562,paseo,835840,0.9107983572072523,2.753188512727433e-08
5182,pasha,411571,0.870229389962937,1.3826466968680506e-07
4540,passe,528622,0.886306721426425,3.93603594375236e-07
1259,pasta,5855460,0.96847140138235,2.396042947907517e-06
984,paste,8913055,0.9753581087849343,4.937156086270989e-06
8638,pasts,166896,0.7836822598417309,3.748744690312833e-07
7184,pasty,231237,0.8200941600721227,2.850712974122871e-07
340,patch,39999745,0.9914855253931684,7.531450555688934e-06
14510,pated,68851,0.6366322748672744,9.04372299004308e-08
18175,paten,47772,0.5448512471201041,5.96470609792732e-08
7246,pater,227685,0.8185415205849945,2.14417194968064e-07
9814,pates,133896,0.7542321947310427,6.141367471457215e-08
993,paths,8806073,0.9751327256335771,1.264870985323796e-05
20016,patin,40474,0.4987478713813483,3.7239601091698654e-09
1085,patio,7627536,0.9728288089752579,1.8876481362894992e-06
3150,patsy,1064602,0.9211158970249425,6.65416113321271e-08
18699,patte,45332,0.5317289391966343,1.654182645083324e-08
2096,patty,2339693,0.9475107683061204,1.861882908826829e-07
3505,pauls,865212,0.9122257838325153,4.089593120260026e-09
1463,pause,4606318,0.963362716618251,8.283625529657001e-06
8052,pavan,188282,0.798357207252329,1.7543086689997272e-08
2344,paved,1914582,0.9413002103576079,3.589567304516095e-06
7189,paver,231018,0.8199689472102575,1.0026723899159153e-07
6749,paves,257565,0.8309876790543924,2.2506472873828898e-07
26326,pavin,26441,0.34072923970750274,2.7625240894835203e-09
22972,pawed,32205,0.4247220274466593,1.8674893524917026e-07
6099,pawns,309696,0.8472653510968646,4.342293146919474e-07
5866,payed,332515,0.8531002704597817,1.232799141348551e-07
4195,payee,611882,0.8949464088951217,1.6588943077522344e-06
2715,payer,1439009,0.9320094160072122,1.1478734893444198e-06
6530,payor,273084,0.8364720024040869,1.0387854595705904e-06
297,peace,47856201,0.9925623560052088,5.898967414395884e-05
1606,peach,3938068,0.9597816287689072,1.9989516408713823e-06
1589,peaks,4011396,0.9602073524992487,1.0607792537484784e-05
35664,peaky,15174,0.10688169888810979,3.2357020387507875e-08
13428,peals,78085,0.6637283381748973,2.1764453521200265e-07
584,pearl,18707334,0.9853751377341481,2.439767622490763e-06
3077,pears,1105539,0.9229440048081738,1.38870441560357e-06
8566,peart,169113,0.7854853250525894,8.914337659149396e-09
4437,pease,551869,0.8888861063808474,6.44308807551397e-08
21573,peats,35728,0.4597565861965341,1.785086264760594e-07
17824,peaty,49312,0.5536411900230391,1.845743138062517e-07
11230,peavy,105530,0.7187719122508264,1.6436760347238175e-09
3062,pecan,1118027,0.9233196433937694,4.920801984553691e-07
13373,pecks,78669,0.6651056796554142,1.350060125560049e-07
1639,pedal,3763705,0.9589552238805971,2.0376913153086206e-06
29124,pedes,22083,0.2706601222077532,5.6641874692786585e-08
20305,pedis,39462,0.49151056796554143,1.5386226763780545e-07
1538,pedro,4247791,0.9614845236902735,1.8554048537566814e-08
7226,peeks,229261,0.8190423720324552,1.3465832402914656e-07
4952,peels,447468,0.8759891816087348,3.8222235588136754e-07
3443,peeps,893768,0.9137784233196434,1.1401127522958633e-07
1360,peers,5188853,0.9659421015726736,8.358576933460426e-06
14533,peery,68711,0.6360562957026946,8.734048628777912e-10
7520,peeve,213790,0.8116798557547832,3.9353979168765815e-08
1793,peggy,3160922,0.9550986677351497,1.1635778314200709e-08
5722,pekin,346788,0.8567064008814985,3.920414322067245e-09
12040,pekoe,93324,0.6984874286286687,1.0586903647080705e-08
32145,pelas,18360,0.195006511068817,1.1716913599357781e-08
35341,peles,15429,0.11497044976459982,2.702835675272297e-09
38142,pelon,13423,0.04482620454773114,1.331551057193181e-09
9757,pelts,135142,0.7556596213563057,4.425329723289906e-07
2695,penal,1467202,0.9325102674546729,3.4688617324718508e-06
3244,pence,1009358,0.9187618952218772,1.0662729528121415e-06
17617,pends,50346,0.5588250025042573,5.4263661990461284e-08
22746,pened,32682,0.43038164880296503,9.208296987139876e-08
12119,penes,92434,0.6965090654111991,4.074787554486648e-08
17025,pengo,53144,0.5736502053490935,6.836468351423264e-09
585,penis,18478169,0.985350095161775,3.6262970070310986e-06
6150,penna,305448,0.84598817990584,1.7993943615124413e-08
5254,penne,400010,0.8684263247520785,7.163120375963672e-08
27174,penni,25022,0.3194931383351698,4.3482008571515966e-09
1121,penny,7162062,0.9719272763698287,3.27350497173029e-06
17575,peons,50556,0.5598767905439247,1.607306266748765e-07
5151,peony,416831,0.871005709706501,1.664807962242776e-07
8971,peppy,156692,0.7753430832415106,4.9889375226541696e-08
2334,pepsi,1933586,0.9415506360813383,5.782310683599689e-09
6163,perce,303918,0.8456626264649905,4.7847642337117695e-08
2927,perch,1235177,0.926700390664129,2.127869731793908e-06
12217,perdu,91173,0.6940548933186417,1.2357333105228462e-07
15501,perea,61810,0.6118150856455975,3.8125585577475357e-10
5159,peres,415387,0.8708053691275168,2.268820675332961e-08
2898,peril,1258951,0.9274266252629471,2.4883293281163786e-06
17664,peris,50088,0.5576480016027247,1.0738541593724453e-08
3121,perks,1075589,0.9218421316237604,4.860845910314992e-07
2795,perky,1360009,0.9300060102173695,2.232779333155577e-07
7687,perms,205764,0.8074977461684865,4.067662374040993e-08
22800,perps,32564,0.4290293498948212,3.0888352422486784e-08
910,perry,9785838,0.977211259140539,6.606761829175413e-08
9402,perse,144844,0.7645497345487329,2.814611474377671e-07
27649,perts,24257,0.30759791645797857,3.4614559130119465e-08
19761,pervs,41390,0.505133727336472,5.150566645129029e-09
17668,pervy,50057,0.5575478313132325,1.0018238375542057e-08
4166,pesky,619402,0.8956726434939397,2.2722008608866417e-07
2516,pesos,1676404,0.936992887909446,1.7218860386947198e-06
4569,pesto,521625,0.8855804868276069,2.1109142180897325e-07
2230,pests,2136804,0.9441550636081338,4.223154876399349e-06
3436,petal,895903,0.9139537213262546,7.309180830361584e-07
9083,petar,153561,0.7725383151357308,2.425685146079104e-09
247,peter,59541743,0.9938144846238606,3.306997783170119e-07
2234,petit,2120813,0.9440548933186417,9.430698094092804e-07
10413,petre,120445,0.7392316938795953,1.3521713899677934e-08
3128,petri,1072903,0.9216668336171492,4.00231398316464e-07
24648,petti,28957,0.38275067614945407,7.393744039241312e-09
30923,petto,19758,0.22560853450866472,2.2982323422127145e-08
1780,petty,3195594,0.9554242211759992,4.80513400361815e-06
14537,pewee,68670,0.6359561254132025,1.3793552406937692e-08
4111,phage,638631,0.8970499849744565,1.848594764624068e-06
8152,phang,184350,0.7958529500150255,2.21548899836943e-09
5989,phare,320138,0.8500200340578984,5.575695309900652e-09
3093,pharm,1095064,0.9225433236502053,6.6657717443519e-08
334,phase,40722940,0.9916357808274066,9.275952950702048e-05
21252,phial,36526,0.4677952519282781,1.0838701001603113e-07
3808,phish,734148,0.9046378844034859,4.376954014020939e-09
7368,phlox,221261,0.8154863267554843,8.874685313742248e-08
22364,phoca,33589,0.4399479114494641,2.6844215261778715e-09
34,phone,256643812,0.9991485525393169,4.252690874636755e-05
2738,phono,1418855,0.9314334368426325,1.4473229040135038e-07
32778,phons,17726,0.17915456275668637,1.971677914269776e-08
3725,phony,765758,0.9067164179104478,8.490898153468152e-07
47,photo,227125249,0.9988229990984674,1.580529346028925e-05
12491,phots,87817,0.6871932284884303,3.798689242051622e-09
12216,phyla,91181,0.6940799358910147,2.2894261491046565e-07
18737,piani,45176,0.530777321446459,9.863282999234002e-09
572,piano,19419956,0.9856756486026245,1.0297201988578309e-05
18982,pians,44201,0.5246418912150657,1.5944738942508252e-08
23935,pical,30280,0.40060603025142744,2.1626523134532505e-08
20879,picas,37578,0.4771361314234198,1.132996012565002e-07
22921,piccy,32328,0.42599919863768404,3.217827948542862e-10
630,picks,16627992,0.9842231794049885,3.3919500128831714e-06
3873,picky,711200,0.9030101171992387,2.423364810510975e-07
11205,picot,105908,0.7193979765601523,3.1026174318604665e-08
315,piece,44298807,0.9921115897024942,4.931045928969979e-05
3157,piers,1061175,0.9209405990183311,1.6475011057082157e-06
13852,pieta,74232,0.6531102874887308,2.481844566304403e-08
4263,piety,595389,0.8932435139737553,3.029169251931308e-06
5406,piezo,380481,0.8646198537513773,2.1798036982545458e-07
3175,piggy,1053871,0.9204898327156166,2.574543105993144e-07
19865,pigmy,41068,0.5025292998096764,6.896916026732926e-08
33653,pikas,16945,0.1572423119302815,3.177521627151236e-08
14439,piker,69323,0.6384102975057598,1.3579941473551573e-08
4946,pikes,448113,0.876139437042973,2.2700733126157505e-07
25432,pikey,27656,0.3631172994089953,2.5359591293572236e-09
9266,pilaf,148512,0.7679555243914655,6.025051947133875e-08
5655,pilar,353742,0.8583842532304918,1.6717907627139543e-08
33623,pilau,16975,0.15799358910147251,1.5879767385484912e-08
14712,pilch,67467,0.6315736752479215,1.4467923423744366e-08
3593,piled,815240,0.9100220374636883,3.1714522856418626e-06
18014,piler,48459,0.5488831012721627,1.4071338396703936e-08
2500,piles,1694029,0.9373935690674146,4.408026243254426e-06
731,pills,13767091,0.9816938795953121,3.3303121699646e-06
525,pilot,21909830,0.9868526495041571,2.2412256366806105e-05
17518,pilus,50783,0.5613042171691877,9.235948624564117e-08
4850,pimps,464373,0.8785435239907843,2.827156126272712e-07
12424,pinas,88603,0.6888710808374237,2.3911256097353116e-09
2248,pinch,2082769,0.9437042973054192,2.9267391255416443e-06
20896,pined,37529,0.4767104076930782,1.3939645057803318e-07
1827,pines,3062800,0.9542472202744666,2.173076361486892e-06
5292,piney,394672,0.8674747070019032,6.06935574154477e-08
12852,pingo,83764,0.678152859861765,2.5009475521642344e-08
2897,pings,1259320,0.9274516678353201,8.857992632727018e-08
7484,pinko,215529,0.8125813883602123,1.6912896807497192e-08
5474,pinks,372544,0.8629169588300111,2.967797095720926e-07
3996,pinky,672775,0.8999298807973555,1.673433406068625e-07
15357,pinna,62852,0.6154212160673145,2.1298395040503242e-07
8945,pinon,157507,0.7759941901232095,7.23393574197928e-08
2686,pinot,1481847,0.9327356506060303,8.518282869296456e-08
15255,pinta,63584,0.6179755584493639,2.8600041837023583e-08
3075,pinto,1108872,0.92299408995292,1.9463339484104841e-07
4255,pints,596841,0.8934438545527397,6.980062488537441e-07
5950,pinup,323824,0.8509966943804468,4.241520407788357e-08
9809,pions,133998,0.7543574075929079,5.307072268578849e-07
3886,pious,707407,0.9026845637583892,3.171510675201717e-06
15916,pipas,59195,0.6014224181107883,2.2196218851799902e-09
4396,piped,560993,0.8899128518481418,1.2857200681537509e-06
1746,piper,3346631,0.9562756686366823,2.818537791426934e-07
1236,pipes,5966191,0.9690473805469297,7.511469384553493e-06
9173,pipet,151087,0.7702844836221576,2.644083941305553e-07
10041,pipit,128339,0.748547530802364,3.12255230738856e-08
25950,pippy,27084,0.3501452469197636,1.2012664948879424e-09
4027,pique,664313,0.8991535610537914,3.310336052209095e-07
33553,pirls,17041,0.1597465691675849,5.422850285485836e-10
14169,pisco,71444,0.645171792046479,2.538154973308337e-08
7347,pisos,222360,0.816012220775318,6.6152113298301185e-09
9456,pissy,143366,0.763197435640589,4.1661107386126166e-08
5874,piste,332028,0.8528999298807973,5.0492033611959646e-08
16083,pitas,58335,0.5972403085244916,1.900709599045313e-08
908,pitch,9800556,0.977261344285285,1.2391614855005172e-05
7932,pithy,194285,0.8013623159370931,3.204146361213134e-07
17815,piton,49345,0.5538665731743965,3.4052055184474744e-08
11676,pitot,98586,0.7076029249724531,1.9984595517996694e-07
10720,pitta,114398,0.7315436241610739,9.627077837137677e-08
2474,pivot,1734444,0.9380446759491134,2.1846119057045143e-06
990,pixel,8813200,0.9752078533506962,3.932908087485032e-06
3203,pixie,1037554,0.9197886406891715,1.4680595345595292e-07
687,pizza,14763787,0.9827957527797255,2.840372733885488e-06
52,place,220970235,0.9986977862366022,0.0003061436198186
29552,plack,21481,0.25994190123209454,5.618548399866086e-09
5396,plage,381780,0.8648702794751076,6.335617996455767e-08
2511,plaid,1679093,0.9371181007713112,6.595415635501923e-07
499,plain,23747230,0.987503756385856,2.466222998918965e-05
11374,plait,103227,0.7151657818291095,2.30290482647888e-07
598,plane,17799728,0.9850245417209256,4.178692623099778e-05
2888,plank,1265284,0.9276770509866773,1.6401764446527525e-06
202,plans,77295630,0.994941400380647,8.068509851000272e-05
276,plant,53247607,0.9930882500250425,0.0001051859213475
16568,plasm,55404,0.5850946609235701,2.290820638961577e-07
7028,plast,240505,0.8240008013623159,5.265130502252191e-08
496,plate,24275560,0.987578884102975,3.714288926857989e-05
6215,plats,299052,0.8443604127015927,2.871437392570897e-07
3178,platt,1052481,0.9204147049984974,1.2854940560913522e-08
18913,platy,44469,0.526369828708805,2.219163339134412e-07
1651,playa,3723548,0.9586547130121206,2.33344639752886e-07
530,plays,21753930,0.9867274366422919,2.8061088487447703e-05
702,plaza,14274314,0.98242011419413,1.5824949787202055e-06
3050,plead,1125870,0.9236201542622459,3.1009139593152214e-06
3029,pleas,1150940,0.9241460482820796,2.3404238686453026e-06
6617,pleat,266830,0.834293298607633,1.078764584860892e-07
24036,plebe,30111,0.39807673044175096,5.344279472296877e-08
22147,plebs,34153,0.4453821496544125,1.453603292134176e-07
13399,plena,78351,0.6644545727737153,8.08867101653732e-08
19998,pleon,40540,0.4991986376840629,1.8748802488310905e-08
21311,plews,36383,0.46631774015826905,3.442862551716885e-09
6982,plied,243191,0.8251527596914755,6.630568509535806e-07
6693,plier,260940,0.8323900631072824,4.40305071336411e-08
7791,plies,200925,0.8048933186416909,5.699180883311782e-07
11328,pling,103860,0.7163177401582691,6.214689715733358e-08
13335,plink,79119,0.6660572974055895,2.5103012344374063e-08
27582,plods,24353,0.30927576880697183,4.0778910133099086e-08
10707,plonk,114698,0.7318691776019233,4.00918485077284e-08
26336,plops,26429,0.3404788139837724,5.3356558140649216e-08
1317,plots,5466589,0.967018932184714,1.2213914706080688e-05
30853,plotz,19834,0.22736151457477713,2.2299494240041183e-09
7670,plows,206634,0.807923469898828,3.884310814328273e-07
14414,ploys,69545,0.6390363618150856,1.858438898239001e-07
3450,pluck,891481,0.9136031253130321,9.74540901097498e-07
1518,plugs,4333394,0.9619853751377342,1.945059539139038e-06
4129,plumb,631703,0.896599218671742,5.969673088657146e-07
2886,plume,1269109,0.9277271361314234,2.617730447127542e-06
1735,plump,3386553,0.9565511369327857,1.602824229394173e-06
4690,plums,496751,0.8825503355704698,7.944878632315522e-07
11148,plunk,106835,0.7208254031854152,7.142120352909845e-08
1439,plush,4692870,0.9639637383552039,8.568692015842316e-07
2040,pluto,2466856,0.9489131523590103,1.5143948104423545e-08
26995,plyer,25371,0.3239757587899429,7.42015137666918e-10
13917,poach,73747,0.6514825202844836,1.227137158821279e-07
11661,pocky,98692,0.7079785635580487,4.660972674486175e-09
10916,podge,110852,0.7266352799759591,7.88711284371857e-08
29139,podia,22060,0.2702844836221577,3.792523049384044e-08
774,poems,12662561,0.9806170489832715,1.6486575987073593e-05
15449,poesy,62166,0.6131172994089953,9.57422495417859e-08
1536,poets,4248574,0.9615346088350195,8.995459838843089e-06
16063,pogge,58442,0.5977411599719523,7.656220821217197e-10
22932,poilu,32317,0.4257237303415807,1.1026896515886621e-08
82,point,175527859,0.9979465090654112,0.0002967597689712
5793,poise,339263,0.8549283782430132,7.604308063946519e-07
31039,pokal,19613,0.22270359611339277,8.32330121908198e-10
4528,poked,530699,0.8866072322949013,1.5315435371121566e-06
114,poker,129054826,0.9971451467494741,1.7720504956741934e-06
6427,pokes,279744,0.8390513873585095,2.515132010216803e-07
6563,pokey,270609,0.8356455975157768,5.110146716447161e-08
16322,pokie,56807,0.5912551337273365,2.002697522540675e-09
1081,polar,7715471,0.9729289792647501,8.613246545792208e-06
21476,poled,35937,0.4621857157167184,1.529680889689189e-07
21882,poler,34859,0.4520184313332666,3.7903188299104335e-09
1577,poles,4074284,0.9605078633677251,6.782488917451701e-06
23880,poley,30396,0.4019833717319443,5.00350574528241e-09
2860,polio,1298845,0.9283782430131223,1.122567151696785e-06
6167,polis,303594,0.8455624561754983,7.279082598188324e-07
21857,polje,34901,0.4526444956425924,1.5236261541318185e-08
2919,polka,1242601,0.9269007312431133,3.313466282861555e-07
34577,polks,16112,0.1341029750575979,4.860696870001566e-10
547,polls,20694349,0.9863017129119503,3.746777847482008e-06
2147,polly,2268880,0.9462335971150957,2.4322340621552032e-08
3813,polos,732192,0.9045126715416207,3.2173872632768055e-08
7853,polyp,197981,0.8033406791545628,4.483528880427912e-07
11692,polys,98377,0.7072022438144846,2.7347995281701287e-08
5709,pombe,347525,0.857031954322348,1.7769785607413268e-07
16314,pomes,56875,0.5914554743063207,1.023452381510026e-08
3694,ponce,773276,0.9074927376540118,2.139355654406927e-08
34267,poncy,16378,0.14186617249323852,6.3795751170658834e-09
1880,ponds,2882178,0.9529199639386958,4.698780930993962e-06
35129,pones,15620,0.12027947510768307,9.194518808541829e-09
23797,poney,30601,0.4040619052389061,8.068575887421048e-09
22815,ponga,32533,0.4286537113092257,1.0098942127001465e-08
12335,pongo,89517,0.6910998697786237,1.2502382178425364e-08
15845,ponts,59617,0.6032004407492738,2.116808394347913e-08
10045,ponty,128325,0.7484473605128719,2.367099082301038e-09
30688,ponzu,20031,0.23149353901632777,6.373182559055168e-09
5700,pooch,348386,0.8572573374737052,7.309823969237073e-08
26276,poofs,26506,0.34198136832615444,9.630174755415056e-09
19720,poofy,41542,0.5061604728037664,9.747281653205154e-09
23099,poohs,31951,0.421541620755284,7.962398251848412e-09
6327,pooja,289973,0.8415556445958129,2.8751078904321053e-08
17807,pooka,49363,0.5540669137533808,9.614656057976844e-09
1139,pools,6977605,0.9714765100671141,6.494204253613134e-06
8597,poons,168046,0.7847090053090253,2.968851279261386e-09
12050,poops,93165,0.6982370029049384,1.859706514117932e-08
8205,poopy,182153,0.7945256936792547,9.736699149165417e-09
23599,poort,30977,0.4090203345687669,9.269739664752308e-09
4623,popes,510461,0.8842281879194631,6.471094803828236e-07
7176,poppa,231519,0.8202945006511069,2.7151461647889626e-08
2424,poppy,1805254,0.9392968045677652,8.918787386846816e-07
21894,poral,34824,0.45171792046479015,2.643441808558577e-08
1725,porch,3420626,0.9568015626565161,6.564988661921234e-06
16348,pored,56678,0.5906040268456376,2.2368825611351895e-07
3683,pores,777460,0.9077682059501152,3.852955401271174e-06
9393,porgy,145097,0.7647751177000901,3.243159147459096e-08
16184,porin,57628,0.5947110087148152,5.989367825143255e-08
7390,porky,220042,0.8149353901632775,1.822776433790807e-08
364,porno,36925475,0.9908845036562156,1.780686218921801e-07
6197,porns,301027,0.8448111790043074,9.480245621862339e-10
38952,porny,12941,0.024541720925573475,2.170973925075259e-09
3383,porta,921063,0.9152809776620254,2.887390567707371e-07
574,ports,19171802,0.9856255634578784,1.3225183838585508e-05
1680,posed,3604888,0.9579284784133026,1.0424102838442196e-05
2793,poser,1361002,0.9300560953621156,8.26081433302761e-08
1758,poses,3280246,0.955975157768206,5.486946538439952e-06
4679,posey,499031,0.8828258038665732,6.312255935725375e-09
6298,posit,292597,0.8422818791946308,1.0783616528442508e-06
3201,posse,1038358,0.9198387258339177,5.89107461905769e-07
55,posts,216822128,0.9986226585194832,1.0976819412462646e-05
23309,potch,31494,0.4162826805569468,4.1023616432767087e-08
24657,potes,28946,0.3825252929980968,1.8341643492902903e-08
3277,potts,985205,0.917935490333567,1.7944782055856482e-08
2764,potty,1390617,0.9307823299609336,2.693575995493802e-07
1587,pouch,4023912,0.9602574376439947,2.205668774877268e-06
21126,poule,36866,0.4709506160472804,1.6103031068581685e-08
23476,poult,31205,0.4121005709706501,3.50731040832386e-08
739,pound,13620117,0.9814935390163277,1.2646287359530106e-05
4479,pours,540889,0.88783431834118,1.0246647366329853e-06
20441,pouts,38976,0.4881047781228088,4.932482173813925e-08
14380,pouty,69818,0.6398878092757688,8.112289004991168e-08
48,power,226596368,0.9987979565260944,0.0003001108730677
7059,prams,238922,0.8232244816187518,6.555651800965733e-08
4953,prana,446960,0.8759641390363618,1.5407528493938117e-07
15061,prang,64943,0.6228338174897325,1.7876185456344728e-08
3581,prank,825027,0.9103225483321646,3.862173844026984e-07
27690,prate,24190,0.30657117099068415,6.262831369951982e-08
16687,prats,54833,0.582114594811179,6.272059289713638e-09
2028,pratt,2503054,0.9492136632274867,9.419836457524866e-09
4620,prawn,510828,0.8843033156365822,4.997613211799035e-07
5390,prays,382397,0.8650205349093459,9.681965559593665e-07
13944,preen,73524,0.6508063708304117,9.030641408003248e-08
17823,prent,49319,0.5536662325954123,9.186151830320457e-09
26794,preop,25674,0.3290093158369228,2.6778310813213578e-08
3913,preps,698730,0.9020084143043173,5.488987714130646e-08
11914,presa,95089,0.701642792747671,2.400327723250939e-08
18248,prese,47337,0.5430231393368726,6.007067106850173e-08
78,press,179652730,0.9980466793549033,5.4762825384386816e-05
12788,prest,84451,0.6797555844936392,7.146871872976135e-08
36174,prexy,14771,0.09410998697786237,6.673146559776911e-09
12752,preys,84918,0.6806571170990684,1.505501259657649e-07
9,price,501651226,0.9997746168486427,0.0001375764567637
3451,prick,891337,0.9135780827406591,1.1755059620099927e-06
14445,pricy,69288,0.6382600420715215,1.4258236238351429e-08
696,pride,14428078,0.9825703696283682,1.612911999472999e-05
12945,pried,82841,0.6758239006310728,4.0292614073678123e-07
30391,prier,20417,0.2389311830111189,3.898410634306515e-08
18811,pries,44883,0.5289241710908544,5.430047515631033e-08
27328,prill,24775,0.3156365821897225,1.4123100218199624e-08
1806,prima,3131523,0.9547731142943003,4.660338281610166e-06
350,prime,38308402,0.991235099669438,2.266069102915936e-05
8918,primi,158292,0.7766703395772814,9.126239788770364e-08
3398,primo,912120,0.9149053390764299,2.8064980227782144e-07
16550,primp,55497,0.5855454272262847,1.8684385425515872e-08
80,print,178250872,0.9979965942101573,2.520389993151184e-05
5209,prion,406900,0.8695532405088651,2.842625802301769e-07
236,prior,62949059,0.9940899529199639,0.0001006052034063
5960,prise,322565,0.8507462686567164,2.896758445558589e-07
1969,prism,2648058,0.9506911749974958,2.082971707295656e-06
14182,priss,71355,0.6448462386056296,5.366465387623975e-09
3792,privy,742055,0.9050385655614545,1.3517131719709142e-06
641,prize,16204739,0.9839477111088851,8.249784614235977e-06
928,probe,9643801,0.9767604928378243,1.1975911193076171e-05
4470,probs,543256,0.8880597014925373,1.4638911425279845e-08
5024,prods,436798,0.8741861163978764,2.2422055167226066e-07
33506,proem,17071,0.1609235700691175,8.793340263935079e-08
5674,profs,352040,0.8579084443554041,5.2253400433244223e-08
5117,progs,421499,0.8718571571671843,3.1051917703806e-08
11910,proin,95109,0.7017429630371632,8.27076522114112e-08
14574,prole,68465,0.6350295502354002,4.5155045711453566e-08
1170,promo,6616863,0.97070019032355,2.232531430479412e-07
5321,proms,390236,0.8667484724030853,4.3140140029152015e-08
1849,prone,3001079,0.9536962836822599,6.897159164509503e-06
3163,prong,1059042,0.920790343584093,8.213190534434034e-07
14552,pronk,68612,0.6355804868276069,2.381791894823237e-09
469,proof,26305059,0.988255033557047,3.737317827471997e-05
1834,props,3032812,0.9540719222678553,1.5111885932128643e-06
1819,prose,3085898,0.9544475608534508,7.689975418543327e-06
20363,proso,39260,0.49005809876790546,4.2399731903231e-08
30768,pross,19937,0.22949013322648504,7.3632098307463424e-09
8826,prost,161175,0.7789742562356006,1.0733470654500365e-08
2171,proto,2240138,0.9456325753781428,1.4814501616911002e-06
613,proud,17167504,0.98464890313533,1.6594006774539592e-05
645,prove,16046788,0.983847540819393,3.853754948067944e-05
5755,prowl,343421,0.8558799959931884,3.035980759591439e-07
855,proxy,10773043,0.9785886006210558,4.7247255542970375e-06
12039,prude,93351,0.6985124712010418,1.1519177178342945e-07
3946,prune,688443,0.9011820094160072,6.280216177856346e-07
33017,pryer,17518,0.1731693879595312,1.0565148922392354e-09
38202,pryse,13384,0.04332365020534909,4.084753255639839e-09
2184,psalm,2220027,0.9453070219372934,1.1254409741923157e-06
15761,pseud,60056,0.6053040168286087,3.471831765011757e-07
20252,pshaw,39660,0.49283782430131223,2.0047782651744232e-08
3213,psion,1031442,0.9195382149654413,4.245071181796511e-09
20456,psoas,38903,0.48772913953721325,1.8181979427822625e-07
2732,psych,1422877,0.9315836922768707,2.661663552316895e-07
19445,psyop,42581,0.5130471802063508,2.0569911365897474e-09
7217,pubes,229514,0.8192677551838125,5.276607573989622e-08
3377,pubic,923627,0.9154312330962636,9.979132642001787e-07
15049,pubis,65001,0.6231343283582089,5.170275335331098e-07
19072,puces,43865,0.5223880597014925,6.478866962922325e-09
17368,pucka,51563,0.5650606030251427,9.283097761603188e-09
7868,pucks,197236,0.8029650405689672,4.9661179701843153e-08
19065,puddy,43886,0.5225633577081038,2.656763670172424e-09
11006,pudge,109285,0.7243814484623861,5.354040244487379e-09
12344,pudgy,89451,0.6908744866272664,2.396693228945424e-07
22789,pudsy,32587,0.4293048181909246,7.980577830524194e-11
33061,puffa,17494,0.1720675147751177,2.9787988815865863e-09
4660,puffs,502996,0.8833016127416609,7.710483157552517e-07
1711,puffy,3488647,0.9571521586697386,6.059338522845792e-07
28229,puggy,23349,0.29307322448161877,2.6140366027327388e-09
24203,pujas,29788,0.3938946208554543,3.3271794848133146e-08
14477,puked,69085,0.6374586797555845,6.901250278801286e-08
22392,pukes,33527,0.4392467194230191,1.7986707101513845e-08
12212,pukka,91215,0.6941801061805069,3.0980845728834084e-08
35836,pulis,15049,0.1025743764399479,2.502055440611883e-09
1628,pulls,3846669,0.9592306921767004,3.998558754574333e-06
20700,pully,38127,0.4816187518781929,9.566760095225393e-09
26169,pulmo,26689,0.3446609235700691,1.6359326435733123e-08
10074,pulps,127398,0.7477211259140539,4.90811438567107e-07
19859,pulpy,41088,0.5026795552439146,1.2921163929036082e-07
581,pulse,18893735,0.9854502654512671,2.0971538324374704e-05
9133,pumas,152053,0.771286186517079,4.4380705972457696e-08
944,pumps,9456489,0.9763598116798557,7.390345117528339e-06
1146,punch,6872844,0.9713012120605029,4.819142704945989e-06
4298,punks,585036,0.8923670239406992,2.278455655613243e-07
8174,punky,183430,0.7953020134228188,2.398209598908352e-08
26066,punny,26860,0.3472403085244916,4.8211311798329606e-09
3123,punto,1073926,0.9217920464790144,1.1251130317191385e-07
5569,punts,362615,0.8605379144545727,6.711289231020601e-08
10613,pupae,116657,0.7342231794049885,6.506684843543553e-07
14600,pupal,68283,0.6343784433537013,4.419821274836977e-07
1557,pupil,4167137,0.9610087148151858,8.516439638697193e-06
1166,puppy,6662287,0.9708003606130422,2.073520726071365e-06
5010,puree,438733,0.8745367124110989,5.196485506075988e-07
9384,purer,145370,0.7650005008514474,5.960901057733281e-07
26309,pures,26458,0.34115496343784435,1.7261014590985723e-08
2789,purge,1366135,0.9301562656516077,1.9428689802225564e-06
30353,purin,20468,0.2398828007612942,6.693196681339941e-09
21008,purls,37194,0.4739056395872984,7.892826285882393e-09
10131,purrs,126070,0.746293699288791,7.083755555470364e-08
1312,purse,5488891,0.9671441450465792,5.224257565714652e-06
13554,purty,76953,0.660572974055895,7.371001991884897e-08
6773,pushy,255990,0.8303866573174397,2.9558812670416045e-07
249,pussy,59206591,0.9937643994791145,1.8068074643906583e-06
22353,putti,33619,0.44022337974556747,1.0361781328072085e-07
8008,putts,190514,0.7994590804367424,9.231869974257732e-08
3149,putty,1065017,0.9211409395973155,4.741945116393254e-07
11111,pwned,107434,0.7217519783632175,1.2815963210122126e-09
5116,pygmy,421975,0.8718821997395573,2.822910289523861e-07
6382,pylon,285153,0.840178303115296,2.886673740931656e-07
28492,pyran,22954,0.28648702794751074,6.809199483370777e-08
29159,pyres,22032,0.269783632174697,7.475685954716482e-08
4022,pyrex,665560,0.8992787739156566,7.804174627423779e-08
24696,pyric,28854,0.38154863267554845,2.3407625504567874e-09
12674,pyros,85806,0.6826104377441651,4.209037793856396e-09
19163,pyxis,43594,0.5201091856155464,3.7373464252254964e-08
22496,qibla,33281,0.43664229189622356,4.3108344449649394e-08
4739,quack,484886,0.8813232495241912,3.388779538227027e-07
2902,quads,1254291,0.9273264549734549,3.022753001857837e-07
24632,quaff,28987,0.3831513573074226,4.580308296198156e-08
2877,quail,1278967,0.9279525192827808,1.246552309339677e-06
23272,quais,31579,0.4172092557347491,2.4548216526198984e-08
1479,quake,4544481,0.9629620354602825,6.354832470378824e-07
11008,quale,109246,0.72433136331764,1.6169665229881504e-07
21926,qualm,34744,0.45091655814885306,1.0315671374883097e-07
4598,quant,515573,0.884854252228789,2.0170390655493974e-07
15083,quare,64801,0.6222828808975258,7.963754995898854e-08
2133,quark,2286617,0.9465841931283181,2.197886260546511e-06
2287,quart,2002127,0.9427276369828709,1.5386392510663427e-06
7703,quash,204823,0.8070970650105179,7.704832597710265e-07
1902,quasi,2804115,0.952369027346489,9.100561701416156e-06
14243,quate,70774,0.6433186416908745,1.3685670648300178e-07
6803,quays,253791,0.8296353801462486,2.438432602502872e-07
7300,qubit,225029,0.8171892216768506,1.6593797558632494e-07
414,queen,32366847,0.9896323750375638,8.906926013878547e-06
1936,queer,2717979,0.9515175798858059,3.0465624672615376e-06
6295,quell,292803,0.84235700691175,7.060720810159182e-07
22592,quern,33075,0.4342382049484123,1.334715983603019e-07
428,query,31284313,0.9892817790243413,8.135131122344318e-06
703,quest,14258533,0.982395071621757,7.568622850158135e-06
1108,queue,7398569,0.9722528298106782,3.839963585505757e-06
181,quick,85584600,0.9954672944004808,2.847439671313623e-05
19311,quids,43051,0.5164028849043374,2.188610938702596e-08
625,quiet,16746894,0.9843483922668537,2.716140978009207e-05
3650,quill,790160,0.9085946108384253,5.129106619961021e-07
1361,quilt,5187075,0.9659170590003006,1.86370387154966e-06
23148,quina,31830,0.4203145347090053,8.132589424114656e-09
8032,quine,188997,0.7988580586997897,1.2545306518063624e-08
35482,quino,15325,0.111439447060002,4.866798217761925e-09
14586,quins,68394,0.6347290393669238,3.24152314989945e-09
6106,quint,309126,0.8470900530902534,2.1167625607887436e-08
7312,quips,224626,0.8168887108083742,1.7938687733476398e-07
9237,quire,149380,0.7686817589902835,2.9839000717402084e-07
4977,quirk,444069,0.875363117299409,2.930259975642003e-07
30143,quirt,20725,0.24514174095963137,3.64323148360768e-08
12355,quist,89328,0.690599018331163,8.533957878142929e-09
251,quite,58777731,0.9937143143343684,0.000126414191036
3305,quits,968086,0.9172342983071221,5.374520418399698e-07
14584,quoin,68402,0.6347791245116698,1.7029527512590904e-08
22912,quoit,32350,0.4262245817890414,2.2720326882108567e-08
28188,quoll,23407,0.29409996994891313,1.0682396920369541e-08
1769,quota,3245515,0.9556996894721026,6.680677483927866e-06
105,quote,139242226,0.9973705299008314,1.0210611253569367e-05
6402,quoth,282770,0.8396774516678354,3.426125897476595e-07
5714,rabat,347104,0.8569067414604828,5.189670195804297e-09
1709,rabbi,3488700,0.9572022438144846,1.7030263552442191e-06
4193,rabid,612676,0.8949964940398678,5.153085538722734e-07
3299,raced,970447,0.9173845537413603,3.3076682063892804e-06
1672,racer,3625077,0.9581288189922869,3.210090358152229e-07
921,races,9715279,0.9769357908444355,9.329685035481816e-06
15600,rache,61081,0.6093358709806671,2.203315937476802e-09
1101,racks,7436380,0.9724281278172894,1.749236539581034e-06
675,radar,14982375,0.9830962636482019,1.0181445322814395e-05
4334,radii,575939,0.89146549133527,2.062793857930956e-06
137,radio,113285624,0.9965691675848943,4.126769286813214e-05
4577,radix,520001,0.8853801462486227,2.689095103391992e-07
3021,radon,1153935,0.9243463888610638,1.8151610470340529e-06
4938,rafts,449911,0.8763397776219574,7.743441551610885e-07
13075,ragas,81403,0.6725683662225784,9.803954100107148e-08
5965,raged,322172,0.8506210557948513,1.35660563159945e-06
16606,rager,55221,0.5841430431733947,5.041251871507058e-09
5596,rages,359354,0.8598617650005008,5.065342764964953e-07
4870,ragga,461003,0.8780426725433237,1.0535726890914533e-08
23201,raggs,31733,0.4189872783732345,1.237699147615956e-09
25711,raggy,27361,0.3561304217169188,1.0437124986495406e-08
28553,ragus,22861,0.2849594310327557,9.222719071777519e-10
2940,raids,1222441,0.9263748372232796,3.033221669284103e-06
1511,rails,4364886,0.9621606731443454,3.169335573147692e-06
4556,raine,525576,0.8859060402684564,3.4427733517361504e-08
2204,rains,2183544,0.9448061704898327,3.914294688911469e-06
2038,rainy,2469088,0.9489632375037564,3.041369818674866e-06
21689,raird,35368,0.45685164780126214,1.3107190104111323e-10
541,raise,21099943,0.9864519683461885,3.558180302206892e-05
20124,raita,40083,0.4960432735650606,1.7465125603521872e-08
8960,rajah,157089,0.7756185515376139,7.799040524503199e-08
18813,rajas,44879,0.5288740859461084,1.4044454530903748e-07
6884,raked,248939,0.8276069317840329,8.271178319319005e-07
16552,raker,55469,0.5854953420815386,5.1054907164171935e-08
5270,rakes,396996,0.8680256435941099,3.081325547782399e-07
24681,rales,28903,0.3819242712611439,3.2417998255596106e-07
969,rally,9155530,0.9757337473705299,3.531485904204601e-06
790,ralph,12190683,0.980216367825303,4.040472775912463e-08
35978,ramee,14922,0.09901833116297706,5.74559841093336e-10
5464,ramen,373754,0.8631673845537413,6.239184536571685e-08
11488,ramie,101611,0.7123109285785836,1.004456034792156e-07
10553,ramin,117848,0.7357257337473705,8.009476912818061e-09
11506,ramis,101376,0.711860162275869,1.3211708616012174e-08
2536,ramps,1651245,0.9364920364619854,1.2685156411862408e-06
12776,ramus,84582,0.6800560953621156,5.409973590531081e-07
7681,rance,206006,0.8076480016027247,1.0506847566205125e-07
867,ranch,10539650,0.9782880897525794,5.210940789766028e-06
6790,rands,254831,0.8299609335870981,7.179236565235669e-08
1047,randy,8110369,0.9737804267254332,1.165301679861841e-07
30524,ranee,20233,0.23560052088550537,7.07778783137769e-08
10608,ranga,116731,0.7343483922668537,1.7349587713155758e-08
116,range,128314924,0.997095061604728,0.0001602814315992
15455,rangi,62128,0.6129670439747571,2.57415469029354e-08
27572,rangy,24374,0.3095261945307022,1.0569842054053425e-07
24600,ranke,29061,0.3839527196233597,1.2783747269651256e-08
1118,ranks,7222499,0.9720024040869478,1.1715750479197596e-05
1691,rants,3561826,0.9576530101171993,1.802060900502056e-07
2266,raped,2040735,0.9432535310027046,2.1079210955576854e-06
10373,raper,121418,0.7402333967745167,9.653653991748002e-09
3868,rapes,712505,0.9031353300611039,6.143719326701102e-07
14302,raphe,70388,0.6418411299208655,3.843482113552456e-07
576,rapid,19070672,0.9855754783131323,4.0569197080913e-05
29779,rappe,21177,0.2542572373034158,1.347228985038029e-09
6248,rarer,296244,0.8435340078132826,7.922786892322619e-07
8274,rares,179474,0.7927977561855154,3.102954707401295e-08
16608,raser,55216,0.5840929580286487,8.00871812423054e-09
16263,rasps,57142,0.5927326454973455,7.13241743000026e-08
11250,raspy,105094,0.7182710608033657,2.979634241029317e-07
4600,rasta,515109,0.8848041670840429,1.2801672553131028e-08
16008,ratan,58685,0.5991185014524691,5.675864462872937e-09
250,rated,59102029,0.9937393569067414,1.0485078946658178e-05
34342,ratel,16306,0.13998797956526093,1.4815130606748994e-08
5929,rater,325717,0.8515225884002805,5.072436323416696e-07
107,rates,137089538,0.9973204447560854,0.0001295802641107
23965,ratha,30236,0.3998547530802364,2.7619631435271693e-08
17763,rathe,49569,0.5551687869377943,2.6274931617109586e-08
32611,raths,17877,0.18333667234298306,1.9834103390792283e-08
468,ratio,26457942,0.98828007612942,6.817844878241886e-05
36140,ratos,14793,0.09496143443854553,8.270019349332359e-09
9260,ratty,148678,0.7681057798257037,1.5941552817366757e-07
9313,raved,147221,0.7667785234899329,2.2943990586554726e-07
4601,ravel,515098,0.8847791245116698,6.910280120564493e-08
1455,raven,4630541,0.9635630571972353,8.502937060939075e-07
6473,raver,276658,0.8378994290293499,1.4097253648870378e-08
2784,raves,1368538,0.9302814785134729,1.5795607765767273e-07
10346,ravin,121953,0.7409095462285886,1.6380829119810873e-08
32393,rawer,18102,0.1887959531203045,1.8450916261514293e-08
12308,rayed,89872,0.6917760192326956,2.65685833085172e-07
28876,rayle,22402,0.27687068015626565,2.580816340636005e-09
6419,rayne,281257,0.8392517279374937,1.0181073628601213e-08
3360,rayon,934490,0.9158569568266053,6.404217461408735e-07
7891,razed,195746,0.8023890614043875,4.710496244797469e-07
5770,razer,341675,0.8555043574075929,2.110733341442739e-09
1716,razor,3451657,0.9570269458078734,2.0223576780153964e-06
380,reach,35687918,0.9904838224982471,5.973370076389984e-05
1565,react,4126376,0.9608083742362016,1.039688309901976e-05
23919,readd,30307,0.401006711409396,1.019098709309496e-09
753,reads,13174104,0.9811429430031052,1.1588113356992836e-05
238,ready,62667516,0.9940398677752179,6.167645937239285e-05
11697,reais,98337,0.7070770309526194,2.4676094281250728e-08
1219,realm,6122762,0.9694731042772714,1.23332989460323e-05
3690,reals,774273,0.907592907943504,2.3757082544761946e-07
6801,reams,253943,0.8296854652909947,2.635695398112148e-07
33049,reamy,17501,0.1723680256435941,1.090612261056556e-09
9316,reaps,147148,0.7667033957728138,1.661106236383603e-07
18624,rearm,45604,0.5336071321246119,9.463796359909792e-08
6710,rears,260073,0.8319643393769408,2.456800632444356e-07
38854,reast,12992,0.026995893018130823,8.612970270327481e-09
35863,reata,15023,0.10189822698587599,1.0239555852109561e-08
26626,reate,25955,0.3332164679955925,2.0451393019094163e-08
6415,rebar,281535,0.8393518982269859,2.130832871927169e-07
5949,rebbe,323839,0.8510217369528198,9.834116848850273e-08
1177,rebel,6527810,0.9705248923169388,4.341430590102391e-06
20830,rebid,37691,0.4783632174696985,5.1311356372707463e-08
7257,rebus,227042,0.8182660522888912,2.416673379457279e-07
7114,rebut,235254,0.821847140138235,1.0676931452735516e-06
15660,rebuy,60787,0.6078333166382851,2.0678619061520463e-08
26252,recal,26539,0.34258239006310726,4.156621720596831e-08
1887,recap,2861982,0.9527446659320845,3.137091246685486e-07
14486,recce,69037,0.6372332966042272,7.837372798746856e-08
28148,recco,23464,0.29510167284383454,1.4870272041500598e-09
21601,recit,35632,0.45905539417008917,4.739454955604573e-08
2317,recon,1955124,0.9419763598116798,4.461844486058908e-07
12937,recta,82905,0.6760242412100571,1.5120089216225097e-07
38075,recti,13476,0.04650405689672443,9.332823438512608e-08
8141,recto,184754,0.7961284183111289,3.580514245982159e-07
5429,recur,378119,0.8640438745867975,1.496041627433442e-06
9323,recut,146984,0.7665280977662026,7.817905611773315e-08
12008,redan,93847,0.6992887909446058,1.5643692181654956e-08
21771,redds,35127,0.45479815686667335,4.9322331241441474e-08
3309,reddy,965755,0.91713412801763,2.6679357354453263e-08
7770,redes,201864,0.8054192126615246,6.219198560586393e-08
13749,redid,75136,0.6556896724431533,3.6927066133785054e-08
14489,redon,69010,0.6371581688871081,3.5058084457695314e-09
4319,redox,578593,0.8918411299208655,2.0034500471410866e-06
3302,redux,969917,0.9173094260242413,3.3622404980171443e-08
32327,reede,18178,0.19044876289692478,7.19263438586637e-09
3226,reeds,1021880,0.9192126615245918,1.2739155454255525e-06
6031,reedy,316918,0.848968246018231,1.5373813624819377e-07
2612,reefs,1553553,0.9345888009616348,2.586257555776683e-06
8249,reeks,180768,0.7934238204948413,1.334981172362859e-07
2078,reels,2371017,0.947961534608835,1.352472104372282e-06
3634,reeve,797352,0.9089952919963938,1.0283656195042569e-07
463,refer,27099706,0.9884052889912852,3.727430354047101e-05
7860,refit,197564,0.8031653811479516,2.398553479565635e-07
2174,regal,2236787,0.9455574476610238,8.208088536321157e-07
38232,regar,13365,0.04257237303415807,2.79174173911656e-08
12009,regie,93840,0.6992637483722328,3.0402811788121654e-08
1185,rehab,6460331,0.9703245517379545,6.364657143365094e-07
23103,reify,31944,0.42144145046579184,1.3649182193375966e-07
1705,reign,3505605,0.9573024141039768,9.854143436314188e-06
2311,reiki,1962162,0.942126615245918,2.2268701805883143e-08
3780,reins,747535,0.9053390764299308,2.26261602847444e-06
31474,reist,19118,0.2118100771311229,5.153335691510108e-09
16231,rekey,57339,0.5935340078132826,1.4851319232178642e-08
986,relax,8856944,0.9753080236401883,6.472127643064595e-06
957,relay,9275052,0.9760342582390064,4.331782993176602e-06
35195,relet,15556,0.11862666533106281,4.1999161917161134e-08
3330,relic,947341,0.9166082339977962,1.3099159070861788e-06
8568,reman,169056,0.7854352399078434,2.2622811663985944e-08
9148,remap,151596,0.7709105479314835,3.9341405084769576e-08
38193,remen,13392,0.0435490333567064,9.164209764378484e-09
3072,remit,1111713,0.923069217670039,1.7147497760561236e-06
1123,remix,7132676,0.9718771912250826,1.099575135654618e-07
1486,renal,4494106,0.9627867374536713,1.5763867650093745e-05
27200,renay,24985,0.3188420314534709,3.602366523830501e-10
18917,rends,44455,0.5262696584193128,7.595304559515626e-08
1174,renew,6561081,0.9706000200340579,4.13666150507197e-06
18332,renga,46990,0.5409195632575378,4.156859679582681e-08
6198,renin,300995,0.8447861364319343,1.494488014941453e-06
18012,renne,48474,0.5489331864169087,7.498612815126649e-09
29505,renos,21551,0.26111890213362715,1.4225374214693604e-09
20487,rente,38816,0.4869528197936492,4.6673287421583617e-08
2243,rents,2094682,0.9438295101672843,5.830777663504705e-06
5374,reorg,383689,0.8654212160673145,2.1703447439236362e-08
2460,repay,1746487,0.938395271962336,3.789417996813426e-06
5002,repel,439316,0.8747370529900831,1.0452665264892855e-06
22995,repin,32159,0.4241460482820795,4.04057783232048e-09
76,reply,184777992,0.9980967644996495,2.188183254475007e-05
5887,repos,330574,0.8525743764399479,1.336058219436609e-07
14415,repot,69544,0.6390113192427126,3.3054803765253386e-08
3674,repro,782095,0.9079935891014725,1.8260988248641752e-07
29816,reran,21130,0.25333066212561356,1.99380888332712e-08
3734,rerun,763880,0.9064910347590904,3.674500658235047e-07
894,reset,10021033,0.9776119402985075,2.4054852838162333e-06
2839,resid,1318706,0.928904137032956,1.0070976593112848e-07
1394,resin,4966700,0.9650906541119904,7.373136136266112e-06
12367,resit,89180,0.6902985074626866,1.2211228170855293e-08
6842,resto,251173,0.8286587198237003,4.3610536657467943e-08
1970,rests,2645136,0.9506661324251227,8.503453545927187e-06
28260,resus,23306,0.2922969047380547,9.546777954838603e-09
20797,retch,37821,0.4791896223580086,8.327526241913577e-08
1058,retro,8000179,0.9735049584293298,6.129399014298542e-07
3388,retry,916420,0.9151557648001603,1.732553539568471e-07
1603,reuse,3950428,0.9598567564860262,3.233085453757667e-06
4456,revel,546018,0.8884102975057598,4.843992070391323e-07
13409,revie,78263,0.664204147049985,2.2151605396647512e-08
2867,revue,1290094,0.928202945006511,4.5379016171409604e-07
7461,rheum,216585,0.8131573675247922,3.352947395285355e-08
3012,rhine,1162642,0.9245717720124211,1.209904246124438e-08
1986,rhino,2619135,0.9502654512671541,3.617155638835357e-07
16356,rhody,56633,0.5904036862666533,5.2280430914986e-10
12413,rhomb,88692,0.689146549133527,3.9690906348255344e-08
3825,rhone,727024,0.9042121606731444,3.9082480329799555e-09
30694,rhumb,20027,0.23134328358208955,4.6416619881028964e-08
2635,rhyme,1530733,0.934012821797055,2.3943973360474046e-06
9085,rhyne,153532,0.7724882299909847,1.4208597345910512e-09
31700,riads,18882,0.2061504557748172,2.7812550056072196e-09
8810,rials,161604,0.7793749373935691,2.5028939063531654e-07
29693,riata,21298,0.25641089852749677,8.250389478270392e-09
10251,ribas,123653,0.7432885906040269,1.015943633109195e-09
31904,ribby,18650,0.2010417710107182,5.114367813696674e-09
12191,ribes,91379,0.6947060002003406,1.7421071536460886e-08
18595,ricer,45703,0.5343333667234298,1.6066997243768813e-08
11981,rices,94158,0.6999649403986777,1.3773693368079877e-07
14361,richt,69978,0.6403636181508564,4.1292663937042566e-08
8237,ricin,181022,0.7937243313633177,1.560860501470529e-07
6152,ricks,305248,0.8459380947610938,4.5526915890548025e-08
978,rider,8987802,0.9755083642191726,3.3929823212019984e-06
1184,rides,6461201,0.9703495943103275,2.8665700551755435e-06
647,ridge,15993437,0.9837974556746469,8.202680064641754e-06
28051,riels,23627,0.29753080236401885,1.8266377312947672e-08
3506,riffs,864669,0.9122007412601423,1.5042548973553948e-07
1382,rifle,5047417,0.9653911649804668,6.363834527292056e-06
7612,rifts,209369,0.809375939096464,3.323730550164328e-07
3483,riggs,875782,0.912776720424722,6.007483017711479e-09
30,right,273620358,0.9992487228288089,0.0003811305575072
1540,rigid,4240019,0.9614344385455273,1.381871401463286e-05
4611,rigor,513599,0.8845286987879395,1.3317406319401926e-06
10417,riled,120346,0.7391315235901031,2.0879383370697725e-07
13282,riles,79480,0.6673845537413603,2.9789937698865293e-08
1496,riley,4443795,0.9625363117299409,1.3157494320736874e-08
25339,rills,27784,0.3654462586396875,1.3795007106409684e-07
20214,rimer,39811,0.4937894420514875,9.016019855145884e-09
5317,rimes,390910,0.8668486426925773,1.362632436041622e-07
13731,rinds,75276,0.656140438745868,1.351290670470462e-07
24281,rines,29619,0.3919413002103576,1.1064641975977453e-08
451,rings,28827859,0.9887057998597616,1.1970877876592569e-05
6469,rinks,276753,0.837999599318842,1.2431674221602406e-07
2370,rinse,1885846,0.940649103475909,1.6972061325759568e-06
5815,rioja,337348,0.8543774416508064,3.0406194223564503e-09
2699,riots,1463036,0.9324100971651809,3.444031508479384e-06
7990,ripen,191197,0.7999098467394571,5.838527278001493e-07
13872,riper,74056,0.6526094360412702,8.049073230154138e-08
1985,risen,2619862,0.9502904938395272,7.874562452343526e-06
3301,riser,969986,0.9173344685966143,8.420784024565364e-07
1566,rises,4124482,0.9607833316638285,1.0818575701705412e-05
8180,rishi,183120,0.7951517579885806,4.613819978516176e-08
573,risks,19205769,0.9856506060302515,2.643690171680646e-05
2060,risky,2412508,0.9484123009115496,4.414694144543319e-06
17069,risus,52968,0.5725483321646799,8.281432776868769e-08
2766,rites,1388265,0.9307322448161875,4.506403083723853e-06
16050,ritts,58502,0.5980667134128017,7.027073473803156e-10
12948,ritzy,82832,0.6757487729139537,6.013774672908313e-08
1524,rival,4298220,0.9618351197034959,7.816131801519078e-06
6124,rivas,307895,0.8466392867875389,1.508782779824358e-09
16426,rived,56254,0.5886507062005409,9.77978708505134e-08
33364,rivel,17192,0.16447961534608835,1.2106264729583312e-09
8685,riven,165533,0.7825052589401983,2.675458969747524e-07
199,river,78843808,0.9950165280977662,5.021655495511368e-05
7841,rives,198588,0.8036411900230391,3.3777163572779046e-08
4177,rivet,616847,0.8953971751978363,4.599597536980582e-07
5186,riyal,411050,0.8701292196734448,3.1777824709422484e-08
1842,roach,3017586,0.9538715816888711,3.333387840598335e-07
669,roads,15093621,0.9832465190824401,2.2650264872936533e-05
11703,roams,98175,0.7069267755183812,1.5125697387929905e-07
25074,roans,28190,0.37208254031854154,1.0779881387534828e-08
6778,roars,255578,0.8302614444555745,4.568881200839314e-07
1779,roast,3205415,0.9554492637483722,2.3263182379196225e-06
9750,robed,135344,0.7558349193629169,4.7092606621390585e-07
2572,robes,1600721,0.9355905038565562,2.4721992485865483e-06
820,robin,11423944,0.979465090654112,7.487008815587614e-07
18200,roble,47626,0.5442251828107784,8.112898930434654e-09
775,robot,12656312,0.9805920064108985,5.936731133715511e-06
784,rocks,12427428,0.9803666232595413,2.838649077602895e-05
877,rocky,10404321,0.9780376640288491,4.5497574546971006e-06
1684,rodeo,3587192,0.9578283081238105,5.963993072555241e-07
18385,rodes,46703,0.539592306921767,1.3312625375405672e-08
664,roger,15353411,0.9833717319443053,9.028281070300181e-08
1470,rogue,4576302,0.9631874186116398,1.2991065324285957e-06
18204,roids,47575,0.5441250125212862,8.730287550662296e-09
15875,rojak,59452,0.6024491635780828,2.332257424825235e-09
8314,roker,178208,0.791796053290594,5.088683003862115e-09
754,roles,13171507,0.9811179004307322,2.8075128138880245e-05
16464,rolfs,56034,0.5876990884503657,2.887531463935389e-10
962,rolls,9220414,0.9759090453771412,7.311703839150141e-06
606,roman,17431193,0.9848242011419412,9.922731283040776e-07
1389,romeo,4990395,0.9652158669738555,1.5515242832719882e-08
15753,romps,60107,0.6055043574075929,4.8209203669102864e-08
5257,ronde,399731,0.8683511970349594,3.90614391676536e-08
5871,rondo,332097,0.8529750575979165,1.2865481814117176e-07
3486,ronin,874042,0.9127015927076029,4.265129838643135e-08
16295,ronne,56987,0.5919312831814084,5.829032714288473e-09
2611,roofs,1553687,0.9346138435340078,3.21170948609506e-06
7150,rooks,233375,0.8209456075328058,1.6087842766410176e-07
227,rooms,65453403,0.9943153360713213,2.8771679462806788e-05
4336,roomy,574188,0.8914154061905238,3.318021316545128e-07
23725,roons,30727,0.4058649704497646,3.831134524068247e-09
24483,roosa,29266,0.3868827005910047,4.445455629997763e-10
18583,roose,45767,0.5346338775919063,2.4613998639289036e-09
4212,roost,608008,0.8945206851647801,7.150705118874612e-07
778,roots,12609370,0.9805168786937795,2.415165814454668e-05
14874,rooty,66186,0.62751677852349,1.2728901959135896e-08
8068,roped,187674,0.7979565260943604,3.242514884504999e-07
3314,roper,959126,0.9170089151557648,6.324683056391224e-08
2071,ropes,2384639,0.9481368326154462,3.042346961592557e-06
25550,ropey,27525,0.36016227586897726,1.9561875168605525e-08
6374,roque,285897,0.8403786436942803,5.520071506559532e-09
31571,rorie,19018,0.2093809476109386,1.9423864232315235e-10
10902,rorty,111131,0.7269858759891816,4.597193605793137e-09
740,roses,13584758,0.9814684964439547,4.072077454111422e-06
27265,roset,24878,0.31721426424922367,1.862434114707767e-09
12120,roshi,92425,0.696484022838826,2.7648617120235032e-08
6678,rosin,262173,0.8327657016928779,3.631965756767386e-07
19219,rosti,43398,0.5187068015626565,6.4699311386196e-09
14046,rotan,72673,0.6482520284483622,1.0230132745370214e-08
19762,rotas,41389,0.505108684764099,2.5900222020425192e-08
32902,rotch,17632,0.17604928378243012,4.972312833695367e-10
24085,rotes,30015,0.3968496443954723,5.002431424649957e-08
21809,rotis,35038,0.453846539116498,2.44551273453908e-08
2286,rotor,2003039,0.9427526795552439,6.066730115890095e-06
5020,rouen,437498,0.8742862866873685,3.0571393822009797e-09
28935,roues,22326,0.27539316838625666,1.0651240360814996e-08
1223,rouge,6084449,0.9693729339877792,4.059483910623385e-07
815,rough,11557184,0.9795903035159772,1.8269571683049435e-05
15925,roule,59125,0.601197034959431,9.638913018861217e-09
239,round,61836702,0.9940148252028448,5.728996395191644e-05
27402,roups,24670,0.313783431834118,5.184132342073156e-08
3600,rouse,812361,0.9098467394570771,8.481715212838025e-07
424,route,31439231,0.9893819493138335,3.0059506389079616e-05
11231,routh,105518,0.7187468696784534,4.2843758873978285e-09
15429,routs,62357,0.613618150856456,5.301037589333647e-08
23513,roved,31140,0.41117399579284786,1.753478552757315e-07
34166,roven,16464,0.14439547230291497,7.0565121346177766e-09
1012,rover,8537021,0.9746569167584894,3.151078195173796e-07
29770,roves,21191,0.2544826204547731,2.8874186739358265e-08
2282,rowan,2014844,0.942852849844736,9.127248567608605e-08
4622,rowdy,510507,0.8842532304918361,4.675014903909869e-07
8583,rowed,168567,0.7850596013222478,6.936214867891977e-07
11500,rowen,101456,0.7120104177101072,2.349149302860454e-09
7044,rower,239796,0.8236001202043474,1.0697087446942533e-07
20585,rowth,38465,0.48449864770109186,6.022029862329249e-08
309,royal,45407189,0.9922618451367324,1.60066411808657e-05
33080,rozet,17480,0.17159170590003006,3.0202503747966957e-10
8391,rubel,174810,0.7898677752178703,5.247123457952085e-09
15520,rubes,61690,0.6113392767705099,3.087112379063228e-08
2364,rubin,1889443,0.9407993589101472,1.1568805939887738e-08
6638,ruble,265028,0.8337674045877993,4.077910506339322e-07
9198,rubus,150384,0.7696584193128319,6.683968925003113e-09
20923,rucks,37438,0.4760342582390063,1.8252914095739933e-08
38341,rudds,13297,0.03984273264549735,2.6624158065702285e-10
5348,ruddy,387590,0.8660723229490134,6.74145934453918e-07
12319,ruder,89666,0.6915005509365922,7.680083648153868e-08
25155,rudie,28068,0.37005409195632577,1.0247859089096423e-09
23624,rudis,30928,0.40839427025944103,3.947606487031408e-08
8062,rueda,188021,0.7981067815285986,8.573592249483397e-09
25980,ruffe,27023,0.34939396974857256,2.5422817193643256e-08
21478,ruffs,35928,0.4621356305719724,5.904452109461999e-08
760,rugby,12992179,0.980967644996494,1.0270004111134768e-06
1794,ruins,3159891,0.9550736251627767,5.217496127443155e-06
1295,ruled,5589851,0.9675698687769207,1.563707977766171e-05
1988,ruler,2615554,0.9502153661224081,7.630850832356373e-06
159,rules,97658641,0.9960182309926876,0.0001129786742967
5222,rumba,404980,0.8692276870680157,8.39553034026608e-08
17030,rumbo,53120,0.5735249924872283,8.331134244699e-09
7625,rumen,208759,0.8090503856556145,1.1551051841252047e-06
5580,rummy,360935,0.8602624461584694,8.579791575868968e-08
2043,rumor,2455494,0.9488380246418913,1.8413990869703408e-06
5999,rumps,319557,0.849769608334168,5.7214769171309855e-08
36030,runed,14880,0.09771611739957929,2.221076291775148e-09
4026,runes,664374,0.8991786036261645,3.109331457551434e-07
8435,rungs,173503,0.7887659020334569,4.792187274915704e-07
8125,runic,185207,0.7965290994690974,1.417560989125377e-07
5373,runny,383747,0.8654462586396875,3.120271820478138e-07
19797,runts,41260,0.5042321947310427,2.8474851010429352e-08
1894,rupee,2831536,0.9525693679254733,8.069580036362822e-07
429,rural,30998929,0.9892567364519683,5.540658235986485e-05
28273,rusas,23275,0.29197135129720525,5.865077747080339e-10
26880,ruses,25529,0.32685565461284183,1.1437966961125313e-07
26898,rusks,25492,0.3264048883101272,2.984647313297728e-08
7952,russe,193236,0.8008614644896324,7.614409042844273e-08
16326,rusts,56788,0.5911549634378443,1.784494369871936e-07
1913,rusty,2780895,0.9520935590503856,1.5904435099400872e-06
32219,ruths,18289,0.19315336071321246,1.1900666679887096e-09
15201,rutin,63936,0.6193278573575077,6.522427781874284e-08
20445,ryals,38933,0.4880046078333166,2.356049851326425e-09
13036,sabal,81783,0.6735450265451267,6.241988206312499e-09
3176,saber,1053669,0.9204647901432436,4.339084767934765e-07
12383,sabes,89001,0.6898978263047181,2.5755539461158612e-08
4979,sabha,443494,0.8753130321546629,7.07164777224989e-08
5483,sabin,371546,0.8626915756786537,4.971704763434559e-09
18773,sabir,45054,0.5298757888410297,1.9949598817348147e-09
2661,sable,1501050,0.9333617149153561,4.8295880844762e-07
9577,sabot,140101,0.7601672843834518,4.828313475258028e-08
8402,sabra,174408,0.789592306921767,2.1422897269474105e-08
2978,sabre,1189329,0.9254232194731042,2.951771139692028e-07
2420,sacks,1808394,0.9393969748572574,1.5654792150598952e-06
8859,sacra,160174,0.7781478513472904,1.8968417748510546e-07
14931,saddo,65697,0.626089351898227,2.287311829662908e-09
12947,sadhu,82833,0.6757738154863268,7.95585656021558e-08
39344,sadis,12774,0.014725032555344086,2.54610677430378e-09
1614,sadly,3905175,0.9595812881899228,3.634140584836132e-06
14536,safed,68671,0.6359811679855755,1.1907258983256951e-08
1376,safer,5085040,0.965541420414705,4.871649725828319e-06
3114,safes,1079012,0.9220174296303716,2.4289620569106775e-07
6434,sagas,279405,0.8388760893518983,3.5235210702921906e-07
4618,sager,511124,0.8843534007813283,6.545311603822767e-09
4155,sages,624245,0.8959481117900431,1.4178836545397643e-06
4431,saggy,554140,0.8890363618150856,5.201778542129887e-08
20132,saheb,40056,0.49584293298607635,1.6132852422856558e-08
5670,sahib,352239,0.8580086146448963,1.6520022697363856e-07
18590,saiga,45727,0.534458579585295,1.8005627850925523e-08
2571,sails,1601569,0.9356155464289292,2.396883562596486e-06
35250,saine,15510,0.11724932385054593,1.864277256125036e-08
14777,sains,66940,0.6299459080436742,8.317702855364927e-09
344,saint,38929141,0.9913853551036762,4.425656193234318e-06
2965,saith,1205270,0.9257487729139537,1.984850480312161e-06
2223,sakai,2152556,0.944330361614745,3.8731711327066885e-09
16422,saker,56297,0.5887508764900331,1.1431384034921168e-08
7371,sakes,221028,0.8154111990383652,4.307938201009165e-07
25453,sakis,27631,0.36259140538916157,4.939742901388655e-09
18423,sakti,46511,0.5386406891715917,7.635363367342052e-08
983,salad,8923706,0.9753831513573075,4.7340318360511445e-06
22006,salal,34529,0.4489131523590103,3.6429892595890585e-08
11801,salat,96774,0.7044726034258239,4.7633896720356015e-08
32524,salep,17960,0.18551537613943705,9.24004537772305e-09
83,sales,173244220,0.9979214664930381,7.878428543335758e-05
6687,salix,261339,0.8325403185415206,6.353332620001595e-09
2723,salle,1426680,0.931809075428228,7.450848258372388e-08
1247,sally,5933047,0.9687719122508264,2.884757739707311e-07
17028,salmi,53135,0.5735750776319744,8.371618429592331e-09
890,salon,10079006,0.9777121105879996,1.682936556335335e-06
16445,salop,56167,0.5881748973254532,1.4530954406399843e-09
1541,salsa,4234056,0.9614093959731543,6.211776302933459e-07
36996,salse,14186,0.07352499248722828,4.523088810159947e-09
7706,salto,204639,0.8070219372933988,1.8557412833075665e-08
2226,salts,2144773,0.944255233897626,7.098015867086361e-06
2974,salty,1196416,0.9255233897625964,1.3306123867096176e-06
7451,salut,216986,0.8134077932485225,3.995316337324084e-08
5108,salve,423303,0.8720825403185415,3.704051206909753e-07
4910,salvo,454555,0.8770409696484023,2.896597399626444e-07
12453,saman,88325,0.6881448462386056,3.7064964306665615e-08
31810,samas,18769,0.20339577281378343,2.0140408146795964e-09
1264,samba,5838327,0.9683461885204848,1.8976982467222568e-07
9657,sambo,137842,0.7581638785936091,1.4060460884479653e-08
28757,samek,22569,0.2798507462686567,3.5894572292249905e-09
13331,samen,79154,0.6661574676950817,1.2473069146423656e-08
17733,sames,49702,0.5559200641089853,1.1121392029522781e-08
31508,samey,19085,0.21095862967043974,4.292807641581575e-09
2048,sammy,2447628,0.9487128117800261,6.575821582810448e-09
1498,sands,4428127,0.9624862265851948,4.204313804621052e-06
905,sandy,9897487,0.977336472002404,7.641795455128887e-06
12782,saner,84491,0.6799058399278773,1.0535418326185209e-07
35471,sanes,15330,0.11171491535610538,1.0789937737731842e-09
16594,sanga,55269,0.5844435540418712,2.708542142570991e-08
10899,sangh,111167,0.7270610037063007,7.990177661731934e-09
6546,sango,272080,0.8360713212461184,7.287744701045541e-09
29815,sanko,21131,0.2533557046979866,2.087322089616705e-09
7438,sansa,217784,0.8137333466893719,3.494090541344974e-09
2439,santo,1772980,0.9389211659821697,8.93261682932689e-08
14116,sants,72016,0.6464990483822498,2.271163030087564e-08
33015,sapid,17521,0.17321947310427727,1.2469899202116607e-08
7468,sappy,216405,0.8129820695181809,1.0896111142244537e-07
7493,saran,215052,0.8123560052088551,3.235943083268466e-08
14961,sards,65552,0.625338074727036,2.1487328488722922e-09
6166,saree,303706,0.8455874987478714,6.616074180954002e-08
3238,sarge,1013607,0.9189121506561154,3.2716156752599094e-08
6569,sarin,270347,0.8354953420815386,1.1272741055279315e-07
8078,saris,187170,0.7977061003706301,1.557051191980463e-07
30208,sarky,20639,0.24351397375538417,4.3728040322044136e-09
22459,sarod,33361,0.43756886707402587,1.6558001796340704e-08
20569,saros,38529,0.4848993288590604,7.301522351177425e-09
35194,sasin,15556,0.11865170790343584,2.8109637795203923e-09
14993,sasse,65391,0.6245367124110989,9.511167053943836e-10
2530,sassy,1657970,0.9366422918962236,1.8956772386502506e-07
9911,satay,131499,0.7518030652108585,3.452578545726226e-08
12475,sated,88075,0.6875939096463989,3.198516517954886e-07
13421,sates,78143,0.6639036361815086,7.449626618694085e-08
1169,satin,6620674,0.970725232895923,1.7869883004095757e-06
7075,satis,237793,0.8228238004607833,2.678471702211027e-07
9704,satyr,136838,0.7569868776920765,2.6195574406528974e-07
851,sauce,10968629,0.978688770910548,7.733999709671479e-06
4785,saucy,474568,0.8801712911950316,2.747056689145211e-07
16965,sauls,53407,0.5751527596914755,1.0171600178798812e-09
3423,sault,901099,0.914279274767104,2.0292608766681042e-08
1548,sauna,4202256,0.9612340979665431,6.974348229960015e-07
22969,saunt,32211,0.4247971551637784,1.276865397858984e-09
4454,saute,546457,0.8884603826505059,3.212561119170232e-07
568,saved,19635976,0.9857758188921166,1.8433361474308183e-05
883,saver,10258158,0.9778874085946109,5.212629275774816e-07
1144,saves,6892635,0.9713512972052489,3.064955185436702e-06
6171,savin,303518,0.8454622858860062,6.072409043156313e-08
4644,savor,506115,0.8837022938996294,6.380199556588195e-07
2914,savoy,1246516,0.9270259441049785,2.0758936365439243e-08
1802,savvy,3140230,0.9548732845837924,9.709173411920349e-07
8545,sawed,169894,0.7860112190724231,5.852674149764425e-07
12887,saxes,83366,0.6772763698287088,4.228377179060772e-08
7157,sayed,232940,0.8207703095261946,2.2326805488859235e-08
6967,sayer,243924,0.825528398277071,2.9833586374650165e-08
8764,sayid,163143,0.7805268957227286,1.411011387175698e-09
10292,scabs,122925,0.7422618451367324,2.8347703306508266e-07
17758,scads,49595,0.5552939997996594,4.431392476078599e-08
3097,scala,1093246,0.9224431533607133,1.6298853452667572e-07
11470,scald,101839,0.7127616948812983,2.112320254354927e-07
302,scale,46307526,0.9924371431433436,9.07639681827277e-05
2799,scalp,1356840,0.9299058399278773,2.444726751491544e-06
6537,scaly,272847,0.8362967043974757,6.058615031179215e-07
3606,scamp,810996,0.9096964840228389,9.651017762735137e-08
1963,scams,2662588,0.950841430431734,2.696930104306716e-07
4972,scand,444490,0.8754883301612741,1.517753234492325e-07
1622,scans,3877627,0.9593809476109386,2.971239073303877e-06
4469,scant,543285,0.8880847440649103,2.040555391431553e-06
10769,scapa,113533,0.7303165381147951,6.98425663830937e-10
5610,scape,358228,0.8595111689872784,4.150580821260519e-07
1853,scare,2972708,0.9535961133927677,2.662860263171751e-06
1787,scarf,3181107,0.9552489231693879,1.872831073796988e-06
13483,scarp,77653,0.6623509966943805,4.179184645636269e-07
2513,scars,1677547,0.9370680156265652,2.9670721505681286e-06
2954,scart,1213599,0.9260242412100571,5.6768525547035155e-09
1298,scary,5571680,0.9674947410598017,2.08050212819444e-06
15134,scats,64414,0.621005709706501,9.936781555808241e-08
12353,scaup,89357,0.690649103475909,5.4399459479270724e-08
12222,scena,91089,0.6939296804567765,4.8792636242467326e-08
448,scene,29372413,0.9887809275768807,4.19571853853995e-05
1759,scent,3277212,0.955950115195833,5.3897308885098025e-06
15670,schmo,60716,0.6075828909145548,4.067795231210702e-09
22601,schul,33045,0.43401282179705497,8.426927120552821e-09
15108,schwa,64634,0.6216568165881999,1.4438068944855332e-07
2166,scion,2245350,0.945757788240008,4.537108270596946e-07
8325,scoff,177728,0.7915205849944906,2.757465799163583e-07
8533,scold,170208,0.7863117299408995,4.94795970666928e-07
7535,scone,213031,0.8113042171691877,1.0569869424159608e-07
1344,scoop,5272369,0.9663427827306421,1.3410183737505576e-06
6579,scoot,269666,0.8352449163578083,1.6415710909711837e-07
12422,scopa,88607,0.6889211659821697,1.1928449512588202e-08
505,scope,23349420,0.9873535009516178,3.900217630871339e-05
20385,scops,39159,0.4895071621756987,1.4557485297217454e-08
217,score,69315004,0.9945657617950516,2.319147683010669e-05
4159,scorn,622924,0.8958479415005509,2.143627741588716e-06
2345,scots,1911314,0.9412751677852349,1.7032668200300804e-08
38319,scoug,13313,0.0403936692377041,6.818666922758787e-11
5183,scour,411478,0.870204347390564,9.2779504484497e-07
1212,scout,6176157,0.9696484022838826,1.6284704099689408e-06
10672,scowl,115386,0.7327456676349795,7.518441043430357e-07
9587,scram,139774,0.7599168586597215,1.720863743770451e-07
5633,scran,355642,0.8589351898226986,4.586699926534265e-09
1643,scrap,3757085,0.9588550535911049,5.38853037141962e-06
22041,scrat,34413,0.4480366623259541,2.511835528462569e-09
9268,scree,148396,0.7679054392467194,2.453240230693155e-07
1042,screw,8177263,0.9739056395872984,6.398692585207755e-06
9329,scrim,146877,0.7663778423319644,1.0560258729697125e-07
5903,scrip,328826,0.8521736952819794,3.377458861564264e-07
29500,scrod,21554,0.2612441149954923,1.3925483859367204e-08
2085,scrub,2360299,0.9477862366022238,2.4042504423960053e-06
5085,scrum,425870,0.8726585194831213,2.125043330636345e-07
1201,scuba,6366349,0.969923870579986,6.256048823161109e-07
33691,scudo,16902,0.1562906941801062,1.0592641812579018e-08
20248,scuds,39676,0.49293799459080434,1.8720845904596217e-08
7311,scuff,224673,0.8169137533807472,1.079335517317759e-07
8411,scull,174118,0.7893669237704097,5.046490628046742e-08
24591,sculp,29076,0.38417810277471703,4.45601359544412e-08
29720,scums,21265,0.2557347490734248,1.6521598578123076e-08
38071,scurf,13478,0.04660422718621657,4.3513089735824906e-08
16925,scuse,53625,0.5761544625863969,1.282866989527065e-08
33075,scute,17485,0.1717169187618952,5.4976270398299226e-08
1396,seals,4958012,0.9650405689672443,5.306060393195366e-06
2836,seams,1323885,0.9289792647500751,2.1982717635182782e-06
21811,seamy,35034,0.453796453971752,9.582355531279064e-08
36146,seans,14788,0.09481117900430733,4.3909183011781036e-09
1409,sears,4897480,0.9647150155263948,5.165706788545777e-08
33685,sease,16912,0.15644094961434438,2.8298368848211912e-08
615,seats,17070818,0.984598817990584,1.37981926491193e-05
11890,sebum,95387,0.7022438144846238,1.2984720541453497e-07
22303,secco,33756,0.44147550836421917,3.838234260200579e-08
17868,sechs,49108,0.5525393168386257,2.1808359953467972e-08
4232,sects,603808,0.8940198337173194,1.945348303706851e-06
1426,sedan,4769270,0.9642892917960533,1.0151233300348397e-06
6049,seder,315708,0.8485174797155164,1.0188715108938597e-07
32967,sedes,17575,0.17442151657818292,3.4325957649627983e-08
5579,sedge,361236,0.8602874887308425,4.677957954868362e-07
10124,sedum,126177,0.7464689972954022,1.690948522536928e-08
834,seeds,11196921,0.9791144946408895,1.7916608740051743e-05
6384,seedy,284954,0.8401282179705499,3.951770418098022e-07
887,seeks,10174194,0.9777872383051187,1.6875336586963386e-05
8439,seely,173389,0.7886657317439647,4.760410772242096e-09
269,seems,55276661,0.9932635480316538,0.0001200898099341
8061,seeps,188076,0.7981318241009716,4.909255875418239e-07
9793,seers,134265,0.7547580887508765,4.477282931247828e-07
8875,sefer,159719,0.7777471701893218,2.8209266016432373e-08
18745,segar,45150,0.5305769808674747,7.006559901157061e-09
13805,segni,74679,0.6542872883902634,1.3039103947676269e-08
11038,segno,108669,0.723580086146449,3.1042647830048506e-08
7131,segue,234120,0.8214214164078935,1.02293512256324e-07
3058,seine,1121610,0.9234198136832615,9.932811394719466e-07
32011,seism,18530,0.19836221576680357,1.8614418504370177e-08
2348,seize,1908868,0.9412000400681158,4.53112864306604e-06
7530,selah,213338,0.8114294300310528,6.9368881749909406e-09
14368,seles,69906,0.6401883201442452,9.235016378283945e-09
22280,selfs,33812,0.44205148752879897,4.901666848411423e-08
9457,sella,143359,0.7631723930682159,2.2650596918083465e-07
6144,selle,305996,0.8461384353400782,2.1336907138902466e-08
988,sells,8827377,0.9752579384954423,6.140675468486734e-06
5332,selva,389472,0.8664730041069819,5.0364532171442993e-08
2613,semen,1553302,0.9345637583892618,2.0826580180255405e-06
24013,semes,30150,0.39865270960633076,3.6140672587947625e-08
5620,semis,357039,0.8592607432635481,1.0098874582809005e-07
1094,sends,7512707,0.9726034258239006,6.618124834858463e-06
5053,senna,431701,0.8734598817990584,8.082938300901787e-08
5673,senor,352047,0.8579334869277773,1.370312119775008e-07
12356,sensa,89308,0.69057397575879,4.2641461419634656e-08
277,sense,52629633,0.9930632074526695,0.0001520004105987
6424,sensi,280091,0.8391265150756285,7.452717525779919e-08
15314,sente,63099,0.6164980466793549,3.9112486405201705e-08
16343,senti,56703,0.5907292397075028,4.2723918696196966e-08
11673,sents,98600,0.7076780526895723,1.1201582367448285e-07
4770,senza,476965,0.8805469297806271,1.2003889906964105e-07
22786,sepal,32590,0.4293799459080437,1.6442768718150092e-07
3793,sepia,741438,0.9050135229890814,2.852260988106536e-07
22399,sepoy,33499,0.43907142141640787,6.609246874234032e-08
7725,septa,203819,0.8065461284183111,6.548646462078977e-07
30487,septs,20285,0.23652709606330763,3.048896491719688e-08
19090,serac,43796,0.5219372933987779,8.224584986393781e-09
21464,serai,35974,0.46248622658519484,7.735762167726536e-08
16226,seral,57376,0.5936592206751478,1.894120855716608e-07
30973,sered,19699,0.22435640589001302,5.135465754868562e-09
16719,seres,54684,0.5813132324952419,3.587655776016163e-08
10567,serfs,117599,0.7353751377341481,7.133878909826308e-07
2871,serge,1283914,0.928102774717019,1.638121244695867e-07
2239,serif,2109334,0.9439296804567765,2.311259035536751e-07
20513,serin,38729,0.4863017129119503,1.2181038036018776e-08
3757,serra,755717,0.9059150555945107,3.566490377693299e-08
5402,serre,381425,0.8647200240408695,1.5448065191492333e-08
1260,serum,5854942,0.968446358809977,1.946367516211467e-05
367,serve,36697856,0.9908093759390965,7.115213884389959e-05
2582,servo,1581719,0.9353400781328258,1.169418043218684e-06
14688,sessa,67670,0.6321746969848743,1.3041252694412363e-09
10850,setae,111998,0.7282880897525794,2.6809575584252345e-06
3046,seton,1136773,0.9237203245517379,1.7465184232179354e-08
15621,setts,60954,0.6088099769608334,1.2236534871590265e-07
503,setup,23534848,0.9874035860963638,4.925136322526669e-06
317,seven,44224906,0.9920615045577482,6.589672135305591e-05
3955,sever,686306,0.9009566262646499,1.1267711101936584e-06
8385,sewed,175012,0.7900180306521086,5.886575934255234e-07
25147,sewel,28078,0.37025443253531004,4.745653153781502e-10
1385,sewer,5008805,0.9653160372633477,4.3797423404612345e-06
9028,sexed,155161,0.7739156566162476,2.862554592297784e-07
2565,sexes,1608110,0.9357658018631674,5.402411438808486e-06
24113,sexto,29954,0.39614845236902735,2.4989019600241136e-08
1925,shack,2739743,0.9517930481819092,1.2051695773607208e-06
1136,shade,6996835,0.9715516377842331,8.8914281786856e-06
31032,shads,19622,0.222878894120004,1.0317275673799032e-08
2256,shady,2059463,0.943503956726435,1.3629231864342729e-06
1190,shaft,6431372,0.9701993388760893,1.1300956020932063e-05
19643,shags,41829,0.5080887508764901,3.0212548622898794e-08
1152,shake,6839319,0.9711509566262646,8.992358671093825e-06
26395,shako,26339,0.3390013022137634,3.1782803482371943e-08
3717,shaky,766843,0.906916758489432,1.8284051657246887e-06
3701,shale,769742,0.9073174396474006,5.881970409973292e-06
69,shall,191963867,0.9982720625062607,0.0004885253004613
2392,shalt,1854326,0.9400981668837023,2.910507537308149e-06
14142,shama,71722,0.6458479415005509,7.321114110503402e-09
1158,shame,6785296,0.9710007011920264,1.0131301132787483e-05
4171,shams,618299,0.8955474306320745,1.0231183935616173e-07
9536,shand,141332,0.7611940298507462,1.8268304891044807e-09
2849,shank,1311484,0.9286537113092257,8.261720313385013e-07
479,shape,25675227,0.9880046078333167,5.40193742926931e-05
6359,shard,287428,0.8407542822798758,2.236025719781765e-07
135,share,119294241,0.9966192527296404,9.453205551835708e-05
1251,shark,5904454,0.9686717419613343,2.1416873846646923e-06
36658,sharn,14432,0.08198938194931384,1.951825805424079e-09
491,sharp,24904199,0.9877040969648402,2.7957588790741284e-05
25312,shash,27825,0.3661224080937594,2.7795686574627603e-09
7056,shaul,239120,0.823299609335871,1.4512564927571244e-09
2005,shave,2580057,0.9497896423920665,1.2909299096008909e-06
3241,shawl,1011728,0.9188370229389963,1.2336081283592648e-06
1450,shawn,4642740,0.9636882700591005,8.664636341748633e-09
12939,shaws,82892,0.6759741560653111,6.630114568473289e-09
20274,shaya,39577,0.4922868877091055,2.0159603136837844e-09
7248,shays,227563,0.8184914354402484,2.4885781391148502e-09
6775,sheaf,255879,0.8303365721726936,6.801698089020647e-07
1879,shear,2886210,0.9529450065110688,1.4874503740429646e-05
2377,sheds,1874143,0.9404738054692978,2.0794461761397542e-06
34881,sheel,15825,0.12649003305619552,8.072248429691343e-09
3052,sheen,1124463,0.9235700691174997,8.35472951621341e-07
981,sheep,8962638,0.9754332365020535,1.6787720705906396e-05
1163,sheer,6684477,0.9708754883301612,7.360809895544662e-06
316,sheet,44295187,0.9920865471301212,3.160647294862429e-05
4254,sheik,596893,0.8934688971251127,1.3993964742553544e-07
826,shelf,11287023,0.9793148352198738,1.102854894270422e-05
551,shell,20599318,0.9862015426224582,1.948604109202279e-05
14637,sheol,68016,0.633451868175899,1.6431744347400467e-08
30230,sherd,20612,0.2429630371631774,5.291592708545067e-07
12980,shere,82346,0.6749474105980167,1.3222414092517454e-08
8220,sheva,181594,0.7941500550936592,1.0595055370821172e-08
15353,shewn,62884,0.6155213863568065,3.644061976615376e-07
20391,shews,39148,0.4893569067414605,2.283440355199673e-07
11358,shied,103457,0.715566462987078,3.820664434783794e-07
13001,shiel,82165,0.674421516578183,4.95429140601189e-09
19112,shier,43728,0.5213863568065712,6.440556670206377e-09
19455,shies,42546,0.5127967544826204,7.275349808821829e-08
563,shift,19811555,0.9859010317539818,4.319932166254148e-05
8748,shill,163716,0.7809275768806971,5.0018905355386794e-08
7554,shims,212293,0.8108284082941,1.7887977449504433e-07
1255,shine,5881862,0.9685715716718422,3.7442425400513457e-06
5567,shins,362796,0.8605879995993189,2.960147816111203e-07
1782,shiny,3192674,0.9553741360312531,3.4841118508666115e-06
265,ships,56365355,0.9933637183211459,2.806929995131213e-05
1961,shire,2665081,0.95089151557648,5.516759011925387e-07
7936,shirk,194196,0.8012621456476009,3.14130098786336e-07
336,shirt,40501964,0.9915856956826605,1.532375375973061e-05
14666,shish,67812,0.632725633577081,5.1190544851920094e-08
27131,shiso,25086,0.32056996894721024,3.030997349995346e-08
5479,shite,371932,0.8627917459681459,1.4682640561147764e-07
7063,shits,238365,0.8231243113292598,1.1537351518597917e-07
14388,shiur,69743,0.6396874686967845,9.234709509309269e-09
3080,shiva,1105044,0.9228688770910548,3.562328771522516e-08
10725,shive,114265,0.7314184112992087,1.3639500320294929e-08
5030,shoal,435185,0.8740358609636382,6.543187390661842e-07
681,shock,14850388,0.9829460082139637,2.563793801527936e-05
25561,shoed,27509,0.3598868075728739,2.300098444152354e-08
195,shoes,80755612,0.9951166983872584,1.491669718234334e-05
12808,shogi,84271,0.6792547330461784,1.0868238837780098e-08
7188,shoji,231018,0.8199939897826305,3.509108456256628e-08
13017,shojo,81991,0.6740208354202144,1.1313704793014522e-08
17695,shola,49881,0.5568716818591606,1.1270809272545534e-08
3892,shone,704369,0.902534308324151,3.234028874885553e-06
1870,shook,2917411,0.9531703896624262,2.459626801282866e-05
12306,shool,89902,0.6918261043774416,1.1211058015270226e-08
30508,shoon,20249,0.2360012020434739,2.0243636544847732e-08
26119,shoos,26781,0.3459130521887208,2.0355720078413242e-08
772,shoot,12695618,0.9806671341280176,1.1501826820676795e-05
13284,shope,79471,0.6673344685966143,1.3441680124515188e-08
355,shops,38241315,0.9911098868075728,1.3487130072462603e-05
780,shore,12568485,0.9804667935490333,1.6592527335888006e-05
9500,shorn,142311,0.7620955624561755,5.670040457061987e-07
147,short,106755242,0.996318741861164,0.0001557247055461
21218,shote,36612,0.46864669938896125,6.198844277882643e-09
569,shots,19611119,0.9857507763197436,7.260877009684919e-06
26653,shott,25924,0.3325403185415206,2.5611083263044067e-08
1599,shout,3965861,0.9599569267755184,4.256798642927607e-06
3541,shove,847364,0.911324251227086,1.3048977723428831e-06
218,shown,68755779,0.9945407192226785,0.0001898698968579
185,shows,84804638,0.9953671241109887,0.0001229290543415
6271,showy,294798,0.8429580286487028,6.196094921051554e-07
23609,shoyu,30956,0.40876990884503656,6.417001042535731e-08
3532,shred,851931,0.9115496343784434,6.665422461082926e-07
5383,shrew,382770,0.8651958329159571,3.669484749480034e-07
2703,shrub,1458217,0.9323099268756887,2.573030874373217e-06
3842,shrug,720506,0.9037864369428028,1.776992471604899e-06
10634,shuck,116293,0.7336972853851548,9.716338581711172e-08
12734,shuns,85070,0.6811078834017831,1.477338447841703e-07
4228,shunt,604152,0.8941200040068116,2.02715254317809e-06
9130,shura,152118,0.7713613142341982,5.080305659266316e-08
15767,shush,60031,0.6051537613943704,8.625239207304959e-08
8136,shute,184885,0.7962536311729941,1.1928353531587278e-08
3293,shuts,974390,0.9175348091755985,7.886404284818127e-07
23061,shyer,32023,0.4224932385054593,2.554529439535713e-08
7532,shyly,213165,0.8113793448863067,6.583250373637384e-07
10860,sibyl,111857,0.7280376640288491,5.448145131481397e-08
11782,sicht,97024,0.7049484123009115,1.2204236945478897e-08
12615,sicko,86555,0.6840879495141741,2.535177723084203e-08
1392,sided,4982500,0.9651407392567365,6.402746867024689e-06
4467,sider,543665,0.8881348292096564,1.5893364420094257e-07
609,sides,17269191,0.9847490734248222,4.069559974595904e-05
10704,sidhe,114733,0.7319443053190424,3.7739798863789536e-08
16790,sidle,54306,0.5795352098567564,6.635317085113001e-08
2023,siege,2518421,0.9493388760893519,4.122232462577813e-06
33698,sient,16892,0.15611539617349493,1.4299569564002469e-08
15517,sieur,61710,0.611414404487629,5.6027026005267543e-08
3533,sieve,851108,0.9115245918060704,2.2173649654178007e-06
20696,sifts,38137,0.4817189221676851,6.864453830246475e-08
4382,sighs,564251,0.8902634478613644,1.3553171982039203e-06
750,sight,13360499,0.9812180707202244,3.311725922685582e-05
10543,sigil,118090,0.7359761594711008,5.64781609568854e-08
20440,sigla,38984,0.4881298206951818,3.715344060850612e-08
805,sigma,11864409,0.9798407292397076,1.09151487095005e-06
7140,signa,233687,0.8211960332565361,1.0611967681484205e-07
420,signs,31899467,0.9894821196033257,3.795600154262502e-05
8843,sikes,160692,0.7785485325052589,2.031583377637425e-09
28798,silen,22517,0.2788240008013623,6.430574885918361e-09
7781,siler,201368,0.8051437443654212,2.461419719157476e-09
31264,siles,19384,0.21706901732946007,3.050719151964644e-08
6329,silex,289557,0.8415055594510669,2.3926433243559587e-08
5141,silks,418180,0.8712561354302314,6.9967042350072e-07
2458,silky,1749406,0.938445357107082,1.232643332969019e-06
5263,sills,397916,0.8682009416007213,6.129664592435802e-07
1154,silly,6833654,0.9711008714815186,5.840099724991887e-06
4746,silos,483560,0.8811479515175799,8.908722429623595e-07
18198,silts,47638,0.5442752679555244,4.256093012600104e-07
6289,silty,293612,0.8425072623459882,2.152833357058625e-06
1805,silva,3132617,0.9547981568666734,3.467276886937043e-08
23858,simar,30450,0.40253430832415105,1.910895112144928e-09
27190,simas,24995,0.31909245717720125,6.192695508611123e-09
5961,simba,322561,0.8507212260843434,5.693397335804207e-09
8929,simul,158003,0.776394871281178,1.7547618767821409e-07
58,since,214302926,0.998547530802364,0.0002778865437721
13716,sinds,75367,0.6565160773314634,7.434770239456156e-09
13259,sines,79686,0.6679605329059402,1.2653647175397966e-07
13788,sinew,74869,0.6547130121206051,3.072317980468143e-07
11142,singe,106880,0.7209756586196534,1.1022987649766949e-07
1934,sings,2723225,0.9515676650305519,2.4624018283248005e-06
1728,sinks,3399604,0.956726434939397,2.2734670278623527e-06
2470,sinus,1738565,0.9381448462386056,4.053448369631951e-06
15649,sipes,60829,0.6081087849343885,4.194415611502578e-09
11533,sippy,100939,0.7111840128217971,1.9665320458578384e-08
7383,sired,220280,0.8151106881698889,3.727652932639104e-07
36511,siree,14544,0.08567064008814985,2.1162228893700784e-08
2803,siren,1354779,0.9298056696383853,1.093325298597847e-06
6372,sires,286232,0.8404287288390263,3.678463116330022e-07
16989,siris,53304,0.5745517379545226,6.968633470272323e-09
24112,sirup,29954,0.39617349494140036,1.9140172597076346e-07
6422,sisal,280742,0.8391766002203747,3.06475592140032e-07
2745,sissy,1410911,0.9312581388360213,2.105773653227061e-07
6688,sista,261188,0.8325152759691475,2.6435709674643706e-08
15954,sists,58962,0.6004708003606131,7.810891222703732e-08
6772,sitar,255993,0.8304116998898127,9.622781462326204e-08
4658,sited,503306,0.8833516978864069,1.0222489709121873e-06
64,sites,202755734,0.9983972753681258,6.528500431159045e-05
37003,sithe,14180,0.07334969448061705,6.203149971462096e-09
4320,sitka,578381,0.8918160873484925,1.804223239698644e-08
6608,situs,267454,0.8345186817589902,5.62945609487997e-07
11522,siver,101095,0.7114594811179005,3.6412215287384685e-09
16110,sixer,58111,0.5965641590704197,5.1490650343488655e-09
8351,sixes,176765,0.7908694781127917,1.4105644524420313e-07
902,sixth,9920054,0.9774115997195232,1.2753332957800013e-05
1418,sixty,4851534,0.9644896323750376,1.3613334449473768e-05
767,sized,12775596,0.9807923469898828,1.2396063484629848e-05
7755,sizer,202590,0.8057948512471201,3.760588651147145e-08
498,sizes,23751367,0.987528798958229,1.8811713525792585e-05
18816,skald,44871,0.5287989582289893,2.1777749132922962e-08
7256,skank,227091,0.8182910948612642,2.409049287263598e-08
1399,skate,4932092,0.9649654412501252,6.758250566463176e-07
31062,skean,19591,0.22212761694881297,3.341624825736744e-09
10968,skeen,109749,0.7253330662125613,1.3925424025007512e-09
5753,skeet,343898,0.8559300811379345,7.9224540243672e-08
7634,skein,208604,0.8088250025042573,2.438593500642128e-07
11644,skene,99110,0.7084042872883902,2.5442299467215443e-08
13724,skews,75297,0.6563157367524792,9.237355772739877e-08
5752,skids,343992,0.8559551237103076,3.1194898497233226e-07
9783,skied,134470,0.7550085144746068,1.2867390864812477e-07
3510,skier,863046,0.9121005709706501,4.0669513680313683e-07
1634,skies,3796788,0.9590804367424622,2.9145020812393343e-06
6410,skiff,281833,0.839477111088851,3.57732684506118e-07
650,skill,15835076,0.9837223279575278,2.331485942704603e-05
11118,skimp,107336,0.7215766803566063,9.249229840690986e-08
18610,skims,45654,0.5339577281378343,8.807056460113927e-08
11486,skink,101630,0.7123610137233296,7.404309215530702e-08
1109,skins,7370612,0.9722277872383052,3.5401534751144938e-06
10515,skint,118519,0.7366773514975459,2.1059315589155866e-08
4418,skips,555853,0.8893619152559351,4.2051264131259814e-07
898,skirt,9981485,0.9775117700090153,5.028520531595859e-06
5529,skits,366784,0.8615396173494941,2.184016702244662e-07
18301,skive,47114,0.5416958830011018,1.0014981421946344e-08
19511,skoal,42373,0.5113943704297306,2.1379137704613527e-09
3577,skool,829401,0.9104227186216568,1.943642756074837e-08
11652,skort,98916,0.708203946709406,3.0372042708615157e-09
24984,skuas,28353,0.3743363718321146,5.5046651326051696e-08
27797,skulk,24018,0.3038916157467695,6.080900366356447e-08
1495,skull,4457991,0.9625613543023139,7.015777564447489e-06
3352,skunk,937406,0.9160572974055895,4.757672883215493e-07
3424,slabs,900683,0.914254232194731,2.7086592899649984e-06
2318,slack,1954286,0.9419513172393068,2.762743315543048e-06
3548,slade,842883,0.9111489532204748,6.271205861274609e-09
11258,slags,105005,0.7180707202243815,3.104314147606146e-07
30849,slaid,19838,0.22746168486426926,8.726850442286605e-10
2875,slain,1281084,0.9280026044275268,2.4501002530996628e-06
16767,slake,54463,0.5801111890213363,1.2076366644464546e-07
3371,slams,926688,0.9155814885305018,3.834950928194304e-07
11859,slane,95822,0.7030201342281879,6.759887511975648e-09
2414,slang,1817718,0.9395472302914956,1.4508964557080616e-06
18138,slank,47932,0.5457778222979064,2.2201709803937318e-09
2844,slant,1313083,0.9287789241710909,1.311179685217212e-06
5617,slaps,357339,0.8593358709806671,4.27008024814768e-07
1863,slash,2935535,0.9533456876690374,1.905575859382225e-06
1631,slate,3813904,0.9591555644595813,2.9401934671113848e-06
6234,slats,297172,0.8438846038265051,5.07963503650899e-07
17805,slaty,49371,0.5541169988981268,1.1427212250225693e-07
860,slave,10692715,0.9784633877591906,1.7160509523819202e-05
13262,slays,79674,0.667885405188821,1.3880752661066256e-07
6034,sleds,316641,0.8488931183011119,2.463787151896213e-07
1926,sleek,2734565,0.9517680056095362,1.3706378933875383e-06
447,sleep,29491537,0.9888059701492538,4.076270342920907e-05
6155,sleet,305148,0.8458629670439748,4.984952664699449e-07
2079,slept,2370802,0.947936492036462,8.207968098759011e-06
37467,slews,13847,0.0617299408995292,1.8043996607985947e-08
1456,slice,4628779,0.9635380146248622,5.2428552453420704e-06
2076,slick,2372634,0.9480116197535811,1.918882107929676e-06
517,slide,22339084,0.9870529900831413,1.1320364610583055e-05
3494,slime,869502,0.9125012521286187,1.0083835923069274e-06
8064,slims,187926,0.7980566963838526,9.25622683389804e-09
5725,slimy,346686,0.8566312731643795,6.537949263929477e-07
2503,sling,1688770,0.9373184413502955,1.225778864863969e-06
7883,slink,196197,0.8025894019833717,1.43380646520086e-07
2000,slips,2587498,0.9499148552539317,2.959876155728125e-06
4874,slits,460082,0.8779425022538315,1.1323933608764491e-06
28311,slive,23223,0.2910197335470299,1.1568938618200519e-09
2268,sloan,2040295,0.9432034458579586,6.355889774489754e-09
21267,slobs,36492,0.46741961334268256,4.3364238742071854e-08
6260,sloop,295505,0.8432334969448062,5.602675747695685e-07
16244,sloot,57272,0.5932084543724332,2.6913689366026007e-09
1181,slope,6469975,0.9704247220274467,2.051175781161873e-05
27121,slops,25111,0.3208203946709406,1.200844853599392e-07
17348,slosh,51634,0.5655614544726034,1.024694843465568e-07
4580,sloth,519428,0.8853050185315036,4.378800514359682e-07
783,slots,12452126,0.9803916658319143,3.185871039477206e-06
3008,slows,1163999,0.9246719423019133,1.525127761397016e-06
34127,sloyd,16508,0.14537213262546328,5.135238649867091e-09
4932,slugs,450646,0.8764900330561955,6.413236576463532e-07
27320,sluit,24797,0.3158369227687068,1.3777808542947412e-08
3473,slump,878659,0.9130271461484524,1.6524638408554893e-06
4852,slums,463980,0.8784934388460383,1.5608235889885692e-06
6809,slung,253265,0.8294851247120104,1.2496288854890736e-06
20095,slunk,40167,0.4967695081638786,2.4061259111363144e-07
4694,slurp,495920,0.8824501652809776,9.3087445485196e-08
7375,slurs,220561,0.8153110287488731,2.957492816335616e-07
5329,slush,389608,0.866548131824101,4.499469673646672e-07
1019,sluts,8430809,0.9744816187518782,7.277771793212651e-08
11355,slyly,103507,0.7156415907041971,3.8237361479787066e-07
2706,smack,1451860,0.9322347991585695,1.0156816409789826e-06
62,small,208371878,0.9984473605128719,0.0003132728044874
370,smart,36636558,0.9907342482219773,9.97936021121859e-06
1783,smash,3192001,0.9553490934588801,1.3426027828700172e-06
2868,smear,1289528,0.928177902434138,1.8000833233600132e-06
1168,smell,6642666,0.9707502754682961,1.370341513393214e-05
6196,smelt,301053,0.8448362215766804,9.225919995969888e-07
724,smile,13893537,0.9818691776019233,3.4533392572484445e-05
5228,smirk,403780,0.8690774316337774,8.402227864223733e-07
6565,smite,270393,0.8355955123710308,3.352719727445219e-07
234,smith,63357901,0.99414003806471,7.067042872677121e-07
7707,smits,204616,0.8069968947210258,1.142976173151844e-09
7379,smock,220361,0.8152108584593809,3.019596468334385e-07
631,smoke,16567733,0.9841981368326155,1.9727081235032528e-05
2412,smoky,1818184,0.9395973154362416,1.0726361620072567e-06
10882,smolt,111459,0.7274867274366423,1.6499749179388344e-07
25382,smoor,27737,0.364369428027647,1.8994699890750868e-09
7466,smoot,216470,0.813032154662927,7.441271359098778e-09
6477,smote,276278,0.8377992587398577,5.308218959498845e-07
21293,smush,36448,0.46676850646098367,4.039074307793378e-09
12769,smuts,84644,0.6802313933687268,4.663325881892889e-08
1627,snack,3847152,0.9592557347490734,2.16466809774829e-06
7051,snafu,239431,0.8234248221977362,3.7017806384653793e-08
6012,snags,318312,0.8494440548933186,5.355338259960262e-07
2585,snail,1580640,0.9352649504157067,1.5917760151751282e-06
1089,snake,7606395,0.9727286386857658,6.1378277678159066e-06
31968,snaky,18580,0.19943904637884405,6.83528439537895e-08
2654,snaps,1512455,0.9335370129219673,8.476875620999636e-07
2848,snare,1311615,0.9286787538815987,9.917176362250757e-07
11285,snarf,104552,0.7173945707703095,3.121279013168498e-09
4891,snark,457068,0.87751677852349,2.6103761623375026e-08
8146,snarl,184639,0.7960032054492637,5.304884146539734e-07
8378,snead,175337,0.7901933286587198,1.0622720617026183e-09
2139,sneak,2280877,0.9464339376940799,1.7364122481922095e-06
34084,sneap,16545,0.14644896323750375,5.24086083142361e-10
8714,sneed,164701,0.7817790243413804,3.012553438930254e-09
7732,sneer,203583,0.8063708304116999,7.605459347814758e-07
3711,snell,767608,0.9070670139236703,1.0513803445633132e-08
28374,snick,23113,0.2894420514875288,3.877442425803679e-08
7068,snide,238032,0.8229990984673946,2.08194031046105e-07
3197,sniff,1041321,0.9199388961234098,8.937214806792327e-07
5088,snipe,425778,0.8725833917660022,2.385542521210482e-07
5901,snips,329153,0.8522237804267254,1.040864572132705e-07
8718,snobs,164598,0.7816788540518882,1.3383297741143e-07
36582,snoek,14498,0.08389261744966443,1.3072079330100906e-08
37132,snoke,14088,0.07011920264449564,2.416197464882863e-09
13180,snood,80464,0.6699388961234098,2.3118305758629283e-08
6255,snook,295873,0.8433587098066714,6.566081815151394e-08
1910,snoop,2787168,0.9521686867675048,1.4310164637265645e-07
22574,snoot,33126,0.43468897125112693,2.33537150862162e-08
6281,snore,294125,0.8427076029249725,2.9026789675867805e-07
2640,snort,1522943,0.9338876089351899,6.82915078868973e-07
6741,snout,258314,0.8311880196333767,1.1071190181155545e-06
5684,snows,350890,0.8576580186316738,6.749559975105513e-07
2548,snowy,1631719,0.9361915255935089,1.1990831671937483e-06
12089,snubs,92798,0.6972603425823901,5.1841105559447e-08
6506,snuck,274495,0.8370730241410398,4.743099291815156e-07
3513,snuff,861230,0.912025443253531,8.495678150666209e-07
8687,soaks,165469,0.7824551737954523,2.1022724268959798e-07
2092,soaps,2347810,0.9476109385956125,8.523984956809727e-07
6170,soapy,303519,0.8454873284583793,3.57946498468209e-07
4841,soars,465187,0.8787689071421416,3.0287370549331173e-07
16652,soave,54998,0.5829910848442352,1.028974280004036e-08
2519,sober,1672710,0.936917760192327,3.405594252399169e-06
38658,socko,13096,0.03190423720324552,5.317995823705957e-09
1008,socks,8632058,0.9747570870479816,2.781637692805816e-06
33336,socle,17222,0.1651808073725333,7.477389214471941e-08
6212,sodas,299348,0.8444355404187118,2.3745796838170465e-07
15458,soddy,62104,0.612891916257638,4.4287335221326886e-08
27213,sodic,24953,0.31851647801262145,2.5838814657674905e-07
5238,sodom,402032,0.8688270059100471,5.373982283618517e-09
17814,sofar,49346,0.5538916157467695,8.673069892495279e-08
2378,sofas,1871940,0.9404487628969248,5.025108887934948e-07
8775,softs,162553,0.7802514274266252,8.769627539706448e-09
16485,softy,55906,0.587173194430532,3.638466560929032e-08
5880,soggy,331525,0.8527496744465591,5.266706017437173e-07
1423,soils,4789565,0.9643644195131724,2.360641842642508e-05
32294,soken,18213,0.1912751677852349,1.2080668876368603e-09
7895,sokol,195506,0.8022888911148953,2.604440461073665e-09
16404,solan,56393,0.5892016427927477,1.0501510376847989e-08
552,solar,20423792,0.9861765000500852,2.662317081558285e-05
7288,solas,225662,0.8174897325453271,2.012918603355729e-08
27618,solde,24298,0.30837423620154264,2.3869442440371813e-08
12046,soldi,93203,0.6983371731944306,6.045911490559776e-08
34033,soldo,16595,0.1477261344285285,7.407576387841175e-09
11395,soled,102946,0.7146398878092758,1.8730021665192005e-07
34183,solei,16449,0.14396974857257339,2.469833010887434e-09
9478,soler,142747,0.7626464990483822,9.503541060773556e-09
3728,soles,765275,0.9066412901933286,1.5455476250281208e-06
362,solid,37426444,0.9909345888009616,4.851250843785237e-05
4550,solon,527040,0.8860562957026946,8.617656472864609e-09
2941,solos,1222232,0.9263497946509065,6.422249424531401e-07
12624,solum,86424,0.6838625663628168,2.963981891923595e-07
8118,solus,185496,0.7967043974757088,7.261581984607802e-08
747,solve,13452150,0.9812931984373435,2.260003562696511e-05
12141,soman,92060,0.6959581288189923,6.583891522637941e-08
17409,somas,51354,0.5640338575578483,1.7520170505491705e-08
2817,sonar,1341822,0.9294550736251628,1.1481228136744904e-06
13372,sonde,78672,0.6651307222277872,9.716032209894365e-08
14080,sones,72334,0.647400580987679,3.269961666774179e-08
290,songs,49272598,0.9927376540118201,1.6946846972132335e-05
1115,sonic,7298920,0.9720775318040669,1.5037931621009192e-06
5477,sonne,372095,0.8628418311128919,3.3289613298848054e-07
2285,sonny,2004845,0.9427777221276169,1.0223342982840225e-07
9547,sooth,141125,0.7609185615546429,1.9980808090735997e-07
7386,sooty,220245,0.8150355604527697,3.501511235981525e-07
13721,sophy,75315,0.6563908644695983,1.8738878964086324e-08
33619,sopor,16980,0.15809375939096465,6.685752902413356e-09
21087,soppy,36978,0.47192727636982873,4.9735994807065255e-08
11169,sopra,106565,0.7202995091655815,1.575859830893478e-07
30895,soras,19792,0.2263097265351097,2.255371802650785e-09
16747,sorbo,54561,0.580612040468797,2.379641073080308e-09
19490,sorbs,42461,0.5119202644495643,1.1408793056943977e-08
37378,sordo,13913,0.06395872984072924,5.8191580754041185e-09
17601,sored,50450,0.5592256836622258,6.247439952034028e-08
5363,sorel,385306,0.8656966843634178,3.8508223898503505e-09
3221,sores,1024935,0.919337874386457,1.025291046516941e-06
21520,sorex,35839,0.46108384253230494,2.630722727436918e-09
381,sorry,35595812,0.9904587799258739,2.360698295888142e-05
3524,sorta,855998,0.9117499749574276,1.5364948936280597e-07
1231,sorts,6005834,0.9691725934087949,1.1161215606989572e-05
14698,souce,67590,0.6319242712611439,1.517869666844973e-08
34193,sough,16442,0.14371932284884303,4.2130793467265446e-08
21829,souks,34993,0.4533456876690374,3.3014270943709794e-08
1325,souls,5416970,0.9668185916057297,8.958113439803129e-06
157,sound,100010833,0.9960683161374336,8.412053401116282e-05
2227,soups,2141445,0.9442301913252529,9.494097253082144e-07
11925,soupy,94968,0.7013673244515677,7.5100122600702e-08
13305,sours,79324,0.6668085745767806,6.223947316641443e-08
43,south,238581133,0.9989231693879596,5.542598315514624e-05
10754,sowed,113771,0.7306921767003907,4.150834377014689e-07
9678,sower,137381,0.7576379845737754,1.551567103774687e-07
39305,sowle,12787,0.015701692877892418,1.2861012317344493e-08
22322,soyle,33710,0.44099969948913154,1.2969107610061317e-08
5514,soyuz,367639,0.8619152559350897,4.384275658075864e-09
131,space,121505269,0.9967194230191325,0.0001374197429686
20370,spacy,39233,0.4898828007612942,9.314675268878858e-09
2601,spade,1567565,0.9348642692577381,1.006413026516384e-06
281,spain,51553238,0.9929630371631774,5.758960522683766e-08
3943,spake,688769,0.9012571371331263,9.714178935382733e-07
13208,spall,80157,0.6692377040969648,1.3973781637588445e-07
5952,spams,323676,0.8509466092357006,7.516902669202353e-09
19851,spang,41109,0.5028798958228989,9.526326829600862e-09
1326,spank,5416004,0.9667935490333567,2.050017968713292e-07
2517,spans,1675632,0.936967845337073,2.655053881426284e-06
896,spare,10009522,0.9775618551537614,9.95078808045946e-06
1419,spark,4842423,0.9644645898026646,4.716041758001666e-06
7728,spars,203700,0.806471000701192,2.846676881063104e-07
24306,spart,29561,0.39131523590103173,6.868623190214862e-09
5311,spasm,391339,0.8669988981268156,1.472002511491155e-06
5619,spate,357156,0.8592857858359211,6.621142358653742e-07
13383,spats,78562,0.6648552539316839,1.0491211924090749e-07
2349,spawn,1908837,0.9411749974957427,1.1749043210329543e-06
19828,spaza,41173,0.5034558749874787,6.479189691571685e-09
18661,spazz,45477,0.5326805569468096,1.5487558852750327e-09
427,speak,31324712,0.9893068215967145,6.071552124922164e-05
23738,spean,30703,0.40553941700891516,1.2349161282454447e-09
1858,spear,2942538,0.9534709005309026,2.97861033686786e-06
3753,speck,757962,0.9060152258840029,7.183944200050973e-07
473,specs,26029159,0.9881548632675549,7.101474932369456e-07
5423,spect,378697,0.8641941300210357,3.256563570630533e-07
189,speed,83135749,0.9952669538214965,6.369872833602131e-05
17561,speel,50603,0.5602273865571471,1.751198061228365e-08
5251,speer,400248,0.8685014524691976,7.00608449033524e-09
28200,speir,23387,0.29379945908043675,6.6296857825776105e-09
1015,spell,8506049,0.9745817890413704,7.717104317634948e-06
5056,spelt,431427,0.8733847540819393,8.59708286498062e-07
466,spend,26713310,0.9883301612741661,3.144077469187323e-05
443,spent,29719451,0.9889061404387459,5.7526828604750336e-05
1243,sperm,5944531,0.9688720825403185,5.55661553335085e-06
9200,spews,150306,0.7696083341680857,6.044186548592735e-08
9488,spica,142550,0.7623960733246519,6.088933048431499e-08
1126,spice,7120274,0.9718020635079635,1.6268879721792472e-06
26950,spick,25431,0.3251026745467294,5.7912783830715854e-08
1789,spicy,3170817,0.9551988380246419,1.2625118995401862e-06
6278,spied,294373,0.8427827306420915,8.531042050208271e-07
3603,spiel,811922,0.9097716117399579,1.4557116003288685e-07
8258,spier,180057,0.7931984373434839,3.6146343784793075e-09
1271,spies,5756937,0.9681708905138736,1.9605106263043126e-06
13851,spiff,74236,0.6531353300611039,1.02445436356291e-08
1420,spike,4833410,0.9644395472302915,2.8514471614471404e-06
8232,spiky,181090,0.7938495442251828,3.507659954493648e-07
1618,spill,3890646,0.9594811179004308,4.902762684650952e-06
7506,spilt,214786,0.8120304517680056,3.7624794202884004e-07
4820,spina,468643,0.8792948011619753,4.261591124077313e-07
1335,spine,5370074,0.9665681658819995,9.036254223246942e-06
7731,spink,203615,0.8063958729840729,3.197241804642203e-09
2736,spins,1421064,0.9314835219873785,1.9755829589485075e-06
5540,spiny,366114,0.8612641490533908,7.154624177019287e-07
3834,spire,725421,0.903986777521787,7.370368871306709e-07
15842,spirt,59629,0.6032755684663929,1.693231657107219e-08
1487,spite,4493143,0.9627616948812983,2.184778175433166e-05
5977,spits,321273,0.8503205449263749,4.575548808816166e-07
5681,spitz,351048,0.8577331463487929,1.2532032398482328e-08
5682,splat,350981,0.8577081037764199,1.41255605257129e-07
10232,splay,124026,0.7437643994791145,1.9732211910650225e-07
560,split,19998411,0.9859761594711008,2.162385655537946e-05
19648,splog,41784,0.5079635380146249,6.8453878336594e-10
4727,spode,487640,0.8816237603926675,1.100573249201986e-09
2737,spoil,1419320,0.9314584794150055,2.99023097340978e-06
813,spoke,11577917,0.9796403886607232,3.889055264153285e-05
3408,spoof,907481,0.9146549133526996,2.256680647860776e-07
6008,spook,318653,0.8495442251828108,2.196429414880186e-07
2663,spool,1499516,0.93331162977061,8.615688625468465e-07
1591,spoon,4000406,0.9601572673545027,3.5059181232099947e-06
9896,spoor,131836,0.752178703796454,1.1107970479429241e-07
4284,spore,589081,0.8927176199539216,1.5105224156286567e-06
8732,spork,164168,0.7813282580386657,7.146173262029265e-09
237,sport,62683851,0.9940649103475909,1.3081244524073557e-05
889,spots,10109662,0.9777371531603727,1.1036104024242376e-05
3414,spout,905624,0.9145046579184614,7.62877995157396e-07
14440,sprat,69321,0.6383852549333867,7.321630661749624e-08
668,spray,15148133,0.9832715616548132,9.555104425089668e-06
29830,spred,21115,0.25298006611239104,1.9216913909048115e-08
2948,spree,1218040,0.9261744966442953,5.267473522962973e-07
9442,sprig,143773,0.7635480316538115,3.242065656650084e-07
12357,sprit,89293,0.6905489331864169,4.4022032312796e-08
12988,sprog,82267,0.6747470700190323,1.0893213646667732e-08
10987,sprue,109524,0.7248572573374737,2.317740334945029e-07
11469,spuds,101849,0.7127867374536713,8.187535030401706e-08
5223,spunk,404915,0.8692026444956426,1.6566966351660994e-07
13307,spurn,79323,0.6667584894320344,1.852090963438968e-07
2125,spurs,2295629,0.9467845337073024,1.2642125489037423e-06
5928,spurt,325911,0.8515476309726535,7.90254056255435e-07
17516,squab,50789,0.5613543023139337,6.369078256796001e-08
999,squad,8744772,0.9749824701993389,3.203858773304092e-06
3374,squat,925062,0.9155063608133828,1.1795358261679211e-06
4854,squaw,463592,0.8784433537012922,2.3388902150145442e-07
10801,squib,112968,0.729515175798858,8.39347818271108e-08
1629,squid,3828491,0.9592056496043273,1.1666979980873292e-06
38637,squiz,13110,0.03243013122307924,1.9802651213263188e-09
6594,stabs,268482,0.8348692777722128,2.828052038239548e-07
842,stack,11090579,0.9789141540619052,8.267219527624547e-06
5707,stade,347571,0.857082039467094,4.1998308724089386e-08
94,staff,151553180,0.9976459981969348,0.0001051861277665
278,stage,52518330,0.9930381648802965,9.82419794308953e-05
6380,stags,285274,0.8402283882600421,1.9330762654590217e-07
7929,staid,194345,0.8014374436542122,5.353294847054713e-07
1704,stain,3512824,0.9573274566763498,4.367322267171403e-06
2284,stair,2012524,0.94280276469999,1.4412980885936125e-06
1380,stake,5061965,0.9654412501252129,9.339954658571514e-06
3147,stale,1065657,0.9211910247420615,2.0003357735731696e-06
3356,stalk,936028,0.9159571271160973,2.310790621322667e-06
2237,stall,2114252,0.9439797656015226,3.4311223271288327e-06
914,stamp,9760468,0.9771110888510468,7.4835548275586914e-06
303,stand,46292709,0.9924121005709706,6.395868069375866e-05
18597,stane,45697,0.5342832815786838,3.125621567789949e-08
3110,stang,1081839,0.9221175999198638,1.1757012599034056e-08
11541,stank,100733,0.7109836722428128,2.790117760298472e-07
8497,staph,171410,0.7872132625463287,6.360300581320643e-08
2336,stare,1925618,0.9415005509365922,5.927547372266417e-06
1713,stark,3479265,0.9571020735249924,3.1709260701973107e-06
31951,starn,18604,0.1998647701091856,3.879776662163437e-09
1771,starr,3240045,0.9556496043273565,9.08337802130177e-08
253,stars,58352743,0.9936642291896224,2.1987066720612347e-05
86,start,161913408,0.9978463387759191,8.551543694920838e-05
2610,stash,1553737,0.9346388861063808,4.467984128098124e-07
10,state,453104133,0.9997495742762696,0.0004193688358645
405,stats,33096627,0.9898577581889212,4.589011319922065e-07
5565,stave,363443,0.8606380847440649,6.839809384473483e-07
1304,stays,5547528,0.9673444856255634,5.212576902522415e-06
3835,stead,724786,0.903961734949414,1.378184210807376e-06
1499,steak,4413680,0.9624611840128218,2.1468937211466253e-06
1207,steal,6257493,0.9697736151457478,5.218709220571327e-06
838,steam,11141309,0.9790143243513973,1.865503838416771e-05
27357,stear,24734,0.3149103475909045,5.117198913495713e-09
32033,stede,18504,0.19781127917459682,2.0527947999227086e-08
3904,steed,701658,0.9022337974556747,5.298915459661657e-07
289,steel,49452604,0.9927626965841931,4.886709761194652e-05
25021,steem,28290,0.37340979665431234,5.405865786123343e-09
4309,steen,581515,0.8920915556445959,1.7100869875719128e-08
1729,steep,3399504,0.9567013923670239,9.295109848608262e-06
2218,steer,2159937,0.9444555744766102,2.716021267588076e-06
17905,steil,48974,0.5516127416608234,2.241763868982005e-09
1617,stein,3893544,0.9595061604728038,1.463219567199303e-07
17130,stela,52675,0.5710207352499249,1.921516815173163e-07
13629,stele,76134,0.6586947811279175,4.003067397206905e-07
11771,stell,97231,0.7052238805970149,1.6423693303124766e-08
1747,stems,3336905,0.9562506260643093,9.648501090850914e-06
7785,steno,201103,0.8050435740759291,7.741299661745416e-08
4137,stent,630695,0.8963988780927576,9.407512716563816e-07
354,steps,38254292,0.991134929379946,6.126279084128327e-05
36144,stere,14790,0.0948612641490534,1.3092464445918496e-08
1449,stern,4643592,0.9637133126314735,4.825799514946993e-06
23062,stets,32019,0.42246819593308627,2.0167209999755183e-08
4582,stews,519188,0.8852549333867575,3.21144981398902e-07
9361,stich,146019,0.7655764800160273,2.742786348264304e-08
514,stick,22399126,0.9871281178002604,1.585639955010265e-05
21959,sties,34650,0.4500901532605429,6.052035988801663e-08
1708,stiff,3492842,0.9572272863868576,7.171782317527686e-06
5659,stile,353280,0.8582840829409997,3.687081036218842e-07
71,still,190433487,0.9982219773615145,0.0003193967195693
8050,stilt,188393,0.798407292397075,1.3053667345275248e-07
14935,stime,65680,0.6259891816087348,6.091534192620429e-09
14985,stims,65454,0.6247370529900831,3.728018673210265e-09
1915,sting,2773263,0.9520434739056396,2.118574502674164e-06
3492,stink,872742,0.9125513372733647,9.400742629850356e-07
3526,stint,855795,0.9116998898126816,9.434213791337244e-07
21470,stipa,35952,0.46233597115095665,4.9312245187227435e-09
8017,stipe,189957,0.7992336972853852,2.472765358874085e-07
38374,stirk,13276,0.03901632775718722,3.534083601319793e-09
5081,stirs,426699,0.8727586897726134,6.879928423586534e-07
17788,stoat,49468,0.5545427226284684,5.366403506457119e-08
81,stock,176295589,0.9979715516377843,8.019724271434824e-05
6545,stoic,272080,0.8360963638184914,5.329158045697114e-07
2010,stoke,2552684,0.9496644295302014,1.780131796635942e-07
1900,stole,2814273,0.9524191124912351,3.71225729395519e-06
10314,stoma,122408,0.7417109085445257,3.9834851463638186e-07
3001,stomp,1168038,0.9248472403085245,2.920816596940768e-07
37347,stond,13934,0.0647350495842933,2.2201637150942587e-08
325,stone,42494931,0.9918611639787639,3.671251080959337e-05
12407,stong,88745,0.6892968045677652,3.5827379019082175e-08
2351,stony,1907651,0.9411249123509967,1.5766235992487054e-06
840,stood,11116275,0.9789642392066513,6.079096565372311e-05
1836,stool,3031945,0.9540218371231093,3.901129784935619e-06
5585,stoop,360440,0.8601372332966042,9.429857004761288e-07
31672,stope,18912,0.20685164780126214,1.485560702718658e-07
972,stops,9118589,0.9756586196534108,1.012437058307114e-05
30493,stopt,20275,0.2363768406290694,6.46613560206788e-08
28,store,291308910,0.9992988079735551,3.895665355230449e-05
3821,stork,728360,0.9043123309626365,2.6661958344220695e-07
520,storm,22242164,0.9869778623660223,1.6963898688118206e-05
106,story,138433809,0.9973454873284584,0.0001013023016275
5011,stott,438727,0.8745116698387259,3.290737853323122e-09
9225,stour,149756,0.7689822698587598,7.148416578672822e-09
2331,stout,1939514,0.9416257637984574,2.6034492429971577e-06
1608,stove,3914849,0.959731543624161,4.608018016369897e-06
24316,stows,29544,0.39106481017730144,2.5804249190741762e-08
24081,strad,30021,0.39694981468496443,4.2683976775315105e-09
821,strap,11414669,0.9794400480817389,2.4516534995200343e-06
1601,straw,3958211,0.9599068416307723,6.637870073973318e-06
2423,stray,1807545,0.9393218471401382,2.7987640396531788e-06
4211,strep,608154,0.8945457277371531,1.5090954882168717e-07
22893,strew,32385,0.426700390664129,1.056655413833596e-07
20137,stria,40045,0.49571772012421117,2.3487294413371278e-07
583,strip,18711440,0.9854001803065211,1.3491019635694102e-05
15308,strop,63137,0.6166483021135931,5.2587502423762094e-08
22389,stroy,33541,0.4393218471401382,1.9336940884073784e-08
7455,strum,216746,0.8133076229590304,1.0750954103855293e-07
2883,strut,1271153,0.9278022638485425,9.393988739248016e-07
3118,stubs,1076600,0.9219172593408795,4.816993362055655e-07
971,stuck,9120620,0.9756836622257838,1.2277539108254132e-05
17446,stude,51128,0.563107282380046,2.7643664584076083e-08
1778,studs,3215366,0.9554743063207453,1.1276306418039894e-06
93,study,152978354,0.9976710407693078,0.000288727072766
191,stuff,81444510,0.9952168686767505,1.7904266260302394e-05
7237,stull,228078,0.8187669037363517,4.399079173156295e-09
20232,stumm,39724,0.49333867574877294,6.732644863838288e-09
2798,stump,1357079,0.9299308825002505,1.9119388207400333e-06
5225,stung,404657,0.8691525593508965,1.3385650379404978e-06
13595,stunk,76458,0.6595462285886006,7.48104102044067e-08
8829,stuns,161099,0.7788991285184814,5.5799499705244674e-08
2452,stunt,1754828,0.9385956125413203,9.050177925473692e-07
10570,stupa,117550,0.7353000100170289,3.234780965044593e-07
26412,sture,26313,0.3385755784834218,1.2315857951250564e-08
6386,sturt,284766,0.8400781328258039,2.7119603118741507e-09
23448,styes,31241,0.41280176299709503,1.51833990358341e-08
152,style,101024266,0.9961935289992988,6.0348016704665495e-05
4592,styli,517320,0.8850045076630272,5.539311745295096e-08
11243,stylo,105215,0.718446358809977,7.143120576813544e-08
5818,suave,336960,0.8543023139336873,3.398905184326396e-07
13183,suber,80439,0.6698637684062907,2.1244485495230946e-08
32831,subha,17689,0.17782730642091554,5.659885762288042e-09
38458,succi,13224,0.03691275167785235,4.263476267585275e-09
1076,sucks,7743126,0.9730541921266153,7.227790212027685e-07
7765,sucky,202236,0.8055444255233898,1.5989723411991013e-08
4362,sucre,569392,0.890764299308825,4.275240620188469e-08
20211,sudsy,39819,0.49386456976860665,4.177696293794497e-08
1605,suede,3941313,0.9598066713412802,3.456385155686803e-07
513,sugar,22450333,0.9871531603726335,3.082228562561795e-05
3590,suing,816011,0.9100971651808074,9.754374696058222e-07
312,suite,44829675,0.9921867174196134,5.934441996942042e-06
1060,suits,7986526,0.9734548732845838,9.348776184197049e-06
38608,sukuk,13132,0.033156365821897224,4.2667253686082267e-08
29648,sulci,21352,0.2575378142842833,1.8503255603263826e-07
13120,sulfa,81028,0.6714414504657918,1.681409838738546e-07
33686,sulfo,16910,0.15641590704197136,5.242712337150125e-08
27751,sulks,24093,0.3050435740759291,6.203437671103983e-08
8986,sulky,156355,0.774967444655915,3.035179113908271e-07
4882,sully,458846,0.8777421616748472,1.1044872053389558e-07
18142,sulph,47919,0.5456776520084143,2.2493303504234064e-08
8234,sumac,181045,0.7937994590804367,1.8351291714679973e-07
4462,summa,545031,0.8882600420715215,5.141234649386206e-07
31695,sumos,18889,0.20627566863668237,1.441845236260786e-09
13441,sumps,77965,0.6634027847340479,1.2076216883372125e-07
8034,sunna,188874,0.7988079735550436,7.705410979497174e-08
937,sunny,9497382,0.976535109686467,3.350666843289218e-06
24059,sunup,30047,0.3975007512771712,1.0383101866295876e-07
223,super,66703287,0.9944155063608133,8.221069056162377e-06
15622,supes,60952,0.6087849343884604,4.908435466965955e-09
1520,supra,4329457,0.961935289992988,2.6377715012131376e-05
5951,surah,323774,0.8509716518080738,5.283951432843992e-08
22847,sural,32482,0.4278523489932886,1.2149424918561636e-07
24699,suras,28851,0.38147350495842935,4.495969623263818e-08
3803,surat,736651,0.9047630972653511,3.123465056376062e-08
9803,sured,134046,0.7545076630271461,1.4347834166983376e-07
13949,surer,73497,0.6506811579685465,3.36254086050758e-07
8890,sures,159115,0.7773715316037263,1.8831346523029425e-07
9521,surfs,141721,0.7615696684363418,2.8163219312205e-08
29229,surfy,21936,0.26803065210858457,2.2529195642384542e-09
1323,surge,5436623,0.9668686767504758,5.254743664409034e-06
5476,surly,372213,0.8628668736852649,4.734197526090611e-07
1710,sushi,3488691,0.9571772012421116,4.473128636206525e-07
18295,sutor,47130,0.5418461384353401,6.652482995583853e-09
2587,sutra,1580071,0.9352148652709606,4.2635495589138373e-07
9981,sutta,129787,0.750050085144746,6.518537659871981e-08
5959,swabs,322684,0.8507713112290894,4.138267871667267e-07
21220,swage,36605,0.46859661424421517,2.7614643673956612e-08
9661,swags,137708,0.758063708304117,9.077412371993888e-08
35021,swail,15702,0.12298407292397075,6.213398343057894e-10
3679,swain,779597,0.9078683762396074,1.0642879544775497e-07
7833,swale,198985,0.8038415306020235,1.1551595378023193e-07
3426,swami,900023,0.914204147049985,6.851748572955787e-08
2006,swamp,2575587,0.9497645998196935,2.8992259331062087e-06
10985,swamy,109555,0.7249073424822198,6.354609813907786e-09
30873,swang,19816,0.22686066312731643,8.946244554053351e-09
3928,swank,695208,0.9016327757187218,8.360281739783203e-08
3152,swans,1063572,0.9210658118801963,6.85911339814993e-07
3088,swaps,1097437,0.9226685365120705,9.943811009804904e-07
13358,sward,78801,0.6654813182410098,2.90750917031346e-07
16269,sware,57104,0.5925823900631073,6.806383701984942e-08
32807,swarf,17705,0.17842832815786838,5.282919035565215e-08
3015,swarm,1158175,0.924496644295302,1.601172600658174e-06
8789,swart,162262,0.7799008314134028,4.8886460994879146e-08
6627,swash,265955,0.8340428728839027,1.3802696102516168e-07
5014,swath,438339,0.8744365421216067,5.962162475725563e-07
22210,swats,33987,0.4438044675949113,4.469019661001994e-08
13711,sways,75398,0.6566412901933286,1.981716232535291e-07
1820,swear,3082372,0.9544225182810778,4.964346580891288e-06
1475,sweat,4551615,0.9630622057497746,7.304184396161872e-06
5463,swede,373827,0.8631924271261144,3.853809772635941e-08
37664,sweed,13739,0.05679655414204147,6.878019320755155e-10
1674,sweep,3623863,0.9580787338475408,5.7980429210147125e-06
415,sweet,32311923,0.9896073324651908,2.195900860897382e-05
2188,swell,2213445,0.9452068516478013,3.4641961383385934e-06
1990,swept,2612095,0.9501652809776621,9.10146850401361e-06
1261,swift,5850031,0.968421316237604,4.4307733878667935e-06
28753,swigs,22572,0.27995091655814885,3.8946804981065954e-08
12146,swill,92032,0.6958329159571272,1.1532379801337813e-07
5310,swims,391399,0.8670239406991886,4.57430115261559e-07
2589,swine,1578713,0.9351647801262145,3.1416886054103087e-06
770,swing,12734467,0.9807172192727637,7.983218338267762e-06
15718,swink,60284,0.6063808474406491,2.6872582603587604e-09
4564,swipe,524034,0.8857056996894721,4.813519723256831e-07
11561,swire,100466,0.7104828207953521,1.579184216726759e-09
2907,swirl,1251090,0.9272012421115897,1.2423300438513253e-06
3328,swish,949054,0.9166583191425424,3.284608158082847e-07
535,swiss,21324437,0.9866022237804267,8.063131225810593e-08
18863,swith,44669,0.5276219573274566,8.199188923363465e-09
18556,swizz,45863,0.5353100270459782,1.1967372896826146e-09
6888,swoon,248694,0.8275067614945407,3.1667073415064804e-07
4826,swoop,467481,0.8791445457277371,5.295415132877679e-07
987,sword,8835685,0.9752829810678153,1.2332357864579534e-05
4028,swore,663914,0.8991285184814184,2.892423815410439e-06
2100,sworn,2332355,0.9474105980166283,4.879010466538603e-06
3497,swung,867135,0.9124261244114995,6.161571036500391e-06
5721,sybil,346919,0.8567314434538715,1.4425545646901128e-08
3542,sykes,847255,0.911299208654713,4.8567143462463495e-09
19000,sylph,44120,0.524191124912351,3.9483926315142527e-08
8991,sylva,156204,0.7748422317940499,5.3008648359664794e-09
4230,synch,603920,0.8940699188620655,1.637277350141631e-07
10143,syncs,125756,0.7459931884203146,2.2905362371261617e-08
34096,synes,16535,0.14614845236902735,6.8435900302255e-09
3090,synod,1095269,0.9226184513673245,6.677800348597884e-07
2497,synth,1697095,0.9374686967845337,1.580386241428755e-07
4758,syrah,480410,0.8808474406491035,1.3893557590516361e-08
16575,syren,55371,0.5849193629169588,1.097463997901116e-08
1816,syrup,3108136,0.95452268857057,2.949017500668561e-06
4551,sysop,526687,0.8860312531303215,1.494731598668253e-08
25601,sythe,27462,0.35888510467795254,4.3414354156112734e-09
4650,tabby,504455,0.8835520384653912,1.8521125824122465e-07
5757,taber,342966,0.8558299108484424,5.3396979726727524e-09
13512,tabid,77335,0.6616247620955624,9.600158099587474e-09
5122,tabla,420412,0.8717319443053191,9.314333610177529e-08
85,table,165341452,0.9978713813482921,0.0001194152914104
1823,taboo,3079923,0.9543473905639587,1.6964446012934786e-06
3564,tabor,834301,0.9107482720625063,5.7544631744121946e-08
26933,tabun,25447,0.32552839827707103,2.4782821856916826e-08
14891,tabus,66004,0.6270910547931483,2.4564528793291632e-08
23251,tacan,31613,0.4177351497545828,4.2516315412743925e-09
17520,tache,50780,0.5612541320244415,3.0474706633754073e-08
8682,tacho,165560,0.7825803866573174,1.2225819370215163e-08
32930,tachs,17611,0.17534809175598517,2.625449690707437e-09
4268,tacit,594255,0.8931183011118902,2.213719883457088e-06
5782,tacks,340393,0.8552038465391165,3.477199254575681e-07
4583,tacky,519106,0.8852298908143844,3.819137748450885e-07
4615,tacos,512088,0.8844285284984473,2.39718222090346e-07
21904,tacts,34801,0.4514674947410598,6.87869203197522e-08
5187,taffy,411033,0.8701041771010718,9.561392467105633e-08
7619,taiga,209181,0.8092006410898528,2.377354300620027e-07
8907,taiko,158469,0.7769458078733847,3.1742018027358654e-08
2131,tails,2287798,0.9466342782730642,3.325541051708569e-06
8925,tains,158156,0.7764950415706702,2.078949331973945e-07
5449,taint,375008,0.8635430231393368,8.591892924414424e-07
15224,taira,63794,0.618751878192928,2.2210301464653524e-09
178,taken,87019836,0.9955424221175999,0.0002123707509599
4150,taker,625940,0.8960733246519083,8.412187469275522e-07
256,takes,57784233,0.9935891014725032,7.666485238587484e-05
5433,takin,377723,0.8639437042973054,2.569834799714954e-07
16208,takis,57486,0.5941099869778623,4.2843366943046145e-09
24654,talaq,28949,0.3826004207152159,5.413497364159525e-08
22139,talar,34181,0.4455824902333968,1.0481407077378437e-07
19197,talas,43491,0.5192577381548633,2.2019516583426936e-08
19508,taler,42377,0.5114694981468496,2.7335022725338837e-08
831,tales,11222332,0.9791896223580087,8.198366112992516e-06
661,talks,15484166,0.9834468596614244,1.5466021686734166e-05
17604,talky,50436,0.5591505559451067,3.707936908625698e-08
19083,talls,43808,0.5221125914053891,8.75958038104585e-09
2417,tally,1812605,0.9394721025743764,1.4493303956442106e-06
32690,talma,17793,0.18135830912551337,1.970610364887548e-09
3519,talon,858061,0.9118751878192928,1.0551319050478017e-07
18049,talpa,48306,0.5480066112391064,4.44533496679611e-09
16517,taluk,55706,0.5863718321145948,2.504291170168926e-07
9032,talus,155055,0.7738154863267555,5.558076759371033e-07
28425,tamal,23048,0.28816488029650406,7.865222655389914e-09
7040,tamed,239956,0.8237002904938395,7.085734011980094e-07
5634,tamer,355602,0.8589101472503256,1.5231516229619048e-07
10792,tames,113169,0.7297405589502154,5.8319550788610283e-08
2274,tammy,2025634,0.9430531904237204,8.90556347332705e-09
24361,tamps,29488,0.38993789442051485,1.5559458059755115e-08
6630,tanga,265576,0.8339677451667835,1.2898453007892385e-08
24055,tangi,30054,0.3976009215666633,2.5766272298000105e-08
1932,tango,2727306,0.951617750175298,4.137629260014819e-07
18278,tangs,47230,0.5422718621656817,4.657178291012087e-08
5853,tangy,333638,0.853425823900631,2.335371998185565e-07
9418,tanka,144512,0.7641490533907643,8.36617766708514e-08
1014,tanks,8526525,0.9746068316137434,1.329913084191503e-05
15285,tanna,63370,0.6172242812781729,1.2840838570227221e-08
13547,tansy,77016,0.6607482720625063,6.034913113239782e-08
15367,tanti,62782,0.6151707903435841,3.175968398494433e-08
4570,tanto,521483,0.8855554442552339,3.463521292701444e-07
4314,tapas,580527,0.8919663427827307,2.6215550846586666e-07
2631,taped,1534342,0.9341129920865471,1.971487399714533e-06
2866,taper,1294069,0.9282279875788841,1.37562557029014e-06
919,tapes,9719559,0.9769858759891816,6.7526937300499416e-06
12587,tapir,86809,0.6847891415406191,9.37644338705468e-08
10496,tapis,118812,0.7371531603726335,2.6859134614198865e-08
23174,tappa,31775,0.4196634278273064,1.9517803471202916e-08
9328,taras,146878,0.7664028849043374,4.1712729337284325e-09
6175,tardy,303140,0.8453621155965141,4.549616261328993e-07
14187,tares,71332,0.6447210257437644,2.1182149367859893e-07
4452,targa,547379,0.8885104677952519,4.3342238897903235e-09
21051,targe,37088,0.4728288089752579,6.65568436275521e-08
1692,tarot,3561389,0.9576279675448262,1.944558831468157e-07
5742,tarps,344956,0.8562055494340378,9.109786269334565e-08
6968,tarry,243850,0.825503355704698,4.4601955323742004e-07
31729,tarsi,18846,0.2054242211759992,3.240713189711641e-07
3888,tarts,706018,0.9026344786136432,2.875500302934597e-07
22324,tarty,33708,0.44094961434438545,1.9834614004565764e-08
34320,tasar,16330,0.1405389161574677,2.9710161966178816e-08
6070,taser,313105,0.8479915856956827,3.3966592596357264e-08
555,tasks,20273373,0.986101372332966,3.358445443154778e-05
12708,tassa,85450,0.681758990283482,1.129638686592216e-08
9813,tasse,133951,0.7542572373034158,1.5881619059854303e-08
9333,tasso,146716,0.7662776720424722,1.0823886245070473e-08
607,taste,17311343,0.9847991585695682,2.3114465475373435e-05
1690,tasty,3565676,0.9576780526895723,1.327205653751662e-06
6017,tatar,317945,0.8493188420314535,5.5168519397241774e-09
7807,tater,200207,0.8044926374837224,2.6205331771222974e-08
8531,tates,170224,0.7863618150856456,2.4908977536597376e-07
25921,tatou,27138,0.3508714815185816,9.296392462498917e-09
20868,tatts,37602,0.4774115997195232,4.019871350791071e-09
9966,tatty,130077,0.7504257237303416,1.0983769612948893e-07
16658,tatus,54967,0.582840829409997,2.054801576889531e-08
12827,taube,84004,0.6787789241710909,1.3144711968893214e-09
6264,taunt,295148,0.843133326655314,4.7080974951541066e-07
4015,taupe,668030,0.8994540719222679,5.8934106874630754e-08
9093,tawas,153252,0.7722878894120004,1.237963483946558e-09
4238,tawny,602308,0.8938695782830812,5.350893968625315e-07
2627,taxed,1537786,0.9342131623760392,5.140262273926055e-06
399,taxes,33674672,0.9900080136231594,4.893336663371884e-05
2271,taxis,2034449,0.9431283181408394,1.0774408701763604e-06
8723,taxol,164459,0.781553641190023,1.3502345550198138e-07
2826,taxon,1333053,0.9292296904738054,1.0073180806102754e-06
12154,taxus,91941,0.6956325753781428,1.854103704346244e-08
21734,tazza,35222,0.4557247320444756,1.1383321441016393e-08
575,teach,19079783,0.9856005208855053,2.3255644700839182e-05
393,teams,34383288,0.9901582690573976,1.680924033280462e-05
958,tears,9274206,0.9760092156666332,2.085250822347007e-05
9676,teary,137396,0.7576880697185215,1.918863159389161e-07
2280,tease,2019275,0.9429029349894821,1.4580510776340816e-06
11058,teats,108388,0.7230792346989883,2.308874925915916e-07
32745,teaze,17751,0.1799809676449965,7.687939271860955e-09
2383,techs,1865665,0.9403235500350596,1.776842433187653e-07
8230,techy,181185,0.7938996293699289,8.24597041093611e-09
1293,teddy,5602073,0.9676199539216669,5.66819780658534e-07
16941,teems,53560,0.5757537814284284,1.0180893625033605e-07
37121,teend,14094,0.07039467094059902,3.1971240793682296e-10
214,teens,70859771,0.9946408895121707,3.3490271789560213e-06
3770,teeny,750932,0.9055895021536612,1.506120573679937e-07
18135,teers,47950,0.5458529500150255,2.39072380026073e-08
912,teeth,9769437,0.9771611739957928,2.486925277480623e-05
33564,teils,17030,0.15947110087148153,7.831284110082493e-09
16128,teins,57999,0.5961133927677051,3.12968658988666e-08
3065,telco,1116242,0.9232445156766503,8.448295814922347e-08
17036,teles,53095,0.5733747370529901,1.5754546067725527e-08
3390,telex,916110,0.9151056796554142,1.5621111779751118e-06
7151,telia,233234,0.8209205649604328,1.597577919953963e-08
14127,telic,71928,0.6462235800861464,1.101196061625842e-07
658,tells,15534490,0.9835219873785436,2.44859896338312e-05
4693,telly,496040,0.8824752078533507,2.1871412940299705e-07
7333,telos,223130,0.8163628167885405,3.090591337695514e-07
10577,temes,117408,0.7351247120104177,2.1669604632901242e-09
12592,tempi,86775,0.6846639286787539,1.4404619335550706e-07
1739,tempo,3372997,0.9564509666432937,2.721359978750115e-06
2115,temps,2309859,0.9470349594310328,8.451923736174649e-07
4700,tempt,494586,0.8822999098467394,1.168859145082024e-06
11834,tench,96238,0.7036461985375138,5.4466339598491244e-08
1417,tends,4861901,0.9645146749474106,1.821559560994501e-05
36611,tenes,14470,0.08316638285084645,6.512160348748353e-09
3565,tenet,834143,0.9107232294901332,9.59907494006984e-07
5138,tenge,418326,0.8713312631473505,2.2782975923618664e-08
22557,tenia,33152,0.4351146949814685,4.014589983114547e-08
36686,tenne,14414,0.08128818992286888,2.2140264430703386e-08
35410,tenno,15372,0.11324251227086046,1.4615501462422741e-08
18807,tenny,44893,0.5290243413803466,1.0632317903880306e-09
7846,tenon,198272,0.803515977161174,1.8835645335002482e-07
2084,tenor,2361385,0.9478112791745968,2.8178389084132505e-06
2109,tense,2320926,0.947185214865271,7.813998072379036e-06
1750,tenth,3317039,0.9561754983471902,7.348411108978325e-06
1626,tents,3850460,0.9592807773214465,3.1658465695727502e-06
14438,tenue,69334,0.6384353400781329,5.8572959957814416e-08
17251,tepee,52048,0.5679905839927878,1.632898697323526e-07
7373,tepid,220695,0.8153611138936192,4.304870384430615e-07
14025,terai,72849,0.6487779224681959,3.52660331692789e-08
29538,teras,21504,0.26029249724531706,1.647622623224265e-08
26586,terek,26030,0.33421817089051387,1.438445493828766e-09
16697,teres,54779,0.5818641690874486,2.2720888182448106e-07
29,terms,277705910,0.999273765401182,0.0002036724428762
5964,terns,322293,0.8506460983672243,5.332019188131199e-07
1645,terra,3747696,0.9588049684463588,1.2188732262075063e-06
719,terry,13981773,0.9819943904637884,2.4184163407880985e-07
6355,terse,287692,0.840854452569368,6.777921760203754e-07
3048,tesla,1134572,0.9236702394069919,9.738092742850313e-08
6408,testa,282061,0.8395271962335971,2.076851777133016e-07
10112,teste,126441,0.7467695081638785,7.753222273976237e-08
326,tests,42336117,0.9918361214063909,6.869983386422973e-05
8622,testy,167487,0.7840829409996994,1.866973408937156e-07
3507,tetra,863969,0.9121756986877692,3.834841498928654e-07
113,texas,129399241,0.9971701893218471,9.270210490797126e-08
11836,texes,96227,0.7035961133927677,4.6906609518782e-09
794,texts,12095723,0.9801161975358109,2.712463865464088e-05
18725,thale,45218,0.5310778323149354,4.501266732681586e-09
15305,thali,63177,0.6167234298307122,3.1356908536395166e-08
14423,thana,69505,0.6388109786637284,1.4385522447923904e-07
5107,thane,423334,0.8721075828909145,1.2743687207716906e-07
4240,thang,601478,0.8938194931383352,9.836990265910117e-08
235,thank,63234550,0.994114995492337,3.1029716919874775e-05
2301,thanx,1979526,0.9423770409696484,3.704067170762215e-09
15864,thaws,59505,0.6027246318741861,1.0562323438989553e-07
29297,thebe,21840,0.2663277571872183,5.8101339162064395e-09
27247,theca,24903,0.3176650305519383,1.9182804081196997e-07
33700,theed,16889,0.15606531102874888,9.635641434746484e-10
17796,thees,49427,0.5543423820494842,2.4019242665929143e-08
769,theft,12744763,0.9807422618451367,7.63242328503111e-06
11362,thein,103438,0.7154662926975859,4.2157809918563776e-08
3,their,782849411,0.9999248722828808,0.0016645437199622
3156,thema,1061529,0.9209656415907042,4.237017588337721e-08
363,theme,37219937,0.9909095462285886,2.4893143890949432e-05
4,there,701170205,0.9998998297105078,0.0010201328946277
4651,therm,504374,0.8835269958930181,1.3150299331243785e-07
7,these,541003982,0.9998247019933888,0.0009439452691003
1379,theta,5070673,0.9654662926975859,8.852418159221998e-07
715,thick,14030556,0.9820945607532806,3.468828803306678e-05
1854,thief,2970770,0.9535710708203947,3.278586286796781e-06
2213,thigh,2171107,0.9445807873384754,4.014271989944973e-06
37912,thigs,13587,0.050585996193529,1.5176232315283755e-09
36640,thilk,14441,0.08244014825202844,2.216747739258729e-09
18522,thill,46026,0.5361614745066613,1.137895311309478e-08
2827,thine,1332569,0.9292046479014324,2.271629130063957e-06
162,thing,97451660,0.9959431032755685,0.000133487026178
53,think,217856550,0.9986727436642292,0.0002886098818271
9408,thins,144657,0.7643994791144947,2.486521748323867e-07
8145,thiol,184641,0.7960282480216367,5.96385422113599e-07
164,third,95489240,0.9958930181308224,0.000138226954441
12745,thole,84997,0.6808324151056796,4.525466518856548e-08
1073,thong,7747699,0.9731293198437343,4.020981893404496e-07
2735,thorn,1421673,0.9315085645597516,1.1997725675882977e-06
33725,thoro,16869,0.15543924671942302,4.2259785146825376e-08
5658,thorp,353392,0.8583091255133727,1.092287146953197e-08
32,those,270014141,0.9991986376840629,0.0005867902899626
13114,thous,81063,0.67159170590003,2.106351540831497e-07
50,three,223417394,0.9987478713813482,0.000424302710453
1502,threw,4410853,0.9623860562957027,1.456092445550894e-05
17235,thrid,52106,0.5683912651507563,1.8961412662221733e-08
7538,throb,212889,0.8112290894520685,5.637327916474533e-07
652,throw,15751985,0.9836722428127818,1.590251391462516e-05
25124,thrum,28106,0.37083041169988984,1.0665651259955668e-07
28724,thuds,22613,0.28067715115696684,1.132373814272114e-07
2815,thugs,1343168,0.9295051587699088,7.577578742257174e-07
10789,thuja,113212,0.7298156866673344,7.722882222616079e-09
1116,thumb,7284386,0.9720524892316939,7.705723292019683e-06
4896,thump,456603,0.8773915656616248,8.693237572288126e-07
7220,thunk,229475,0.8191926274666934,1.212303642716961e-07
34000,thurl,16621,0.14855253931683862,5.990149429258018e-10
33115,thuya,17449,0.17071521586697386,3.657160601022724e-09
3248,thyme,1007823,0.9186617249323851,1.0330057313012731e-06
37920,tians,13582,0.05038565561454473,4.1102176169260936e-08
3379,tiara,923335,0.9153811479515176,2.3169840929426763e-07
4164,tibia,620778,0.8957227286386857,1.6242408878497371e-06
7218,tical,229501,0.8192427126114394,2.870676495092539e-07
34803,ticed,15896,0.1284433537012922,2.908739705986818e-08
10289,tices,122984,0.7423369728538516,1.315493756948172e-07
13571,tichy,76707,0.6601472503255534,4.887220106386534e-10
2983,ticks,1184410,0.9252980066112391,1.2628297690753242e-06
20553,ticky,38595,0.48530001001702894,1.8658951272954027e-08
2148,tidal,2268649,0.9462085545427227,6.022581960678508e-06
35541,tided,15272,0.10996193528999298,6.08839891569346e-08
2371,tides,1884762,0.940624060903536,2.629564278322505e-06
3446,tiers,892403,0.9137032956025243,1.2943807894316706e-06
14396,tiffs,69678,0.6394871281178003,5.390931221427309e-08
732,tiger,13763074,0.981668837022939,2.874261651868437e-06
596,tight,17981854,0.9850746268656716,1.919829190228484e-05
32478,tigon,18010,0.18666733446859662,1.3628536243981415e-09
3925,tikes,696108,0.901707903435841,5.795291939669767e-09
31255,tikis,19390,0.21729440048081738,5.939037022173466e-09
8367,tikka,176038,0.7904687969548232,2.8300215078047585e-08
11474,tilak,101823,0.7126615245918061,1.970100832693333e-08
5743,tilde,344748,0.8561805068616648,1.157491598036131e-07
3512,tiled,861822,0.9120504858259041,1.046573735266065e-06
15784,tiler,59950,0.6047280376640288,2.1276225581345896e-08
1348,tiles,5251527,0.96624261244115,3.51008358393301e-06
11570,tills,100375,0.7102574376439947,2.989163870381617e-07
4179,tilly,616707,0.8953470900530902,5.831503786524195e-09
17982,tilth,48587,0.5496844635880997,2.4581177733296044e-07
6937,tilts,245809,0.8262796754482621,4.910093116450298e-07
13291,timbo,79418,0.667159170590003,2.131617379275141e-09
1852,timed,2978189,0.9536211559651407,2.317021908311289e-06
1096,timer,7488669,0.9725533406791546,2.183298793170252e-06
63,times,202950880,0.9984223179404988,0.0001829134632134
4052,timid,657204,0.8985274967444656,1.829599045777286e-06
8138,timon,184883,0.796203546028248,6.9763096788300065e-09
28099,tinas,23544,0.2963287588901132,2.057822190426606e-09
20239,tinct,39709,0.4931633777421617,5.180922805436695e-08
9446,tinea,143689,0.7634478613643193,2.432401254282013e-07
36516,tined,14541,0.08554542722628468,4.1674977353523e-08
9985,tines,129756,0.749949914855254,3.1838761088920364e-07
7310,tinge,224709,0.8169387959531204,8.857284512941987e-07
9496,tings,142437,0.7621957327456677,1.0035068285674245e-07
23901,tinks,30345,0.4014574777121106,5.083456202648051e-09
9026,tinny,155192,0.7739657417609936,1.7234037350988273e-07
7449,tints,217070,0.8134578783932686,4.721368020454976e-07
22831,tipis,32508,0.42825303015125715,6.251089153863631e-08
10559,tippy,117798,0.7355754783131323,4.1763189155830106e-08
6430,tipsy,279464,0.8389762596413903,2.994360036723265e-07
837,tired,11158233,0.9790393669237704,1.642913084651809e-05
1057,tires,8007166,0.973530001001703,4.381536496111949e-06
33557,tirls,17037,0.15964639887809276,4.5343606411285534e-10
19999,tiros,40539,0.49917359511168985,7.248360045508662e-09
1597,titan,3974407,0.9600070119202645,1.4633748108394686e-07
22643,titch,32945,0.43296103375738754,3.867944016189284e-09
6745,titer,258055,0.8310878493438846,1.0233626539957183e-06
5597,tithe,359291,0.8598367224281278,7.70435262893443e-07
16345,titis,56684,0.5906791545627567,1.544469798275827e-08
68,title,196676017,0.9982971050786337,9.299557947088032e-05
3964,titre,683909,0.9007312431132926,3.885162607275561e-07
3224,titty,1023702,0.9192627466693378,3.5207760937794324e-08
14254,tizzy,70708,0.6430431733947711,5.3545230578322393e-08
5231,toads,402717,0.8690023039166583,5.219157850433476e-07
15206,toady,63910,0.6192026444956426,5.034604370734997e-08
1765,toast,3262695,0.9557998597615948,3.0693132998749207e-06
42,today,239271204,0.9989482119603326,0.0001151219723396
9893,toddy,131875,0.7522538315135731,1.809553378961937e-07
15033,toffs,65122,0.6235350095161775,2.3229541188385385e-08
29519,tofts,21528,0.2607683061204047,2.1951168021061563e-08
31317,togas,19316,0.21574176099368927,5.2302834170347976e-08
4795,toile,473077,0.8799208654713012,5.010030811547496e-08
10285,toils,123054,0.7424371431433436,3.342308812648298e-07
39739,toits,12716,0.004833216467995592,2.853069931418873e-08
16006,tokay,58704,0.5991685865972153,7.332156934936051e-09
1282,token,5672353,0.9678954222177703,5.743908604927128e-06
16200,toker,57530,0.5943103275568467,2.0958680413407647e-09
36696,tokes,14407,0.08103776419913854,3.071410631605431e-08
14315,tolan,70288,0.641515576480016,3.996968300779002e-09
4495,tolar,537047,0.8874336371832114,1.0353543620222891e-08
19802,toles,41244,0.5041069818691776,6.9495091636895265e-09
3264,tolls,995273,0.9182610437744165,1.16596994075735e-06
12867,tolly,83633,0.6777772212761695,2.746027686351127e-09
33334,tolyl,17223,0.16523089251727938,7.804403971078955e-08
13687,toman,75616,0.6572423119302815,2.91615838676762e-08
3789,tombs,742507,0.9051136932785736,2.4528186600036863e-06
7342,tomes,222783,0.8161374336371832,2.181427342407005e-07
950,tommy,9327874,0.9762095562456176,7.806064289184178e-08
14615,tomos,68188,0.6340028047681058,1.0729060635483733e-08
3887,tonal,707113,0.9026595211860162,1.7815538512877538e-06
26203,tondo,26615,0.34380947610938595,5.00834093131175e-08
3337,toned,943575,0.916432935991185,1.0098018162807422e-06
869,toner,10508427,0.9782380046078333,4.502826098473634e-07
749,tones,13373535,0.9812431132925974,5.9805291493830735e-06
6417,toney,281449,0.8393018130822398,6.553120850405492e-09
1421,tonga,4813052,0.9644145046579184,5.4754059206629794e-08
4525,tongs,531760,0.8866823600120204,5.884147594770184e-07
2762,tonic,1393402,0.9308324151056796,2.287083807459567e-06
5366,tonka,385134,0.8656215566462987,1.3613007379120744e-08
9228,tonks,149678,0.7689071421416408,3.31424044119899e-08
3366,tonne,931552,0.915706701392367,1.96730934817424e-06
22458,tonus,33364,0.4375939096463989,1.340154993556553e-07
75,tools,185555874,0.9981218070720225,4.135558123380178e-05
19622,tooms,41882,0.5086146448963238,3.763624234209839e-09
1749,toons,3318074,0.9562005409195633,1.631619038988674e-08
1303,tooth,5551049,0.9673695281979365,7.995020505404682e-06
7599,toots,210204,0.8097014925373134,4.71206766405885e-08
2091,topaz,2348935,0.9476359811679855,2.4083325683932344e-07
21778,toped,35112,0.4546228588600621,3.6722429452851196e-09
20534,toper,38676,0.4857758188921166,2.1076203395864472e-08
36186,topes,14761,0.09380947610938596,2.9961926486521415e-08
99,topic,149001702,0.9975207853350696,2.388508375588572e-05
29927,topoi,20996,0.25055093659220673,1.709432619634299e-07
10802,topos,112958,0.729490133226485,4.1779221504612e-07
8911,toque,158397,0.7768456375838926,6.10958359459346e-08
1949,torah,2698722,0.9511920264449564,9.790380428142953e-08
24141,toran,29885,0.3954472603425824,4.241570794594196e-09
1742,torch,3360286,0.9563758389261745,2.8507425690804667e-06
13169,torcs,80605,0.6702143644195132,1.3802148881580934e-08
3960,toric,685050,0.9008314134027847,1.3169340746799206e-07
10694,torii,114841,0.7321947310427727,3.0780000912500324e-08
9648,toros,138100,0.7583892617449665,1.9961617194752536e-08
38793,torsk,13018,0.028523489932885907,2.294774309463676e-09
2440,torso,1769562,0.9388961234097967,1.946440461324528e-06
12026,torta,93552,0.6988380246418913,2.9331508955010576e-08
8956,torte,157289,0.7757187218271061,6.398660723050398e-08
3706,torts,768869,0.9071922267855355,8.827180874959595e-07
4626,torus,509986,0.884153060202344,9.688757518233615e-07
51,total,222649459,0.9987228288089752,0.0002240526094101
27205,toted,24979,0.3187168185916057,6.901943130799283e-08
3320,totem,955271,0.9168586597215266,6.386009658854164e-07
23573,toter,31019,0.4096714414504658,7.251088329773836e-09
2814,totes,1344312,0.9295302013422819,6.69062314528901e-08
12268,totty,90429,0.6927777221276169,5.5946739896395315e-09
365,touch,36831035,0.9908594610838425,3.4186976990895345e-05
742,tough,13560922,0.9814184112992087,1.2719895348709542e-05
358,tours,37957036,0.9910347590904538,5.6981496982189125e-06
17334,touse,51689,0.5659120504858259,6.097461543674854e-08
4793,touts,473474,0.8799709506160472,1.5290700460468546e-07
4091,towed,644374,0.8975508364219172,1.3376497850003945e-06
1408,towel,4901668,0.964740058098768,4.215465521610895e-06
548,tower,20686918,0.9862766703395773,1.2206441697344417e-05
751,towns,13337599,0.9811930281478514,2.236134085251252e-05
31190,towse,19451,0.21892216768506462,4.5093770412174544e-10
976,toxic,9065369,0.9755584493639187,1.4655817958555415e-05
2666,toxin,1495922,0.933236502053491,3.38647765602218e-06
9226,toyed,149746,0.7689572272863868,4.697945561815687e-07
34235,toyon,16413,0.1426675348091756,9.65233738270399e-09
811,trace,11697252,0.9796904738054693,1.9539549248293044e-05
140,track,112385243,0.9964940398677752,3.2619462508591824e-05
1254,tract,5897046,0.9685966142442152,1.578244107804494e-05
142,trade,110086585,0.9964439547230292,0.0001418881039717
29586,tragi,21437,0.2590904537714114,9.403385838879788e-08
501,trail,23648838,0.9874536712411098,1.3239703112049028e-05
422,train,31816971,0.9894320344585796,3.366267377714394e-05
2491,trait,1705417,0.9376189522187719,5.548365907088737e-06
3106,tramp,1087707,0.9222177702093559,9.84384423645679e-07
4405,trams,558296,0.8896874686967845,3.404123214068022e-07
704,trans,14243681,0.982370029049384,1.3894862058805302e-05
25065,trant,28201,0.3723079234698988,1.857975436170278e-08
1671,traps,3628684,0.9581538615646599,5.008602947782492e-06
7874,trapt,196767,0.802814785134729,1.2799471682534147e-09
1129,trash,7092806,0.9717269357908445,4.138200802117354e-06
9392,trave,145105,0.7648001602724632,4.4604787641233656e-08
4433,trawl,553588,0.8889862766703396,1.0161757046489584e-06
2001,trays,2586701,0.9498898126815587,2.110252976308402e-06
2520,tread,1672572,0.936892717619954,2.349848746234784e-06
571,treat,19442315,0.9857006911749975,2.5388689755345696e-05
27842,treck,23931,0.30276469998998295,3.975367298680865e-09
13005,treed,82145,0.6743213462886908,9.466125568735604e-08
16265,treen,57141,0.5926825603525994,9.036879418111712e-09
461,trees,27378116,0.9884553741360312,5.316494170983788e-05
4994,treks,440547,0.8749373935690674,1.8668165552071522e-07
31916,trema,18640,0.2007412601422418,1.2294761013720293e-08
653,trend,15747018,0.9836472002404087,2.958885255793576e-05
8535,tress,170140,0.7862616447961535,1.357072788721325e-07
17297,trews,51842,0.5668386256636282,2.70187781481468e-08
20728,treys,38021,0.48091755985174794,5.62944633575313e-09
12288,triac,90112,0.6922768706801563,7.227433800771623e-08
2644,triad,1519533,0.9337874386456977,1.581544754571951e-06
262,trial,56547673,0.993438846038265,8.666328569233883e-05
1065,tribe,7890695,0.9733296604227186,1.1473875092633534e-05
5645,trice,354532,0.8586346789542222,1.1430657650635112e-07
1038,trick,8208473,0.9740058098767905,6.420501135835366e-06
395,tried,34201786,0.9901081839126515,7.378195434284862e-05
4029,trier,663496,0.8991034759090454,1.0447335182561802e-06
1037,tries,8236889,0.9740308524491635,1.0942530680040364e-05
18594,trigo,45704,0.5343584092958029,2.4032010834673658e-08
4954,trike,446953,0.8759390964639888,3.781406434200109e-08
8457,trill,172713,0.7882149654412501,3.168703199207812e-07
3130,trims,1070444,0.921616748472403,2.009215288012456e-07
6226,trine,297941,0.8440849444054893,1.0582310210338621e-07
26731,trins,25806,0.33058699789642393,2.436218962120762e-09
5339,trios,389195,0.8662977061003706,2.308948322138349e-07
7486,tripe,215448,0.8125313032154663,1.884423448927919e-07
608,trips,17273017,0.9847741159971952,1.075661428330932e-05
20847,trist,37640,0.4779374937393569,1.5729514917239842e-08
6358,trite,287494,0.8407793248522488,5.076143634141772e-07
36795,troat,14335,0.07855854953420816,2.4576874868564856e-09
18291,trode,47157,0.5419463087248322,6.93766830295317e-08
3393,trois,913646,0.9150305519382951,3.414717440364257e-07
2250,troll,2079165,0.9436542121606731,4.6957980828210564e-07
14834,tromp,66441,0.6285184814184113,2.3255773999864012e-08
14171,trona,71439,0.645121706901733,6.789532061901583e-08
37002,tronc,14181,0.07337473705299008,1.106711928322568e-08
32754,trone,17745,0.17975558449363918,1.1516196645189324e-08
21555,trons,35762,0.4602073524992487,4.4626760598021066e-08
1991,troop,2609404,0.9501402384052889,3.183662975061452e-06
10994,trope,109419,0.7246819593308624,8.181762855485885e-07
13267,troth,79632,0.6677601923269558,1.6116754949280224e-07
11530,trots,100981,0.7112591405389161,1.2851049945084018e-07
1336,trout,5369048,0.9665431233096263,6.315365512818972e-06
3899,trove,702353,0.9023590103175398,3.682142684624523e-07
20136,troys,40050,0.4957427626965842,4.087089364723795e-09
3433,truce,897431,0.9140288490433738,1.5963191458467915e-06
417,truck,32136249,0.9895572473204448,2.141404456779128e-05
35308,trued,15457,0.11579685465290995,2.1879149123549276e-08
6795,truer,254461,0.8298357207252329,7.187839230482496e-07
32100,trues,18411,0.19613342682560353,9.947288237555086e-09
21534,trull,35795,0.46073324651908243,1.1942426798583484e-08
531,truly,21693553,0.9867023940699189,2.9708928013860714e-05
1881,trump,2879094,0.9528949213663227,7.712687033745169e-07
845,trunk,11020361,0.9788390263447861,9.3144269703771e-06
2685,truss,1484384,0.9327606931784033,1.1833294047391973e-06
270,trust,55157142,0.9932385054592808,6.27576267288532e-05
383,truth,35345925,0.9904086947811279,6.578313768841326e-05
7689,tryst,205722,0.8074476610237403,1.9921979486525744e-07
17979,tsars,48591,0.5497595913052189,1.0733417639130497e-07
20208,tsuba,39823,0.49393969748572575,1.2481445388345946e-08
11255,tsubo,105028,0.7181458479415006,1.8605544438443644e-08
35557,tuart,15258,0.10956125413202444,5.949119130654878e-09
4374,tubal,566730,0.8904637884403486,5.172113787921262e-07
12078,tubas,92891,0.6975358108784935,5.137783283259978e-08
6464,tubby,277187,0.8381248121807072,5.7749550386176905e-08
14942,tubed,65659,0.6258138836021236,6.6597122128087e-08
6970,tuber,243798,0.8254532705599519,8.302023121586899e-07
1106,tubes,7413309,0.9723029149554242,1.3039773502896423e-05
6819,tucks,252616,0.8292346989882801,2.0160007593972293e-07
20202,tuffs,39840,0.49408995291996394,4.493844382835732e-07
2779,tufts,1372589,0.930406691375338,7.017965367595025e-07
36605,tufty,14476,0.08331663828508465,1.4114520565655652e-08
23634,tuina,30910,0.40814384453571073,2.210202299998687e-09
29258,tules,21888,0.2673044175097666,2.9181319884941104e-08
2063,tulip,2406691,0.9483371731944306,4.416420682673561e-07
5820,tulle,336799,0.8542522287889412,1.3374097719065502e-07
13991,tulsi,73125,0.6496293699288791,2.377730179858873e-08
2507,tummy,1685130,0.9372182710608034,5.418325041262051e-07
1103,tumor,7430480,0.9723780426725434,2.030194593316992e-05
10181,tunas,124886,0.7450415706701392,1.7178563318509533e-07
1640,tuned,3761208,0.9589301813082239,3.375082446837041e-06
1209,tuner,6238319,0.9697235300010018,4.53242625724215e-07
1171,tunes,6610108,0.970675147751177,2.3044913041303515e-06
3823,tunic,727598,0.9042622458178904,1.3210093709403737e-06
21027,tunny,37154,0.47342983071221073,5.53861341856532e-08
2773,tuple,1376804,0.9305569468095762,9.148173791118096e-07
33489,tuque,17083,0.1613492937994591,7.891623603484276e-09
891,turbo,10058686,0.9776870680156265,6.779781745080981e-07
11414,turds,102668,0.7141640789341881,6.26118003310694e-08
32472,turfs,18014,0.1868175899028348,5.646412148507808e-08
1390,turks,4986307,0.9651908244014825,2.3914123357116076e-08
610,turns,17261850,0.9847240308524492,2.5946207861125e-05
8388,tushy,174958,0.7899429029349895,2.7451507769726823e-09
9744,tusks,135636,0.7559851747971552,4.673614353123412e-07
33256,tutee,17303,0.16718421316237603,4.413566170313744e-08
1451,tutor,4635949,0.9636632274867274,2.7350457276043017e-06
3219,tutti,1025839,0.919387959531203,2.485364271365143e-07
36972,tutty,14203,0.07412601422418111,1.897099117798007e-09
18613,tutus,45643,0.5338826004207152,3.0106652779693386e-08
9571,tuxes,140219,0.7603175398176901,2.09901686520908e-08
1481,twain,4530277,0.9629119503155364,2.814263459072208e-07
6986,twang,243118,0.8250525894019833,2.067357634416567e-07
8970,twats,156751,0.7753681258138836,8.710572336756428e-09
2490,tweak,1705761,0.9376439947911449,2.727419008508036e-07
2547,tweed,1631867,0.936216568165882,4.63226316469445e-07
37824,tweel,13639,0.052789742562356,1.7054994805310031e-09
3290,tween,977071,0.9176099368927176,1.044645465526628e-06
8575,tweet,168757,0.785259941901232,2.425064009514699e-07
22308,twerp,33740,0.441350295502354,3.6765508895086895e-08
561,twice,19945569,0.9859511168987278,3.2442956580780447e-05
4911,twigs,454542,0.8770159270760293,1.7374224421473627e-06
2679,twill,1489583,0.9329109486126415,3.393118157646313e-07
5158,twine,415457,0.8708304116998898,7.834820826246869e-07
2101,twink,2332335,0.9473855554442552,1.1736675560314325e-08
1070,twins,7815027,0.9732044475608534,5.176766667318588e-06
7133,twirl,234072,0.8213713312631473,2.121544567046385e-07
1117,twist,7240854,0.9720274466593208,5.2482638875517295e-06
38868,twite,12984,0.026645297004908343,4.175255534644151e-09
14841,twits,66404,0.6283431834118001,1.8368299450344246e-08
13936,twixt,73594,0.6510067114093959,1.3683226512739566e-07
11475,tyers,101811,0.7126364820194331,1.1629940463997457e-08
2358,tying,1898217,0.9409496143443855,2.759487119874393e-06
8113,tykes,185622,0.7968296103375738,2.2159063215454467e-08
1097,tyler,7474964,0.9725282981067815,1.378004037100311e-08
17461,tynes,51067,0.5627316437944506,6.875728559840865e-09
1662,typed,3681027,0.9583792447160172,4.361246678854513e-06
204,types,77070740,0.994891315235901,0.0001136901875725
22483,typic,33310,0.436967845337073,4.732285018960169e-08
3143,typos,1067335,0.9212911950315537,1.3649383369340738e-07
30762,tyran,19943,0.22964038866072323,9.108736911400684e-09
2025,tyres,2510350,0.9492887909446058,1.0365621619712328e-06
17125,tyros,52703,0.5711459481117901,1.9600727210189466e-08
8373,udder,175766,0.790318541520585,3.521746165802142e-07
8543,uhuru,169967,0.7860613042171691,1.0232212996896806e-08
13090,ulama,81258,0.6721927276369829,3.916446613061453e-07
2823,ulcer,1336605,0.9293048181909246,3.018305910700292e-06
15973,ulema,58870,0.5999949914855254,1.4437949381829186e-07
9610,ulnar,139384,0.7593408794951417,9.35973696414294e-07
26183,ulpan,26652,0.34431032755684665,7.53005955367314e-09
528,ultra,21795075,0.9867775217870379,4.0762079970591e-06
16633,umami,55097,0.5834668937193228,4.849765966652431e-08
37079,umbel,14125,0.07144645898026646,8.469058037974264e-08
6333,umber,289235,0.8414053891615747,2.8324683711389296e-07
5971,umbra,321800,0.8504708003606131,1.1720577518303801e-07
8266,ummah,179861,0.7929980967644996,9.471978586361729e-08
10959,umrah,110045,0.7255584493639187,6.303819236608277e-09
6243,unary,296481,0.8436592206751478,2.7407257235267935e-07
7654,unban,207262,0.8083241510567966,1.069264019992744e-08
21443,unbox,36026,0.46301212060502855,3.7252916459951105e-09
1045,uncle,8127694,0.9738305118701793,1.0249578690491034e-05
1607,uncut,3929056,0.9597565861965341,5.566791656974601e-07
23,under,313296421,0.9994240208354203,0.0006914596998831
10125,undid,126166,0.7464439547230292,4.793677908310201e-07
38770,undos,13031,0.02909946909746569,4.8978583655490125e-09
2772,undue,1377567,0.9305819893819494,4.95330215926515e-06
30494,unfed,20266,0.23635179805669637,8.952564002129293e-08
3597,unfit,814145,0.9099218671741961,2.2225181874091503e-06
19818,unhip,41188,0.503706300711209,8.917089466820016e-09
8865,unica,159995,0.7779975959130522,3.2445466153774305e-08
4133,unify,631185,0.8964990483822498,1.1220994019822684e-06
211,union,72603888,0.9947160172292898,5.949594273261028e-05
1878,unite,2888724,0.9529700490834419,3.991249950558995e-06
263,units,56512308,0.993413803465892,9.632807814341504e-05
1005,unity,8657709,0.9748322147651006,2.299939136719331e-05
11975,unlit,94251,0.7001151958329159,2.8916881291252137e-07
4281,unmet,590631,0.8927927476710408,9.0363870526744e-07
3205,unset,1035406,0.9197385555444255,7.130362696727844e-08
9340,untie,146576,0.766102374035861,3.5165269167691805e-07
138,until,113090086,0.9965441250125213,0.0002335104261874
10141,unwed,125824,0.7460432735650606,4.017928057464816e-07
3236,unzip,1014009,0.9189622358008614,1.0964335993790541e-07
12608,updos,86607,0.6842632475207854,1.776031897798846e-09
23411,upend,31323,0.41372833817489735,4.3515571697128063e-08
6220,upped,298533,0.8442351998397275,2.441013580778417e-07
349,upper,38341510,0.991260142241811,6.265560245083179e-05
1306,upset,5544484,0.9672944004808174,1.1165395962962064e-05
17748,urate,49640,0.5555444255233898,3.107495342646871e-07
357,urban,38087999,0.9910598016628268,5.988685785268899e-05
35225,urena,15526,0.11787538815987178,1.343619941973628e-09
1442,urged,4685830,0.9638886106380847,1.3063750920991878e-05
1829,urges,3054809,0.9541971351297205,4.238975861881045e-06
1406,urine,4903932,0.964790143243514,1.1314933290123009e-05
38870,urman,12983,0.026595211860162275,3.494858998309702e-09
31447,ursae,19152,0.21248622658519484,1.3427957362699415e-09
482,usage,25440406,0.9879294801161975,1.679565151789575e-05
98,users,149320234,0.9975458279074426,4.176939193712314e-05
1398,usher,4948609,0.9649904838224983,8.460952119548893e-07
33,using,269448880,0.9991735951116899,0.0002600179030559
24091,usnea,30010,0.3966993889612341,3.162090542740969e-09
19517,usque,42348,0.5112441149954924,1.9439556069755784e-07
617,usual,17044981,0.9845487328458379,4.111051683139522e-05
8495,usurp,171456,0.7872633476910749,5.37213795723801e-07
7767,usury,201906,0.8054943403786436,9.076843502953124e-07
11807,uteri,96583,0.7043223479915857,2.51729852891458e-07
6357,utile,287546,0.8408043674246218,1.0054085279875837e-07
2242,utter,2096533,0.9438545527396575,5.24911372394854e-06
20882,uveal,37574,0.4770610037063007,1.2980608119050885e-07
17555,uvula,50618,0.5603776419913854,1.2952349067063552e-07
15835,vacua,59649,0.603450866473004,6.916530281841915e-08
11320,vagal,103959,0.7165180807372533,6.511201149805856e-07
1911,vague,2783775,0.9521436441951318,9.259778016712516e-06
9614,vagus,139242,0.7592407092056496,5.67287187891452e-07
24450,vails,29331,0.3877091054793148,1.4864101451905753e-08
17929,vakil,48840,0.5510117199238705,2.0188916884933413e-08
12761,vales,84769,0.6804317339477111,1.2733419708865766e-07
2260,valet,2052690,0.9434037864369428,8.374523702059378e-07
260,valid,57094711,0.9934889311830111,3.0277492478489875e-05
14146,valis,71633,0.6457477712110588,4.683683845208009e-09
2977,valor,1193133,0.9254482620454774,7.606204235344194e-07
9104,valse,152885,0.7720124211158971,2.857282371593328e-08
77,value,182061247,0.9980717219272763,0.0002647630189312
824,valve,11325360,0.9793649203646199,1.7409340453014012e-05
11618,vamps,99641,0.7090553941700891,8.565671356208782e-08
27759,vampy,24079,0.3048432334969448,5.0971575737968065e-09
8791,vanda,162215,0.7798507462686567,7.338640530818451e-09
7462,vanes,216576,0.8131323249524192,6.524708862798434e-07
10936,vapid,110502,0.7261344285284984,1.6136787579057456e-07
1646,vapor,3744912,0.9587799258739857,1.0429338808535248e-05
36481,varan,14567,0.08642191725934088,6.8556819932119605e-09
17568,varas,50570,0.5600520885505359,4.9981789800312985e-08
12617,vardy,86547,0.684037864369428,2.5755503882396446e-10
39335,vares,12778,0.014950415706701392,2.2748944494832557e-09
6414,varia,281539,0.8393769407993589,1.7617465360331156e-07
3702,varna,769723,0.9072923970750275,1.432507461629484e-07
12805,varus,84284,0.6793298607632976,2.230732226848886e-07
2532,vases,1657182,0.9365922067514775,1.3014630462748757e-06
1327,vault,5408483,0.9667685064609837,2.6387166462882303e-06
33429,vaunt,17134,0.16285184814184114,5.8322153932977016e-08
14671,veale,67739,0.6326004207152158,1.694363819249034e-09
11154,veena,106744,0.720675147751177,2.7752167159889042e-08
10439,veers,119882,0.7385805869978964,1.924746018744372e-07
23016,veery,32100,0.4236201542622458,9.326152268229749e-09
1971,vegan,2642418,0.9506410898527496,4.0302624372490213e-07
313,vegas,44810653,0.9921616748472403,1.5955838241765718e-08
27136,veges,25082,0.32044475608534506,2.1477041145523404e-09
23914,vegie,30318,0.40113192427126115,5.959586088510882e-09
4056,veils,655338,0.8984273264549735,6.62908279309704e-07
2136,veins,2282346,0.9465090654111991,8.464196898785303e-06
30951,veiny,19725,0.22490734248221977,2.87893800354766e-08
16876,velar,53837,0.5773815486326755,3.083302561890378e-07
20236,veldt,39718,0.4932385054592808,6.469521800056556e-08
31495,veles,19096,0.2112841831112892,1.728094660147228e-09
29342,velum,21780,0.2652008414304317,1.457511366709241e-07
15257,venal,63578,0.6179254733046179,2.361122022875861e-07
30570,vends,20166,0.23444856255634577,1.2475441746317984e-08
2372,venom,1883158,0.940599018331163,1.58889115709826e-06
2669,vents,1493908,0.9331613743363718,1.3210578299549523e-06
707,venue,14204074,0.9822949013322648,4.024677623419848e-06
1459,venus,4618752,0.9634628869077432,5.571546672911154e-08
2437,verbs,1777489,0.9389712511269157,7.029246535239508e-06
2733,verge,1422550,0.9315586497044976,2.679110461940581e-06
26069,verra,26854,0.3471651808073725,5.926760977104095e-08
8582,verry,168580,0.7850846438946208,7.083920138484246e-08
1098,verse,7469512,0.9725032555344085,1.4278161143010947e-05
3657,verso,788583,0.9084193128318141,8.845999673212645e-07
11074,verts,108132,0.7226785535410197,4.6104172355398986e-08
5566,vertu,363403,0.8606130421716919,1.0041235242397308e-07
2947,verve,1218256,0.9261995392166683,3.0196338002497214e-07
4007,vespa,669846,0.8996544125012521,3.624470163998694e-09
5284,vesta,395855,0.8676750475808875,1.6561073659104863e-08
2258,vests,2056167,0.9434538715816889,9.427260272332204e-07
9202,vetch,150281,0.7695582490233397,2.3477615698652699e-07
6973,vexed,243525,0.8253781428428328,9.66991577797671e-07
31927,vexes,18629,0.20046579184613844,4.518581356194319e-08
3768,vials,751274,0.9056395872984073,1.0977661634115065e-06
22725,viand,32735,0.43090754282279875,1.3711480955080902e-08
3124,vibes,1073710,0.9217670039066412,2.387533352532501e-07
3580,vicar,825292,0.9103475909045378,1.2467533304061362e-06
3260,vices,995524,0.9183612140639087,1.996154505832237e-06
6399,vichy,282961,0.8397525793849544,2.7544501590703876e-09
15,video,365410017,0.9996243614144045,2.66564261437452e-05
26911,viers,25474,0.32607933486927776,7.64820338450267e-10
201,views,77333335,0.9949664429530202,5.262430182483513e-05
2984,vigil,1183443,0.925272964038866,7.667678960388003e-07
3289,vigor,977544,0.9176349794650906,2.579724991846888e-06
604,villa,17587586,0.9848742862866874,2.310792924617999e-06
12942,villi,82864,0.6758990283481919,4.6965032481693923e-07
19009,vinal,44098,0.5239657417609936,3.1905696756817647e-09
23485,vinas,31188,0.4118751878192928,3.782292476994797e-09
9831,vinca,133399,0.7538064710007012,6.552474058452163e-08
10191,viner,124743,0.7447911449464089,4.914746096762457e-09
2319,vines,1952255,0.9419262746669338,2.677561028576747e-06
10911,vinos,110986,0.7267604928378243,6.5506283686289636e-09
619,vinyl,17009819,0.9844986477010919,3.7154823166929416e-06
2042,viola,2458792,0.9488630672142643,7.155189916829841e-07
20744,viols,37992,0.4805168786937794,9.3814097326117e-08
2195,viper,2201559,0.9450315536411901,3.276815374420039e-07
1235,viral,5969493,0.9690724231193029,7.612536001033731e-06
6330,vireo,289521,0.8414805168786937,8.336964096855581e-08
12586,vires,86820,0.6848141841129921,5.160318679031661e-07
20103,virga,40140,0.49656916758489433,2.9957854259521355e-08
12569,virge,87035,0.6852399078433337,1.7775258875918351e-09
34702,virls,15992,0.13097265351096865,2.2997208019848167e-10
17286,virtu,51894,0.5671140939597316,8.530552548791094e-08
374,virus,36286003,0.9906340779324853,2.61017545562936e-05
1884,visas,2876354,0.9528197936492037,1.7323842325822624e-06
18464,vised,46330,0.5376139437042973,1.5380219089422556e-07
9347,vises,146483,0.7659270760292497,4.416712190646876e-08
74,visit,187062316,0.9981468496443955,5.2165611123200506e-05
17618,vison,50332,0.5587999599318842,4.1895666278435327e-08
2393,visor,1850201,0.9400731243113293,4.596902340381348e-07
717,vista,13991160,0.9820444756085345,7.53123807726297e-07
6365,visto,287086,0.8406040268456376,8.367377745344128e-08
2454,vitae,1754634,0.9385455273965742,8.417918576242301e-07
708,vital,14166642,0.9822698587598918,2.662061098817503e-05
17602,vitas,50443,0.5592006410898528,1.387400532237848e-08
10658,vitex,115668,0.7330962636482019,7.448950256616627e-09
1387,vitro,5000420,0.9652659521186017,1.3766337742708856e-05
38336,vitta,13302,0.03996794550736252,3.8210439510244495e-08
17066,vivas,52978,0.5726234598817991,2.318863218775391e-08
28898,vivat,22376,0.2763197435640589,7.660447804980209e-09
28528,viver,22892,0.28558549534208155,9.805362939374618e-09
10568,vives,117594,0.735350095161775,1.9412522753725624e-08
1492,vivid,4479514,0.9626364820194331,5.848204409630853e-06
3461,vixen,885674,0.9133276570169288,1.379287834168963e-07
11343,vlogs,103682,0.7159421015726736,1.0747524193319149e-08
5204,vocab,407673,0.8696784533707302,2.2509478618815137e-08
973,vocal,9082826,0.9756335770810378,7.107370975063532e-06
14119,voces,72009,0.6464239206651308,5.3541622477837334e-08
2221,vodka,2155662,0.9443804467594912,1.3302417778504605e-06
21359,vodou,36232,0.4651156966843634,1.7829266675262192e-08
39175,vodun,12829,0.01895722728638686,1.867512046338505e-08
2219,vogue,2159792,0.9444305319042372,1.3652949303377685e-06
228,voice,64600528,0.9942902934989483,9.18138582346728e-05
4807,voids,470343,0.8796203546028248,1.785627466688311e-06
4643,voila,506278,0.8837273364720024,8.065285740599394e-08
7002,voile,242035,0.8246519082440148,6.634501282576369e-08
17894,volar,49012,0.5518882099569268,2.253133254725981e-07
10236,voles,123980,0.7436642291896224,3.787237835695123e-07
29424,volet,21675,0.2631473504958429,9.370075328973824e-09
13099,volks,81162,0.6719673444856256,8.607910548796838e-09
3316,volta,957170,0.9169588300110187,8.078151800816615e-08
11311,volte,104083,0.7167434638886107,1.467137251154327e-07
2044,volts,2454421,0.9488129820695181,2.544108469919593e-06
20776,volve,37888,0.4797155163778423,4.054680697862524e-08
3715,vomit,767124,0.9069668436341781,1.0731344639225429e-06
857,voted,10746027,0.9785385154763098,1.145974060818844e-05
1405,voter,4905374,0.964815185815887,4.562346462080314e-06
418,votes,32059663,0.9895322047480717,1.421028919139644e-05
5341,vouch,388963,0.8662476209556246,4.16368800415512e-07
26443,vouge,26261,0.3377992587398578,1.1806766244543131e-09
29428,voulu,21672,0.2630471802063508,4.1686436240695457e-08
3508,vowed,863379,0.9121506561153961,1.8274128456141624e-06
3210,vowel,1033509,0.9196133426825603,4.733622245112201e-06
7165,voxel,232056,0.8205699689472102,3.525638090334793e-07
7616,vroom,209222,0.8092757688069718,1.6723347364688833e-08
4703,vrouw,493709,0.8822247821296203,3.3091113547101255e-08
10688,vulns,115018,0.732344986477011,3.337785515339364e-10
4678,vulva,499113,0.8828508464389462,6.259876187186819e-07
5699,vying,348440,0.8572823800460784,4.846815772907576e-07
6841,wacko,251238,0.8286837623960733,4.252951753380697e-08
2386,wacky,1861879,0.9402484223179405,2.00563633043771e-07
14599,waddy,68297,0.6344034859260743,7.947251825513035e-09
8996,waded,156095,0.7747170189321847,5.670247566058606e-07
8349,wader,176850,0.7909195632575378,5.074363386370352e-08
13333,wades,79144,0.6661073825503355,5.3157638078005225e-08
37485,wadge,13839,0.06127917459681458,2.221015498182765e-09
33895,wadis,16705,0.1511820094160072,1.1326523690513569e-07
2608,wafer,1554217,0.9346889712511269,2.4889484473078483e-06
19748,wafts,41443,0.5054592807773215,9.505898518114009e-08
4330,waged,576479,0.8915656616247621,1.968408489574358e-06
2788,wager,1366964,0.9301813082239808,9.098340404989358e-07
1000,wages,8737438,0.9749574276269658,3.037940301510389e-05
3799,wagga,738631,0.9048632675548433,1.206986905144536e-09
1358,wagon,5198530,0.9659921867174196,6.207300757523626e-06
30864,wagyu,19825,0.22708604627867374,3.76305117094633e-09
5542,wahoo,366081,0.8612140639086447,4.3106038063456255e-08
27747,waide,24095,0.30514374436542124,4.918988738555896e-10
15402,waifs,62596,0.6142943003105279,7.453749169883394e-08
11424,wails,102509,0.7139136532104577,2.741290538210706e-07
1384,waist,5013500,0.9653410798357207,7.733412080597191e-06
3682,waite,777896,0.9077932485224882,3.239299092072656e-08
2083,waits,2362199,0.9478363217469699,2.276355187404988e-06
2430,waive,1789027,0.939146549133527,3.6477600770012942e-06
12088,waked,92803,0.6972853851547631,2.258142230004978e-07
15722,waken,60268,0.606280677151157,2.152605671312813e-07
7673,waker,206432,0.8078483421817089,1.0249437414344698e-08
3479,wakes,876767,0.9128768907142142,1.361910167361202e-06
2872,waldo,1283521,0.928077732144646,8.010468532937411e-09
440,wales,29821525,0.988981268155865,9.760998239016773e-08
1075,walks,7744070,0.9730792346989883,8.01414775196463e-06
2630,walla,1535192,0.9341380346589202,3.686001376124183e-08
682,walls,14837851,0.9829209656415907,3.891260996169876e-05
2702,wally,1459126,0.9323349694480617,1.5165900393299125e-08
2479,waltz,1723021,0.9379194630872483,7.066868784022517e-07
4047,wands,658592,0.8986527096063308,1.7782958394718665e-07
8173,waned,183450,0.7953270559951918,8.217705976676371e-07
13593,wanes,76465,0.6595963137333467,2.1202862541258585e-07
27377,wanks,24708,0.3144094961434439,2.235885404044957e-09
34699,wanky,15993,0.13104778122808775,3.019175984636524e-09
35912,wanly,14979,0.10067114093959731,9.998363310614881e-08
886,wanna,10232302,0.9778122808774917,1.3385169961566134e-06
412,wants,32538214,0.9896824601823099,3.7428502218972425e-05
29179,warby,22006,0.2692827807272363,6.040348182745345e-10
2447,wards,1759766,0.9387208254031855,3.000893816533789e-06
2946,wares,1218442,0.9262245817890413,2.60925873362794e-06
2074,warez,2375829,0.9480617048983272,6.4864017554344674e-09
17719,warks,49780,0.5562706601222077,3.2192402721342715e-09
4784,warms,474877,0.8801963337674046,5.422809215360757e-07
1914,warns,2775722,0.9520685164780126,2.300841313171986e-06
10110,warps,126492,0.7468195933086247,2.445613324653096e-07
18349,warre,46901,0.5404938395271962,8.469387097420623e-08
3053,warts,1122886,0.9235450265451267,8.066823414765167e-07
10891,warty,111349,0.727261344285285,1.3610889908477476e-07
11042,washy,108651,0.7234799158569568,9.982311922840381e-08
3858,wasps,715192,0.9033857557848343,7.656803848021809e-07
332,waste,41089558,0.9916858659721527,5.48211391287623e-05
168,watch,92006970,0.9957928478413303,3.354360418597935e-05
57,water,215178488,0.998572573374737,0.0003609871328808
1104,watts,7423674,0.9723530001001703,1.708481817104257e-06
3445,waugh,892508,0.9137283381748973,4.032328440040089e-09
22879,wauls,32415,0.4270509866773515,6.565209603043296e-10
3498,waved,867023,0.9124010818391265,6.577211158855789e-06
7450,waver,217064,0.8134328358208955,4.6221148863878646e-07
846,waves,11006010,0.9788139837724131,2.899834289564751e-05
18376,wavey,46745,0.5398176900731243,4.3891374867932604e-09
4331,waxed,576427,0.891540619052389,1.0025944868630176e-06
23181,waxen,31767,0.41948812982069517,1.3991426484949442e-07
25335,waxer,27793,0.3655464289291796,8.576560048823012e-09
4346,waxes,572169,0.8911649804667936,6.754967472488715e-07
15856,wazir,59540,0.6029249724531703,5.888617252480799e-08
12080,wazoo,92888,0.6974857257337473,9.74292388655762e-09
8797,weald,162053,0.7797004908344185,1.5313284649209892e-08
2173,wears,2237421,0.9455824902333968,3.5188413630748984e-06
2546,weary,1632945,0.9362416107382551,4.551418046503386e-06
2307,weave,1965230,0.9422267855354102,2.239147106593009e-06
4226,webby,605178,0.8941700891515576,1.3141237200642309e-08
1440,weber,4692730,0.9639386957828309,5.3066925325140354e-08
17397,wecht,51439,0.5643343684263248,1.963254747661125e-09
14126,wedel,71929,0.6462486226585195,1.3703855687718924e-09
1792,wedge,3162851,0.9551237103075227,4.0798667168928655e-06
1975,weeds,2634421,0.9505409195632576,5.389302259573015e-06
8857,weedy,160228,0.7781979364920365,4.209253455655926e-07
17734,weeke,49698,0.5558950215366122,3.850480801759205e-08
209,weeks,73571749,0.9947661023740358,7.00289785163477e-05
7796,weems,200613,0.8047681057798257,1.4144688453843202e-09
16386,weeny,56479,0.5896524090954622,2.966814019345065e-08
6400,weeps,282891,0.8397275368125814,3.5918338426199625e-07
14843,weepy,66392,0.628293098267054,9.985588636851616e-08
30317,wefts,20506,0.24078433336672342,7.510810760891219e-08
1683,weigh,3587993,0.9578533506961835,5.308227946443367e-06
816,weird,11556427,0.9795652609436041,4.290832416700141e-06
8747,weirs,163720,0.7809526194530703,3.1869707186160666e-07
8167,weise,183705,0.79547731142943,8.597491101269838e-09
1837,welch,3031408,0.9539967945507363,2.3429429116816893e-08
5538,welds,366291,0.8613142341981368,1.365547333307404e-06
11029,welke,108810,0.7238054692978063,2.3087858815884488e-08
712,wells,14073676,0.9821696884703996,1.2877524650320993e-05
11048,welly,108557,0.7233296604227186,1.180464568317774e-08
1111,welsh,7346867,0.972177702093559,3.0912513615533046e-08
13728,welts,75287,0.6562155664629871,1.8135806470809257e-07
6091,wench,310447,0.847465691675849,3.9301710160088986e-07
24856,wends,28578,0.377541821095863,4.005509143922836e-08
16320,wenge,56834,0.5913052188720825,5.1629865072122526e-09
10393,wests,120920,0.739732545327056,5.567132634887173e-09
28245,wetly,23325,0.2926725433236502,6.994923175795976e-08
3831,whack,725891,0.9040619052389062,4.3326445222646723e-07
1250,whale,5928569,0.9686967845337073,3.798358407038904e-06
17331,whang,51697,0.565987178202945,1.5192242930339715e-08
9644,whare,138331,0.7584894320344586,5.9141043671218094e-08
2179,wharf,2226856,0.9454322347991586,1.5143133532546923e-06
29309,whata,21828,0.26602724631874186,1.0310333014018625e-08
1183,whats,6462263,0.9703746368827005,9.785143703311408e-08
16651,wheal,55009,0.5830161274166082,1.3941633596914474e-07
1003,wheat,8685589,0.9748822999098468,2.101111378578935e-05
485,wheel,25342937,0.9878543523990785,1.7429779436497484e-05
24950,wheen,28391,0.37518781929279776,9.0154826004607e-09
21773,whelk,35122,0.45474807172192727,5.707217745509753e-08
14298,whelp,70407,0.6419413002103576,9.13640725030973e-08
18095,whens,48116,0.546854652909947,1.757615375908017e-08
16,where,360468339,0.9995993188420315,0.0005988668883219
25973,whets,27039,0.3495692677551838,4.4090352631087634e-08
2,which,810514085,0.999949914855254,0.0024305603723041
6928,whiff,246582,0.8265050585996193,6.62177712911216e-07
8746,whigs,163720,0.7809776620254433,6.387892145909292e-08
49,while,226194991,0.9987729139537214,0.0003412718698382
5708,whims,347565,0.857056996894721,7.661204654141329e-07
3571,whine,832743,0.910572974055895,7.61116596663669e-07
7291,whiny,225341,0.8174146048282079,1.0722251374772899e-07
3462,whips,885594,0.9133026144445557,7.238815896926098e-07
4160,whirl,622629,0.8958228989281779,8.163607685673923e-07
26530,whirr,26124,0.33562055494340376,9.553207824808396e-08
16516,whish,55706,0.5863968746869679,2.0115500038997426e-08
4276,whisk,591308,0.892917960532906,9.05172532270626e-07
8757,whist,163310,0.7807021937293399,1.7725448131500348e-07
61,white,209863729,0.9984724030852449,0.0001374355674488
21884,whits,34854,0.4519683461885205,4.772638767525095e-09
10738,whizz,114054,0.7310928578583592,7.732729173426378e-08
182,whole,85202530,0.9954422518281077,0.0001769239048007
23185,whomp,31761,0.41938795953120306,1.5597153799618015e-08
5876,whoop,331753,0.8528498447360513,3.067964422598379e-07
29555,whoot,21476,0.25986677351497545,1.698524922516542e-09
1357,whore,5199489,0.9660172292897926,1.6198753235130425e-06
7016,whorl,241096,0.8243013122307924,7.746370181394013e-07
322,whose,43634263,0.991936291695883,0.0001384442925336
11188,whoso,106286,0.7198237002904938,1.3989573460548854e-07
26136,whump,26746,0.34548732845837926,2.912696071444288e-08
32944,whups,17599,0.1749974957427627,1.3147981989258815e-09
3185,wicca,1049446,0.9202394069918862,6.027619438020437e-09
4011,wicks,668862,0.89955424221176,1.8038948525145322e-07
31252,wicky,19391,0.21736952819793648,3.0899822345276102e-09
2992,widen,1178278,0.9250726234598818,1.911695312628581e-06
1041,wider,8186703,0.9739306821596715,2.016225756960921e-05
17809,wides,49358,0.5540168286086347,3.050618273547911e-08
1633,widow,3804620,0.9591054793148353,9.301247173425509e-06
487,width,25182453,0.9878042672543323,2.4220762152253884e-05
5131,wield,419233,0.8715065611539617,1.0254084145344678e-06
4384,wifes,563949,0.8902133627166182,2.4329923302701672e-08
8260,wifey,179979,0.7931483521987378,2.1319860916690915e-08
2522,wigan,1670281,0.9368426324752078,1.611326172490379e-09
15847,wiggy,59604,0.6031503556045277,5.440326928951577e-09
2201,wight,2190271,0.9448812982069518,1.4549375208616765e-07
4041,wikis,660621,0.898802965040569,1.0803719594096317e-07
4035,wilco,662169,0.8989532204748072,2.763099114511114e-09
5857,wilds,333381,0.853325653611139,4.371362109623078e-07
5715,wiles,347101,0.8568816988881098,3.1447223335590025e-07
25370,wilga,27754,0.3646699388961234,1.916496294440684e-09
1507,wills,4376548,0.9622608434338376,2.876586381717061e-06
2144,willy,2273954,0.9463087248322147,3.557252802011135e-07
6681,wilts,261805,0.8326905739757587,6.953805716136686e-08
8473,wimps,172107,0.7878142842832816,5.2763695828073055e-08
6737,wimpy,258895,0.8312881899228689,7.169004303975157e-08
3856,wince,717079,0.9034358409295803,4.714362273716688e-07
3232,winch,1016374,0.9190624060903536,7.896152646935662e-07
776,winds,12628386,0.9805669638385255,1.0561336857790593e-05
2216,windy,2162674,0.9445056596213564,1.0616788904371787e-06
21313,wined,36379,0.46626765501352296,6.738290721841624e-08
982,wines,8939582,0.9754081939296805,4.868538253504084e-06
24767,winey,28737,0.37977061003706303,1.0454902836798396e-08
24730,winge,28795,0.3806971852148653,2.903638438578326e-09
646,wings,16044458,0.98382249824702,1.239136512594996e-05
5110,winks,422977,0.8720324551737955,3.105348804410824e-07
36335,winna,14656,0.09007813282580386,2.2650765920673165e-08
18411,winns,46583,0.5389412000400681,3.5463726844042754e-10
22837,winos,32493,0.4281027747170189,4.853785021907697e-08
2675,wiped,1491628,0.9330111189021336,5.659924941028294e-06
2920,wiper,1242341,0.9268756886707402,3.839615516199047e-07
2807,wipes,1350866,0.9297054993488931,6.459121448187943e-07
1021,wired,8371548,0.9744315336071321,2.3063879825713228e-06
1328,wires,5401677,0.9667434638886107,6.703711369482334e-06
31076,wirra,19577,0.2217770209355905,1.8244922567189903e-09
25348,wised,27775,0.36522087548833015,3.3316471945710194e-08
3552,wiser,841127,0.9110487829309827,1.9045250451199537e-06
14738,wises,67266,0.6309225683662226,6.063339492712316e-09
30038,wisha,20861,0.24777121105879996,2.0868717709454642e-09
7957,wisps,193038,0.8007362516277672,4.0506771284754e-07
10462,wispy,119494,0.7380046078333167,3.224321343964221e-07
3641,wists,792363,0.9088199939897826,1.903763625077381e-09
27536,witan,24428,0.3104277271361314,1.6937623872337327e-08
1164,witch,6671560,0.9708504457577882,3.944023851545353e-06
14035,withe,72784,0.6485274967444656,5.112765467885083e-08
32977,withs,17564,0.17417109085445256,1.4862459849496192e-08
22902,withy,32365,0.42647500751277173,2.0493928953868592e-08
2455,witty,1753886,0.9385204848242011,1.8627680719873752e-06
1229,wives,6031432,0.969222678553541,1.1827609596366528e-05
5558,woken,364304,0.8608133827506762,8.458490836460442e-07
13093,wolds,81225,0.6721175999198638,1.88055872385462e-08
12596,wolfs,86742,0.6845637583892618,4.035770199806167e-08
32942,wolly,17600,0.17504758088750877,2.56493342121189e-09
215,woman,70613606,0.9946158469397977,0.0001275743184669
17414,wombs,51318,0.5639086446959831,1.415084852851578e-07
41,women,242520455,0.9989732545327056,0.0002461245917947
10593,womyn,117085,0.7347240308524492,2.1758181641962082e-08
17648,wonga,50161,0.5580486827606932,3.467225695441556e-09
10121,wonks,126261,0.7465441250125213,1.9431665885250026e-08
10138,wonky,125930,0.7461184012821797,4.8390307658685577e-08
689,woods,14647735,0.9827456676349795,1.1354080616001738e-05
1516,woody,4355633,0.9620354602824802,2.274196558573749e-06
10066,wooed,127627,0.7479214664930381,2.946189991348547e-07
12025,wools,93608,0.6988630672142643,1.821655509104403e-07
6767,wooly,256170,0.8305369127516778,9.631283589328633e-08
12898,woops,83280,0.6770009015326054,1.9814978757803915e-09
19139,woosh,43669,0.5207102073524993,6.5861488796059585e-09
14068,woozy,72439,0.6477010918561554,1.241786704397896e-07
170,words,90910143,0.9957427626965842,0.0001734528411179
8241,wordy,180947,0.7936241610738255,2.320152324841729e-07
158,works,98581698,0.9960432735650606,0.0001003229145135
12,world,431934249,0.9996994891315236,0.00032828798634
1585,worms,4027528,0.9603075227887409,3.2495222876605112e-06
18115,wormy,48023,0.5463538014624862,6.537897171199347e-08
752,worry,13243591,0.9811679855754784,2.0381686026667013e-05
656,worse,15677739,0.9835720725232896,2.839959561242722e-05
620,worst,16975343,0.9844736051287188,2.025770449108677e-05
296,worth,48075237,0.9925873985775819,4.837340144149493e-05
27427,worts,24619,0.3131573675247922,4.96679727746141e-08
6,would,572644147,0.9998497445657618,0.0014178042369894
1265,wound,5820050,0.9683211459481118,1.5326164593716385e-05
1537,woven,4248524,0.9615095662626465,4.831418564208434e-06
9906,wowed,131643,0.7519282780727237,5.667697289268858e-08
23623,wowee,30929,0.4084193128318141,1.0119787563489523e-09
14514,wrack,68820,0.6365321045777822,1.1566975317123253e-07
1912,wraps,2781569,0.9521186016227587,1.2152207091276069e-06
28239,wrapt,23332,0.2928227987578884,9.792809514408418e-08
2031,wrath,2486700,0.9491385355103676,3.837545391434105e-06
6038,wreak,316442,0.8487929480116198,4.615886894043797e-07
2047,wreck,2447935,0.9487378543523991,2.623910170314048e-06
7844,wrens,198351,0.8035660623059201,1.1965997956053798e-07
8124,wrest,185267,0.7965541420414705,5.042276154654246e-07
8043,wring,188579,0.7985825904036863,4.494821689604578e-07
1216,wrist,6143580,0.9695482319943904,6.343667778310192e-06
120,write,126645151,0.9969948913152359,6.486230246082414e-05
6701,writs,260366,0.8321897225282981,9.372061833801126e-07
292,wrong,49156828,0.992687568867074,6.068369075364899e-05
264,wrote,56421594,0.993388760893519,6.72906891850289e-05
12177,wroth,91544,0.6950565962135631,1.2895991943651097e-07
10384,wrung,121159,0.7399579284784134,6.410224074215875e-07
12002,wryly,93928,0.699439046378844,7.280358136085852e-07
12079,wurst,92889,0.6975107683061204,1.6811176983821953e-08
8209,wushu,181964,0.7944255233897626,1.4435682854085918e-08
17044,wussy,53062,0.5731743964740058,6.737205667517454e-09
16142,wuxia,57927,0.5957627967544826,1.2132772257630876e-08
33220,wyles,17342,0.16808574576780527,1.4113891699807367e-09
18796,wynns,44962,0.52929980967645,1.7307012961653712e-10
31869,xebec,18700,0.20191826104377442,6.086857549103542e-09
5660,xenia,353193,0.8582590403686267,2.0519511441108303e-08
2757,xenon,1400039,0.9309576279675448,8.875294798826872e-07
14159,xeric,71527,0.6454222177702094,1.3051456527080065e-07
1230,xerox,6022102,0.969197635981168,1.3757469950803626e-07
18480,xrays,46248,0.5372132625463287,3.935685139566658e-08
20289,xylan,39507,0.49191124912351,1.043863583305438e-07
9098,xylem,153110,0.7721626765501353,7.468771349294911e-07
15880,yabba,59426,0.6023239507162176,1.8563184750464143e-09
22010,yabby,34524,0.4488129820695182,6.0301112125848995e-09
1248,yacht,5932756,0.9687468696784534,1.952955876731721e-06
21610,yaffs,35604,0.45883001101873183,0.0
7849,yager,198064,0.8034408494440549,1.6388597912087021e-09
32574,yagis,17911,0.18426324752078532,2.507196495554752e-09
91,yahoo,155733641,0.9977211259140539,5.43819124132483e-08
33071,yaird,17487,0.17181708905138735,1.936512980527105e-09
34464,yangs,16205,0.13693278573575077,3.1556823631984086e-09
4526,yanks,531722,0.8866573174396474,1.1291106531530205e-07
33407,yappy,17161,0.16340278473404787,1.2412564389663316e-08
688,yards,14733347,0.9827707102073525,1.3145845314284087e-05
2956,yarns,1211638,0.9259741560653111,1.6143666209700314e-06
2298,yates,1980900,0.9424521686867675,7.590718307248778e-09
11606,yawns,99793,0.7093559050385656,1.861603816166735e-07
6913,yeahs,247417,0.8268806971852148,8.897239687222226e-09
6199,yearn,300957,0.8447610938595612,5.861570082288381e-07
19,years,337841309,0.9995241911249123,0.0005703521595569
1224,yeast,6083904,0.9693478914154062,6.137015079730191e-06
17478,yeesh,50965,0.562305920064109,6.633860125115909e-10
5202,yells,407816,0.8697285385154763,8.663437245104433e-07
20101,yelps,40144,0.4966192527296404,9.973592518974785e-08
15569,yenta,61349,0.6101121907242312,6.853808773854553e-09
5077,yerba,427538,0.8728588600621056,5.524138654067201e-08
673,yield,15022494,0.983146348792948,5.105908967379946e-05
3999,yikes,672164,0.8998547530802364,9.520683307423506e-09
24097,yipes,29997,0.3965491335269959,1.046471046206587e-09
28592,yippy,22796,0.28398277071020733,3.313943734983837e-09
19422,yobbo,42684,0.5136231593709306,4.208793942250821e-09
13837,yodel,74408,0.6534859260743263,4.4298381673968376e-08
24413,yogas,29407,0.3886356806571171,4.3173192239009954e-08
9619,yogic,139187,0.7591154963437844,2.333745101168461e-07
11248,yogis,105107,0.7183211459481118,1.399947544200586e-07
14180,yoked,71366,0.6448963237503756,2.874981308309544e-07
16219,yokel,57410,0.593834518681759,5.023119676650368e-08
9713,yokes,136612,0.7567614945407192,2.0199271773435613e-07
6006,yolks,318800,0.8495943103275568,7.609416263676394e-07
35662,yonks,15177,0.10693178403285586,6.142639128181582e-09
5040,yorks,434368,0.8737854352399078,1.545386907331192e-09
108,young,136341684,0.9972954021837123,0.000151638490206
549,yours,20672809,0.9862516277672042,1.3207297615736023e-05
11331,youse,103842,0.71624261244115,7.67314723404411e-08
282,youth,51426255,0.9929379945908043,3.577077688532881e-05
20713,yowie,38079,0.4812931984373435,1.295105667015184e-09
22341,yowza,33661,0.4405238906140439,6.726444939236798e-10
3602,yucca,812282,0.9097966543123309,1.980019908387476e-07
9054,yucky,154277,0.7732645497345487,5.1012723025767314e-08
30228,yukky,20614,0.24301312230792346,4.384839780713356e-09
6111,yukos,308917,0.8469648402283882,2.1400221379697104e-10
30507,yulan,20249,0.23602624461584695,3.694237672435818e-09
2562,yummy,1609762,0.9358409295802865,1.758152212971709e-07
27248,yuppy,24901,0.3176399879795653,6.0469845127031354e-09
17782,yurts,49475,0.5546929780627066,4.542423997833112e-08
4929,zacks,451312,0.8765651607733146,3.970321726942672e-10
29811,zaida,21138,0.25345587498747874,4.71237347129949e-10
2222,zaire,2154891,0.944355404187118,1.5597005698086974e-08
9300,zakat,147546,0.7671040769307823,1.339211805628793e-07
7046,zaman,239727,0.8235500350596013,3.721870658779381e-08
35493,zambo,15316,0.11116397876389862,6.783702874990638e-09
29931,zamia,20993,0.2504507663027146,2.26013587178997e-09
4995,zante,440514,0.8749123509966944,8.978698599892973e-10
20801,zappy,37801,0.4790894520685165,2.4441678203590556e-09
13078,zazen,81391,0.6724932385054593,9.97846697714522e-08
1873,zebra,2902469,0.953095261945307,6.835005632410685e-07
21045,zendo,37102,0.47297906440949616,1.4530557477243632e-08
2976,zeros,1194886,0.9254733046178504,1.794678805708827e-06
7601,zesty,210124,0.8096514073925674,7.402563994673983e-08
27547,zetas,24414,0.31015225884002806,1.2387315750927995e-09
10611,zilch,116722,0.7342732645497345,4.2131931179412164e-08
6082,zilla,311318,0.8476910748272063,4.0572057375953816e-08
19128,zinco,43694,0.5209856756486027,2.831455885310418e-09
3250,zines,1006514,0.9186116397876389,1.008539179636614e-07
7969,zingy,192302,0.8004357407592908,1.6704431242686722e-08
37776,zinke,13668,0.053991786036261646,2.594833482111314e-10
3083,zippo,1103856,0.9227937493739357,5.779359526503214e-09
4924,zippy,452440,0.8766903736351798,3.278086552427339e-08
3986,zloty,676066,0.9001803065210858,1.080389238694579e-07
15052,zombi,64988,0.6230592006410899,1.0577348077411841e-08
4498,zonal,536783,0.8873585094660924,1.3255511345278138e-06
22277,zonda,33819,0.44212661524591806,1.476286156654183e-09
3376,zoned,923678,0.9154562756686366,9.254088411125848e-07
18404,zoner,46617,0.5391164980466794,1.790358307163231e-09
920,zones,9719114,0.9769608334168086,1.847852892751689e-05
11419,zooey,102570,0.7140388660723229,4.976383506660742e-10
5440,zooms,377094,0.8637684062906942,1.709220300938341e-07
3266,zorro,994277,0.9182109586296704,7.472819878451276e-09
15175,zowie,64098,0.6199789642392066,2.930426887814974e-09
16429,zulus,56246,0.5885755784834218,7.861188244806525e-10
15986,zupan,58811,0.599669438044676,2.436432129382382e-09
21382,zuppa,36160,0.4645397175197836,1.2033518537180044e-08
35506,zygon,15300,0.11083842532304919,1.448293228678565e-09
27725,zymes,24137,0.305694680957628,1.3592401835182957e-08
23853,zymic,30459,0.4026595211860162,4.625087232645875e-10
